codigo_dane,departamento,municipio,n_barequeros
05004,ANTIOQUIA,ABRIAQUÍ,14
05031,ANTIOQUIA,AMALFI,101
05040,ANTIOQUIA,ANORÍ,33
05042,ANTIOQUIA,SANTA FE DE ANTIOQUIA,7
05044,ANTIOQUIA,ANZÁ,5
05079,ANTIOQUIA,BARBOSA,6
05113,ANTIOQUIA,BURITICÁ,1
05120,ANTIOQUIA,CÁCERES,155
05138,ANTIOQUIA,CAÑASGORDAS,827
05142,ANTIOQUIA,CARACOLÍ,8
05154,ANTIOQUIA,CAUCASIA,29209
05190,ANTIOQUIA,CISNEROS,2
05234,ANTIOQUIA,DABEIBA,529
05250,ANTIOQUIA,EL BAGRE,626
05282,ANTIOQUIA,FREDONIA,9
05308,ANTIOQUIA,GIRARDOTA,2
05390,ANTIOQUIA,LA PINTADA,48
05425,ANTIOQUIA,MACEO,2
05480,ANTIOQUIA,MUTATÁ,681
05495,ANTIOQUIA,NECHÍ,82
05579,ANTIOQUIA,PUERTO BERRÍO,4
05585,ANTIOQUIA,PUERTO NARE,231
05604,ANTIOQUIA,REMEDIOS,1878
05628,ANTIOQUIA,SABANALARGA,22
05642,ANTIOQUIA,SALGAR,7
05660,ANTIOQUIA,SAN LUIS,5
05667,ANTIOQUIA,SAN RAFAEL,136
05670,ANTIOQUIA,SAN ROQUE,1
05686,ANTIOQUIA,SANTA ROSA DE OSOS,8
05690,ANTIOQUIA,SANTO DOMINGO,4
05736,ANTIOQUIA,SEGOVIA,154
05790,ANTIOQUIA,TARAZÁ,12
05842,ANTIOQUIA,URAMITA,48
05854,ANTIOQUIA,VALDIVIA,20
05861,ANTIOQUIA,VENECIA,2
05885,ANTIOQUIA,YALÍ,300
05887,ANTIOQUIA,YARUMAL,31
05890,ANTIOQUIA,YOLOMBÓ,5
05895,ANTIOQUIA,ZARAGOZA,5
13006,BOLIVAR,ACHÍ,1992
13074,BOLIVAR,BARRANCO DE LOBA,1516
13300,BOLIVAR,HATILLO DE LOBA,2
13473,BOLIVAR,MORALES,15
13490,BOLIVAR,NOROSI,76
13667,BOLIVAR,SAN MARTIN DE LOBA,440
13670,BOLIVAR,SAN PABLO,20
13744,BOLIVAR,SIMITÍ,1
13810,BOLIVAR,TIQUISIO (Puerto Rico),1
15442,BOYACA,MARIPÍ,1
15580,BOYACA,QUÍPAMA,5
15681,BOYACA,SAN PABLO DE BORBUR,1
17001,CALDAS,MANIZALES,3
17380,CALDAS,LA DORADA,78
17442,CALDAS,MARMATO,200
17495,CALDAS,NORCASIA,1
17614,CALDAS,RIOSUCIO,4
17662,CALDAS,SAMANÁ,8
17777,CALDAS,SUPIA,26
17867,CALDAS,VICTORIA,23
17997,CALDAS,NORCASIA,1
18753,CAQUETA,SAN VICENTE DEL CAGUÁN,1
19100,CAUCA,BOLÍVAR,1
19110,CAUCA,BUENOS AIRES,53
19142,CAUCA,CALOTO,3
19256,CAUCA,EL TAMBO,63
19318,CAUCA,GUAPI,28
19418,CAUCA,LÓPEZ,45
19450,CAUCA,MERCADERES,32
19532,CAUCA,PATÍA (El Bordo),52
19533,CAUCA,PIAMONTE,17
19622,CAUCA,ROSAS,6
19698,CAUCA,SANTANDER DE QUILICHAO,17
19701,CAUCA,SANTA ROSA,9
19743,CAUCA,SILVIA,1
19809,CAUCA,TIMBIQUÍ,41
19845,CAUCA,VILLA RICA,3
23682,CORDOBA,SAN JOSE DE URE,4716
27001,CHOCO,QUIBDÓ,184
27050,CHOCO,ATRATO (Yuto),609
27073,CHOCO,BAGADÓ,28
27075,CHOCO,BAHÍA SOLANO (Mutis),5
27086,CHOCO,BELEN DE BAJIRA,995
27135,CHOCO,EL CANTÓN DEL SAN PABLO (Managrú),1623
27160,CHOCO,CÉRTEGUI,1519
27205,CHOCO,CONDOTO,180
27361,CHOCO,ISTMINA,224
27413,CHOCO,LLORÓ,8077
27425,CHOCO,MEDIO ATRATO (Beté),3
27450,CHOCO,MEDIO SAN JUAN (Andagoya),2955
27491,CHOCO,NÓVITA,12
27580,CHOCO,RIO IRÓ (Santa Rita),9
27600,CHOCO,RIO QUITO (Paimadó),1
27745,CHOCO,SIPÍ,26
27787,CHOCO,TADÓ,46
27800,CHOCO,UNGUÍA,7
27810,CHOCO,UNIÓN PANAMERICANA ( Animas),9386
41001,HUILA,NEIVA,38
41016,HUILA,AIPE,21
41298,HUILA,GARZÓN,12
41349,HUILA,HOBO,15
41524,HUILA,PALERMO,46
41791,HUILA,TARQUI,10
41797,HUILA,TESALIA,12
41801,HUILA,TERUEL,1
41885,HUILA,YAGUARÁ,10
50001,META,VILLAVICENCIO,1
50223,META,CUBARRAL,44
50270,META,EL DORADO,12
50330,META,MESETAS,29
52079,NARIÑO,BARBACOAS,726
52250,NARIÑO,EL CHARCO,46
52385,NARIÑO,LA LLANADA,116
52390,NARIÑO,LA TOLA,56
52418,NARIÑO,LOS ANDES (Sotomayor),19
52427,NARIÑO,MAGÜÍ (Payán),178
52435,NARIÑO,MALLAMA (Piedrancha),21
52540,NARIÑO,POLICARPA,34
52612,NARIÑO,RICAURTE,1
52678,NARIÑO,SAMANIEGO,22
52696,NARIÑO,SANTA BÁRBARA (Iscuandé),281
52699,NARIÑO,SANTA CRUZ (Guachavés),74
63111,QUINDIO,BUENAVISTA,8
63130,QUINDIO,CALARCÁ,18
63401,QUINDIO,LA TEBAIDA,2
66001,RISARALDA,PEREIRA,17
66088,RISARALDA,BELÉN DE UMBRÍA,6
66440,RISARALDA,MARSELLA,17
66456,RISARALDA,MISTRATÓ,9
66572,RISARALDA,PUEBLO RICO,23
66594,RISARALDA,QUINCHÍA,83
66682,RISARALDA,SANTA ROSA DE CABAL,7
66687,RISARALDA,SANTUARIO,12
68132,SANTANDER,CALIFORNIA,93
68176,SANTANDER,CHIMA,1
68406,SANTANDER,LEBRIJA,14
68615,SANTANDER,RIONEGRO,1
68655,SANTANDER,SABANA DE TORRES,82
68780,SANTANDER,SURATÁ,7
68867,SANTANDER,VETAS,36
70771,SUCRE,SUCRE,606
73001,TOLIMA,IBAGUÉ,46
73026,TOLIMA,ALVARADO,3
73030,TOLIMA,AMBALEMA,3
73067,TOLIMA,ATACO,8
73124,TOLIMA,CAJAMARCA,17
73168,TOLIMA,CHAPARRAL,12
73217,TOLIMA,COYAIMA,45
73270,TOLIMA,FALAN,1
73411,TOLIMA,LÍBANO,15
73443,TOLIMA,MARIQUITA,4
73504,TOLIMA,ORTEGA,4
73624,TOLIMA,ROVIRA,5
73671,TOLIMA,SALDAÑA,3
73678,TOLIMA,SAN LUIS,4
73854,TOLIMA,VALLE DE SAN JUAN,4
73861,TOLIMA,VENADILLO,20
76041,VALLE,ANSERMANUEVO,1
76109,VALLE,BUENAVENTURA,225
76111,VALLE,BUGA,8
76233,VALLE,DAGUA,4
76306,VALLE,GINEBRA,5
76364,VALLE,JAMUNDÍ,19
76616,VALLE,RIOFRÍO,5
86001,PUTUMAYO,MOCOA,1
86219,PUTUMAYO,COLÓN,29
86320,PUTUMAYO,ORITO,3
86571,PUTUMAYO,PUERTO GUZMÁN,2
86749,PUTUMAYO,SIBUNDOY,1
86885,PUTUMAYO,VILLAGARZÓN,3
94001,GUAINIA,INÍRIDA,1
95001,GUAVIARE,SAN JOSÉ DEL GUAVIARE,19
97161,VAUPES,CARURÚ,1
99001,VICHADA,PUERTO CARREÑO,13
99773,VICHADA,CUMARIBO,1
