"numero_radicado","nombre_persona","mineral","estado_solicitud"
"RUCOM-2025123133728","CANTERA VILLA PAULA SAS","GRAVAS NATURALES","Certificado"
"RUCOM-2025123133728","CANTERA VILLA PAULA SAS","RECEBO (MIG)","Certificado"
"RUCOM-2025123133728","CANTERA VILLA PAULA SAS","GRAVAS (EXCEPTO SILÍCEAS)","Certificado"
"RUCOM-2025102833093","ARIDOS Y RECICLADOS CANTARRANA SAS","GRAVILLA (MIG)","Certificado"
"RUCOM-2025091132498","CONCRETOS ARGOS S.A.S","CALIZA TRITURADA O MOLIDA","Certificado"
"RUCOM-2025102833093","ARIDOS Y RECICLADOS CANTARRANA SAS","ARENAS Y GRAVAS NATURALES Y SILICEAS","Certificado"
"RUCOM-2025102833093","ARIDOS Y RECICLADOS CANTARRANA SAS","ARENAS Y GRAVAS SILICEAS","Certificado"
"RUCOM-2025101732953","PRODIMEC SAS","RECEBO (MIG)","Certificado"
"RUCOM-2019020813686","AGREBASES SAS","GRAVAS NATURALES","Certificado"
"RUCOM-2025070631509","MATERIALES EL VAINILLO S.A.S.","ARENAS Y GRAVAS NATURALES Y SILICEAS","Certificado"
"RUCOM-2020060316684","ANTIOQUIA GOLD LTD.","MINERALES DE ORO Y SUS CONCENTRADOS","Certificado"
"RUCOM-2025102833093","ARIDOS Y RECICLADOS CANTARRANA SAS","GRAVAS NATURALES","Certificado"
"RUCOM-2020072117019","MASSEQ PROYECTOS E INGENIERIA S.A.S.","RECEBO (MIG)","Certificado"
"RUCOM-2025063031437","COLTRAN S.A.S.","GRAVAS NATURALES","Certificado"
"RUCOM-2025063031437","COLTRAN S.A.S.","ARENAS Y GRAVAS NATURALES Y SILICEAS","Certificado"
"RUCOM-2025063031437","COLTRAN S.A.S.","ARENAS Y GRAVAS SILÍCEAS ELABORADAS (TRITURADAS, MOLIDAS O PULVERIZADAS)","Certificado"
"RUCOM-2025090432381","CMG DISTRIBUIDORA SAS","CARBÓN MINERAL TRITURADO O MOLIDO","Certificado"
"RUCOM-2020072117019","MASSEQ PROYECTOS E INGENIERIA S.A.S.","GRAVILLA (MIG)","Certificado"
"RUCOM-2025102833093","ARIDOS Y RECICLADOS CANTARRANA SAS","ARENAS Y GRAVAS SILÍCEAS ELABORADAS (TRITURADAS, MOLIDAS O PULVERIZADAS)","Certificado"
"RUCOM-2025090432381","CMG DISTRIBUIDORA SAS","CARBÓN COQUIZABLE O METALURGICO","Certificado"
"RUCOM-2025091132498","CONCRETOS ARGOS S.A.S","ARENAS Y GRAVAS NATURALES Y SILICEAS","Certificado"
"RUCOM-2020072117019","MASSEQ PROYECTOS E INGENIERIA S.A.S.","ARENAS Y GRAVAS SILÍCEAS ELABORADAS (TRITURADAS, MOLIDAS O PULVERIZADAS)","Certificado"
"RUCOM-2025063031437","COLTRAN S.A.S.","GRAVILLA (MIG)","Certificado"
"RUCOM-2025091132498","CONCRETOS ARGOS S.A.S","GRAVAS NATURALES","Certificado"
"RUCOM-2025090432381","CMG DISTRIBUIDORA SAS","MINERALES DE ESTAÑO Y SUS CONCENTRADOS","Certificado"
"RUCOM-2025091132498","CONCRETOS ARGOS S.A.S","MATERIALES DE CONSTRUCCIÓN","Certificado"
"RUCOM-2025052130929","FENIX ENTERPRISE SAS","ARENAS Y GRAVAS NATURALES Y SILICEAS","Certificado"
"RUCOM-2025091132498","CONCRETOS ARGOS S.A.S","CONGLOMERADO (ROCA O PIEDRA)","Certificado"
"RUCOM-2021071219375","LUIS ALFONSO LIZARAZO MEDINA","ARENAS Y GRAVAS NATURALES Y SILICEAS","Certificado"
"RUCOM-2025073031774","ARCILLAS PRENSADAS DEL HUILA S.A.S","MATERIALES DE CONSTRUCCIÓN","Certificado"
"RUCOM-2021071219375","LUIS ALFONSO LIZARAZO MEDINA","MATERIALES DE CONSTRUCCIÓN","Certificado"
"RUCOM-2025052130929","FENIX ENTERPRISE SAS","CALIZA TRITURADA O MOLIDA","Certificado"
"RUCOM-2025073031774","ARCILLAS PRENSADAS DEL HUILA S.A.S","ARCILLA COMUN (CERAMICAS, FERRUGINOSAS, MISCELANEAS)","Certificado"
"RUCOM-2025082932287","CONSTRUCTORA EYJ SAS","CONGLOMERADOS, ARENISCAS, CANTOS, GRAVAS, MACADAN; MACADAN ALQUITRANADO; GRAVILLA, LASCA Y POLVOS DE ROCA O PIEDRA, INCLUSO LOS DE LAS PIEDRAS DE LAS CLASES 1512 Y 1513 (EXCEPTO LOS DE LA SUBCLASE 37690), Y DEMAS ROCAS TRITURADAS O NO PARA CONSTRUCCIÓN","Certificado"
"RUCOM-2025082932287","CONSTRUCTORA EYJ SAS","RECEBO (MIG)","Certificado"
"RUCOM-2025082932287","CONSTRUCTORA EYJ SAS","OTRAS ROCAS O PIEDRAS TRITURADAS PARA CONSTRUCCIÓN NCP","Certificado"
"RUCOM-2025082932287","CONSTRUCTORA EYJ SAS","MATERIALES DE CONSTRUCCIÓN","Certificado"
"RUCOM-2025082932287","CONSTRUCTORA EYJ SAS","ARENAS Y GRAVAS SILÍCEAS ELABORADAS (TRITURADAS, MOLIDAS O PULVERIZADAS)","Certificado"
"RUCOM-2025052130929","FENIX ENTERPRISE SAS","ROCAS O PIEDRAS CALIZAS DE TALLA O DE CONSTRUCCIÓN NCP","Certificado"
"RUCOM-2021071219375","LUIS ALFONSO LIZARAZO MEDINA","ROCA O PIEDRA CALIZA EN BLOQUES","Certificado"
"RUCOM-2025073031774","ARCILLAS PRENSADAS DEL HUILA S.A.S","CARBON TERMICO","Certificado"
"RUCOM-2025052130929","FENIX ENTERPRISE SAS","ROCA O PIEDRA CALIZA EN BRUTO","Certificado"
"RUCOM-2021071219375","LUIS ALFONSO LIZARAZO MEDINA","CONGLOMERADO (ROCA O PIEDRA)","Certificado"
"RUCOM-2021071219375","LUIS ALFONSO LIZARAZO MEDINA","RECEBO (MIG)","Certificado"
"RUCOM-2025052130929","FENIX ENTERPRISE SAS","MATERIALES DE CONSTRUCCIÓN","Certificado"
"RUCOM-2025081232036","GOLIAT S.A.S.","CARBON TERMICO","Certificado"
"RUCOM-2019020813686","AGREBASES SAS","RECEBO (MIG)","Certificado"
"RUCOM-2020072117019","MASSEQ PROYECTOS E INGENIERIA S.A.S.","ARENAS Y GRAVAS NATURALES Y SILICEAS","Certificado"
"RUCOM-2025070331479","FOUR POINTS MINING S.A.S.","MINERALES PRECIOSOS NCP","Certificado"
"RUCOM-2025081232036","GOLIAT S.A.S.","MATERIALES DE CONSTRUCCIÓN","Certificado"
"RUCOM-2026052635405","TEJAR ARCILLAS DEL ROSARIO S.A.S.","ARCILLAS (EXCEPTO ARCILLAS DILATADAS)","Certificado"
"RUCOM-2026052635405","TEJAR ARCILLAS DEL ROSARIO S.A.S.","CARBON TERMICO","Certificado"
"RUCOM-2020072117019","MASSEQ PROYECTOS E INGENIERIA S.A.S.","MATERIALES DE CONSTRUCCIÓN","Certificado"
"RUCOM-2025062031368","PAVIMENTOS DE URABA MEZCLAS Y AGREGADOS S.A.S","ARENISCAS (MIG)","Certificado"
"RUCOM-2025062031368","PAVIMENTOS DE URABA MEZCLAS Y AGREGADOS S.A.S","ARENAS Y GRAVAS NATURALES Y SILICEAS","Certificado"
"RUCOM-2025062031368","PAVIMENTOS DE URABA MEZCLAS Y AGREGADOS S.A.S","ARENAS Y GRAVAS SILICEAS","Certificado"
"RUCOM-2025062031368","PAVIMENTOS DE URABA MEZCLAS Y AGREGADOS S.A.S","ARENAS Y GRAVAS SILÍCEAS ELABORADAS (TRITURADAS, MOLIDAS O PULVERIZADAS)","Certificado"
"RUCOM-2025062031368","PAVIMENTOS DE URABA MEZCLAS Y AGREGADOS S.A.S","ARENAS ARCILLOSAS","Certificado"
"RUCOM-2026052735451","COLVEMIN COMPANY S.A.S.","MINERALES DE ORO Y SUS CONCENTRADOS","Certificado"
"RUCOM-2025053031130",".AGREGADOS SAHARA S.A.S.","GRAVILLA (MIG)","Certificado"
"RUCOM-2025053031130",".AGREGADOS SAHARA S.A.S.","RECEBO (MIG)","Certificado"
"RUCOM-2025053031130",".AGREGADOS SAHARA S.A.S.","OTRAS ROCAS O PIEDRAS TRITURADAS PARA CONSTRUCCIÓN NCP","Certificado"
"RUCOM-2025053031130",".AGREGADOS SAHARA S.A.S.","MATERIALES DE CONSTRUCCIÓN","Certificado"
"RUCOM-2026030534249","ARENAS Y MINERALES DE LA SABANA S.A.S","ARENAS Y GRAVAS SILÍCEAS ELABORADAS (TRITURADAS, MOLIDAS O PULVERIZADAS)","Certificado"
"RUCOM-2025053031130",".AGREGADOS SAHARA S.A.S.","CONGLOMERADOS, ARENISCAS, CANTOS, GRAVAS, MACADAN; MACADAN ALQUITRANADO; GRAVILLA, LASCA Y POLVOS DE ROCA O PIEDRA, INCLUSO LOS DE LAS PIEDRAS DE LAS CLASES 1512 Y 1513 (EXCEPTO LOS DE LA SUBCLASE 37690), Y DEMAS ROCAS TRITURADAS O NO PARA CONSTRUCCIÓN","Certificado"
"RUCOM-2026052735432","INVERSIONES 5980 S.A.S.","MINERALES DE ORO Y SUS CONCENTRADOS","Certificado"
"RUCOM-2026061836070","JULIO ERNESTO AGUDELO GUEVARA","ARENAS Y GRAVAS NATURALES Y SILICEAS","Certificado"
"RUCOM-2026030534249","ARENAS Y MINERALES DE LA SABANA S.A.S","ARENAS Y GRAVAS NATURALES Y SILICEAS","Certificado"
"RUCOM-2025100132783","LEONEL HERNAN ROSERO IBARRA","MATERIALES DE CONSTRUCCIÓN","Certificado"
"RUCOM-2026061836070","JULIO ERNESTO AGUDELO GUEVARA","ARENAS Y GRAVAS SILICEAS","Certificado"
"RUCOM-2026052735451","COLVEMIN COMPANY S.A.S.","MINERALES DE METALES PRECIOSOS Y SUS CONCENTRADOS","Certificado"
"RUCOM-2026061636020","COLOMBIA MINERALES INDUSTRIALES S.A.S","ARENAS INDUSTRIALES (MIG)","Certificado"
"RUCOM-2018053012181","PIEDRAS Y GRAVAS S.A.S","ROCA O PIEDRA CALIZA EN BRUTO","Certificado"
"RUCOM-2026061636020","COLOMBIA MINERALES INDUSTRIALES S.A.S","ARENAS Y GRAVAS SILICEAS","Certificado"
"RUCOM-2025041030578","MINERALES PRODEKA S.A.S","CALIZA TRITURADA O MOLIDA","Certificado"
"RUCOM-2026063036217","INDUSTRIAL CONCONCRETO S.A.S.","GRAVAS NATURALES","Certificado"
"RUCOM-2026063036217","INDUSTRIAL CONCONCRETO S.A.S.","ARENAS Y GRAVAS NATURALES Y SILICEAS","Certificado"
"RUCOM-2026052735451","COLVEMIN COMPANY S.A.S.","MINERALES DE ORO Y PLATINO, Y SUS CONCENTRADOS","Certificado"
"RUCOM-2026063036217","INDUSTRIAL CONCONCRETO S.A.S.","MATERIALES DE CONSTRUCCIÓN","Certificado"
"RUCOM-2025040330506","GREGORIO MARULANDA BRITO","ARENAS Y GRAVAS NATURALES Y SILICEAS","Certificado"
"RUCOM-2025040330506","GREGORIO MARULANDA BRITO","ARENAS Y GRAVAS SILÍCEAS ELABORADAS (TRITURADAS, MOLIDAS O PULVERIZADAS)","Certificado"
"RUCOM-2018053012181","PIEDRAS Y GRAVAS S.A.S","GRAVILLA (MIG)","Certificado"
"RUCOM-2026052635405","TEJAR ARCILLAS DEL ROSARIO S.A.S.","ARENAS ARCILLOSAS","Certificado"
"RUCOM-2025041030578","MINERALES PRODEKA S.A.S","MARMOL Y OTRAS ROCAS METAMÓRFICAS; ROCAS O PIEDRAS CALIZAS DE TALLA Y DE CONSTRUCCIÓN","Certificado"
"RUCOM-2024102129288","GRAVILLERA ALBANIA S.A.","RECEBO (MIG)","Certificado"
"RUCOM-2024102129288","GRAVILLERA ALBANIA S.A.","MATERIALES DE CONSTRUCCIÓN","Certificado"
"RUCOM-2024102129288","GRAVILLERA ALBANIA S.A.","ARENAS INDUSTRIALES (MIG)","Certificado"
"RUCOM-2024102129288","GRAVILLERA ALBANIA S.A.","GRAVILLA (MIG)","Certificado"
"RUCOM-2026061836077","JAIME DE JESUS   GONZALEZ RIOS","ARENAS Y GRAVAS SILÍCEAS ELABORADAS (TRITURADAS, MOLIDAS O PULVERIZADAS)","Certificado"
"RUCOM-2026061836077","JAIME DE JESUS   GONZALEZ RIOS","ARENAS INDUSTRIALES (MIG)","Certificado"
"RUCOM-2026061836077","JAIME DE JESUS   GONZALEZ RIOS","MATERIALES DE CONSTRUCCIÓN","Certificado"
"RUCOM-2026030534249","ARENAS Y MINERALES DE LA SABANA S.A.S","ARENAS Y GRAVAS SILICEAS","Certificado"
"RUCOM-2024092529028","PRODECALES S.A.S EN REORGANIZACION","FUNDENTE DE ROCA O PIEDRA CALIZA; Y OTRAS PIEDRAS O ROCAS CALCAREAS DEL TIPO UTILIZADO HABITUALMENTE PARA LA FABRICACIÓN DE CAL O CEMENTO","Certificado"
"RUCOM-2024092529028","PRODECALES S.A.S EN REORGANIZACION","ANTRACITAS","Certificado"
"RUCOM-2026052735432","INVERSIONES 5980 S.A.S.","MINERALES DE PLATA Y SUS CONCENTRADOS","Certificado"
"RUCOM-2026061836077","JAIME DE JESUS   GONZALEZ RIOS","ROCA O PIEDRA CALIZA EN BRUTO","Certificado"
"RUCOM-2026061836077","JAIME DE JESUS   GONZALEZ RIOS","ARENAS Y GRAVAS SILICEAS","Certificado"
"RUCOM-2026070236278","FAIS CONSTRUCCIONES SAS","GRAVILLA (MIG)","Certificado"
"RUCOM-2026070236278","FAIS CONSTRUCCIONES SAS","OTRAS ROCAS O PIEDRAS TRITURADAS PARA CONSTRUCCIÓN NCP","Certificado"
"RUCOM-2025091532546","FRANCOAL SAS","CARBÓN COQUIZABLE O METALURGICO","Certificado"
"RUCOM-2026070236278","FAIS CONSTRUCCIONES SAS","RECEBO (MIG)","Certificado"
"RUCOM-2026070236278","FAIS CONSTRUCCIONES SAS","CONGLOMERADOS, ARENISCAS, CANTOS, GRAVAS, MACADAN; MACADAN ALQUITRANADO; GRAVILLA, LASCA Y POLVOS DE ROCA O PIEDRA, INCLUSO LOS DE LAS PIEDRAS DE LAS CLASES 1512 Y 1513 (EXCEPTO LOS DE LA SUBCLASE 37690), Y DEMAS ROCAS TRITURADAS O NO PARA CONSTRUCCIÓN","Certificado"
"RUCOM-2026070236278","FAIS CONSTRUCCIONES SAS","GRANITO, BASALTO, PÓRFIDO Y OTRAS PIEDRAS DE TALLA O DE CONSTRUCCIÓN, EN BRUTO","Certificado"
"RUCOM-2026070636318","CARBOMAQUINAS DEL ORIENTE SAS","CARBON TERMICO","Certificado"
"RUCOM-2026070636318","CARBOMAQUINAS DEL ORIENTE SAS","CARBÓN COQUIZABLE O METALURGICO","Certificado"
"RUCOM-2026070636318","CARBOMAQUINAS DEL ORIENTE SAS","CARBÓN MINERAL TRITURADO O MOLIDO","Certificado"
"RUCOM-2026070236270","ARIS MINING SEGOVIA","MINERALES DE PLATA Y SUS CONCENTRADOS","Certificado"
"RUCOM-2026070936359","ARIS MINING MARMATO S.A.S.","MINERALES DE ORO Y SUS CONCENTRADOS","Certificado"
"RUCOM-2026070236270","ARIS MINING SEGOVIA","MINERALES DE PLOMO Y SUS CONCENTRADOS","Certificado"
"RUCOM-2026061636019","GRAVACOL INGENIERIA S.A.S ZOMAC","MATERIALES DE CONSTRUCCIÓN","Certificado"
"RUCOM-2026070236270","ARIS MINING SEGOVIA","MINERALES DE ORO Y SUS CONCENTRADOS","Certificado"
"RUCOM-2026070236270","ARIS MINING SEGOVIA","MINERALES DE ZINC Y SUS CONCENTRADOS","Certificado"
"RUCOM-2024081928544","ECOMINEX S.A.S","ARENAS Y GRAVAS SILÍCEAS ELABORADAS (TRITURADAS, MOLIDAS O PULVERIZADAS)","Certificado"
"RUCOM-2024081928544","ECOMINEX S.A.S","ARENAS Y GRAVAS SILICEAS","Certificado"
"RUCOM-2024081928544","ECOMINEX S.A.S","ARENAS Y GRAVAS NATURALES Y SILICEAS","Certificado"
"RUCOM-2024080328279","AGREGADOS EL RODEO SAS - EN REORGANIZACION","ARENAS Y GRAVAS NATURALES Y SILICEAS","Certificado"
"RUCOM-2024080328279","AGREGADOS EL RODEO SAS - EN REORGANIZACION","ARENAS Y GRAVAS SILICEAS","Certificado"
"RUCOM-2024080328279","AGREGADOS EL RODEO SAS - EN REORGANIZACION","ARENAS Y GRAVAS SILÍCEAS ELABORADAS (TRITURADAS, MOLIDAS O PULVERIZADAS)","Certificado"
"RUCOM-2024080328279","AGREGADOS EL RODEO SAS - EN REORGANIZACION","GRAVAS NATURALES","Certificado"
"RUCOM-2024080328279","AGREGADOS EL RODEO SAS - EN REORGANIZACION","GRAVAS (EXCEPTO SILÍCEAS)","Certificado"
"RUCOM-2024072627988","CANTERA VILLA PAULA SAS","RECEBO (MIG)","Certificado"
"RUCOM-2024072627988","CANTERA VILLA PAULA SAS","GRAVAS NATURALES","Certificado"
"RUCOM-2024072627988","CANTERA VILLA PAULA SAS","GRAVAS (EXCEPTO SILÍCEAS)","Certificado"
"RUCOM-2026061636019","GRAVACOL INGENIERIA S.A.S ZOMAC","TRITURADO DE MARMOL EN ESTADO NATURAL","Certificado"
"RUCOM-2025041030578","MINERALES PRODEKA S.A.S","ROCA O PIEDRA CALIZA EN BRUTO","Certificado"
"RUCOM-2026061636019","GRAVACOL INGENIERIA S.A.S ZOMAC","CALIZA TRITURADA O MOLIDA","Certificado"
"RUCOM-2025081232036","GOLIAT S.A.S.","MARMOL Y OTRAS ROCAS METAMÓRFICAS; ROCAS O PIEDRAS CALIZAS DE TALLA Y DE CONSTRUCCIÓN","Certificado"
"RUCOM-2026070936359","ARIS MINING MARMATO S.A.S.","MINERALES DE PLATA Y SUS CONCENTRADOS","Certificado"
"RUCOM-2025101732953","PRODIMEC SAS","MATERIALES DE CONSTRUCCIÓN","Certificado"
"RUCOM-2025091732584","JAIRO ALBERTO  JARAMILLO ESPINOSA","MINERALES DE ORO Y SUS CONCENTRADOS","Certificado"
"RUCOM-2024053027489","AGREGADOS LA CONSTANCIA SAS","CALIZA TRITURADA O MOLIDA","Certificado"
"RUCOM-2024053027489","AGREGADOS LA CONSTANCIA SAS","RECEBO (MIG)","Certificado"
"RUCOM-2026061636019","GRAVACOL INGENIERIA S.A.S ZOMAC","ARENAS Y GRAVAS SILÍCEAS ELABORADAS (TRITURADAS, MOLIDAS O PULVERIZADAS)","Certificado"
"RUCOM-2025041030578","MINERALES PRODEKA S.A.S","DOLOMITA (CRUDA)","Certificado"
"RUCOM-2024052827432","BRIMARK SAS","ARENAS Y GRAVAS SILÍCEAS ELABORADAS (TRITURADAS, MOLIDAS O PULVERIZADAS)","Certificado"
"RUCOM-2024052827432","BRIMARK SAS","CALIZA TRITURADA O MOLIDA","Certificado"
"RUCOM-2024052827432","BRIMARK SAS","GRAVAS (EXCEPTO SILÍCEAS)","Certificado"
"RUCOM-2024052827432","BRIMARK SAS","GRAVILLA (MIG)","Certificado"
"RUCOM-2024052827432","BRIMARK SAS","ROCA O PIEDRA CALIZA EN BRUTO","Certificado"
"RUCOM-2024052727405","CONCRETOS ARGOS S.A.S","GRAVAS NATURALES","Certificado"
"RUCOM-2024052727405","CONCRETOS ARGOS S.A.S","MATERIALES DE CONSTRUCCIÓN","Certificado"
"RUCOM-2024052727405","CONCRETOS ARGOS S.A.S","CALIZA TRITURADA O MOLIDA","Certificado"
"RUCOM-2024052727405","CONCRETOS ARGOS S.A.S","CONGLOMERADO (ROCA O PIEDRA)","Certificado"
"RUCOM-2024052727405","CONCRETOS ARGOS S.A.S","ARENAS Y GRAVAS NATURALES Y SILICEAS","Certificado"
"RUCOM-2024050627195","PBR TECHNOLOGY SAS","ARENAS Y GRAVAS NATURALES Y SILICEAS","Certificado"
"RUCOM-2024050627195","PBR TECHNOLOGY SAS","ARENAS Y GRAVAS SILICEAS","Certificado"
"RUCOM-2024050627195","PBR TECHNOLOGY SAS","ARENAS Y GRAVAS SILÍCEAS ELABORADAS (TRITURADAS, MOLIDAS O PULVERIZADAS)","Certificado"
"RUCOM-2024050627195","PBR TECHNOLOGY SAS","CONGLOMERADO (ROCA O PIEDRA)","Certificado"
"RUCOM-2024050627195","PBR TECHNOLOGY SAS","GRAVILLA (MIG)","Certificado"
"RUCOM-2026052735451","COLVEMIN COMPANY S.A.S.","MINERALES DE PLATA Y SUS CONCENTRADOS","Certificado"
"RUCOM-2025091732584","JAIRO ALBERTO  JARAMILLO ESPINOSA","MINERALES DE PLATA Y SUS CONCENTRADOS","Certificado"
"RUCOM-2023112026226","CORBEN S A S","MINERALES DE METALES NO FERROSOS Y SUS CONCENTRADOS, NCP","Certificado"
"RUCOM-2023112026226","CORBEN S A S","CARBÓN MINERAL TRITURADO O MOLIDO","Certificado"
"RUCOM-2023112026226","CORBEN S A S","MINERALES NO FERROSOS Y SUS CONCENTRADOS NCP","Certificado"
"RUCOM-2023112026226","CORBEN S A S","MINERALES DE METALES PRECIOSOS Y SUS CONCENTRADOS","Certificado"
"RUCOM-2023112026226","CORBEN S A S","CARBÓN COQUIZABLE O METALURGICO","Certificado"
"RUCOM-2026072236503","AGREGADOS Y CONCRETOS PUTUMAYO S.A.S.","GRAVAS NATURALES","Certificado"
"RUCOM-2025101732953","PRODIMEC SAS","ARENAS Y GRAVAS NATURALES Y SILICEAS","Certificado"
"RUCOM-2026072236503","AGREGADOS Y CONCRETOS PUTUMAYO S.A.S.","CONGLOMERADOS, ARENISCAS, CANTOS, GRAVAS, MACADAN; MACADAN ALQUITRANADO; GRAVILLA, LASCA Y POLVOS DE ROCA O PIEDRA, INCLUSO LOS DE LAS PIEDRAS DE LAS CLASES 1512 Y 1513 (EXCEPTO LOS DE LA SUBCLASE 37690), Y DEMAS ROCAS TRITURADAS O NO PARA CONSTRUCCIÓN","Certificado"
"RUCOM-2022081622554","OPERADORA MINERA S.A.S","MINERALES DE PLATA Y SUS CONCENTRADOS","Certificado"
"RUCOM-2023052324478","MINERALES DE COLOMBIA CJ S.A.S","MINERALES DE HIERRO","Certificado"
"RUCOM-2023052324478","MINERALES DE COLOMBIA CJ S.A.S","MINERALES DE METALES PRECIOSOS Y SUS CONCENTRADOS","Certificado"
"RUCOM-2023052324478","MINERALES DE COLOMBIA CJ S.A.S","GRAVILLA (MIG)","Certificado"
"RUCOM-2023052324478","MINERALES DE COLOMBIA CJ S.A.S","MATERIALES DE CONSTRUCCIÓN","Certificado"
"RUCOM-2023052324478","MINERALES DE COLOMBIA CJ S.A.S","ARENAS INDUSTRIALES (MIG)","Certificado"
"RUCOM-2023051824438","E.W.G INGENIERIA Y LOGISTICA S.A.S","MINERALES DE ESTAÑO Y SUS CONCENTRADOS","Certificado"
"RUCOM-2023051824438","E.W.G INGENIERIA Y LOGISTICA S.A.S","MINERALES DE NIOBIO, TANTALIO, VANADIO O CIRCONIO Y SUS CONCENTRADOS","Certificado"
"RUCOM-2023051824438","E.W.G INGENIERIA Y LOGISTICA S.A.S","MINERALES DE COBRE Y SUS CONCENTRADOS","Certificado"
"RUCOM-2026072236503","AGREGADOS Y CONCRETOS PUTUMAYO S.A.S.","ARENAS Y GRAVAS SILÍCEAS ELABORADAS (TRITURADAS, MOLIDAS O PULVERIZADAS)","Certificado"
"RUCOM-2021080219684","DNA GR SAS","CARBON TERMICO","Certificado"
"RUCOM-2026072236503","AGREGADOS Y CONCRETOS PUTUMAYO S.A.S.","ASFALTO NATURAL O ASFALTITAS","Certificado"
"RUCOM-2018053012181","PIEDRAS Y GRAVAS S.A.S","RECEBO (MIG)","Certificado"
"RUCOM-2025053131177","SOLUCARBONES S.A.S.","HULLA BITUMINOSA, ANTRACÍTICA, O CARBÓN MINERAL SIN AGLOMERAR","Certificado"
"RUCOM-2021080219684","DNA GR SAS","CARBÓN MINERAL TRITURADO O MOLIDO","Certificado"
"RUCOM-2025070631509","MATERIALES EL VAINILLO S.A.S.","MATERIALES DE CONSTRUCCIÓN","Certificado"
"RUCOM-2026072236503","AGREGADOS Y CONCRETOS PUTUMAYO S.A.S.","ARENAS Y GRAVAS NATURALES Y SILICEAS","Certificado"
"RUCOM-2021080219684","DNA GR SAS","HULLA BITUMINOSA, ANTRACÍTICA, O CARBÓN MINERAL SIN AGLOMERAR","Certificado"
"RUCOM-2026072936632","JORGE MARIO IZQUIERDO FLOREZ","TIERRAS INDUSTRIALES","Certificado"
"RUCOM-2026072936632","JORGE MARIO IZQUIERDO FLOREZ","ARENAS Y GRAVAS NATURALES Y SILICEAS","Certificado"
"RUCOM-2026072936632","JORGE MARIO IZQUIERDO FLOREZ","ARENAS Y GRAVAS SILICEAS","Certificado"
"RUCOM-2022082622683","JAIRO ALBERTO  JARAMILLO ESPINOSA","MINERALES DE ORO Y SUS CONCENTRADOS","Certificado"
"RUCOM-2022082622683","JAIRO ALBERTO  JARAMILLO ESPINOSA","MINERALES DE PLATA Y SUS CONCENTRADOS","Certificado"
"RUCOM-2025081232036","GOLIAT S.A.S.","CALIZA TRITURADA O MOLIDA","Certificado"
"RUCOM-2026072936632","JORGE MARIO IZQUIERDO FLOREZ","ARENAS Y GRAVAS SILÍCEAS ELABORADAS (TRITURADAS, MOLIDAS O PULVERIZADAS)","Certificado"
"RUCOM-2022080122303","CEMEX COLOMBIA S.A.","CALIZA TRITURADA O MOLIDA","Certificado"
"RUCOM-2022080122303","CEMEX COLOMBIA S.A.","ARCILLA COMUN (CERAMICAS, FERRUGINOSAS, MISCELANEAS)","Certificado"
"RUCOM-2022080122303","CEMEX COLOMBIA S.A.","CARBON TERMICO","Certificado"
"RUCOM-2022080122303","CEMEX COLOMBIA S.A.","SAL MARINA SIN PURIFICAR","Certificado"
"RUCOM-2022080122303","CEMEX COLOMBIA S.A.","MINERALES NO FERROSOS Y SUS CONCENTRADOS NCP","Certificado"
"RUCOM-2026072936632","JORGE MARIO IZQUIERDO FLOREZ","ARENAS INDUSTRIALES (MIG)","Certificado"
"RUCOM-2025101732953","PRODIMEC SAS","GRAVILLA (MIG)","Certificado"
"RUCOM-2026073036644","EDGAR MAURICIO MARTINEZ MEDINA","OTRAS ROCAS O PIEDRAS TRITURADAS PARA CONSTRUCCIÓN NCP","Certificado"
"RUCOM-2022040421325","CONSORCIO AMBIENTAL EMPRESA DE SERVICIOS PUBLICOS S.A.","CINABRIO Y MINERALES DE MERCURIO Y SUS DERIVADOS","Certificado"
"RUCOM-2022040421325","CONSORCIO AMBIENTAL EMPRESA DE SERVICIOS PUBLICOS S.A.","MINERALES DE NIOBIO, TANTALIO, VANADIO O CIRCONIO Y SUS CONCENTRADOS","Certificado"
"RUCOM-2022040421325","CONSORCIO AMBIENTAL EMPRESA DE SERVICIOS PUBLICOS S.A.","MINERALES DE PLATA Y SUS CONCENTRADOS","Certificado"
"RUCOM-2022040421325","CONSORCIO AMBIENTAL EMPRESA DE SERVICIOS PUBLICOS S.A.","MINERALES DE ORO Y PLATINO, Y SUS CONCENTRADOS","Certificado"
"RUCOM-2022040421325","CONSORCIO AMBIENTAL EMPRESA DE SERVICIOS PUBLICOS S.A.","OTRAS ROCAS O PIEDRAS TRITURADAS PARA CONSTRUCCIÓN NCP","Certificado"
"RUCOM-2021122720851","TEJAR DE PESCADERO S.A.S.","ARCILLA COMUN (CERAMICAS, FERRUGINOSAS, MISCELANEAS)","Certificado"
"RUCOM-2018053012181","PIEDRAS Y GRAVAS S.A.S","MATERIALES DE CONSTRUCCIÓN","Certificado"
"RUCOM-2018053012181","PIEDRAS Y GRAVAS S.A.S","CALIZA TRITURADA O MOLIDA","Certificado"
"RUCOM-2025061931355","OPERACIONES Y MONTAJES DE LA GUAJIRA SAS ZESE","BARITA ELABORADA","Certificado"
"RUCOM-2025092932737","AGRESUR SAS","GRAVAS (EXCEPTO SILÍCEAS)","Certificado"
"RUCOM-2025061931355","OPERACIONES Y MONTAJES DE LA GUAJIRA SAS ZESE","RECEBO (MIG)","Certificado"
"RUCOM-2025092932737","AGRESUR SAS","GRAVAS NATURALES","Certificado"
"RUCOM-2025101732953","PRODIMEC SAS","OTRAS ROCAS O PIEDRAS TRITURADAS PARA CONSTRUCCIÓN NCP","Certificado"
"RUCOM-2022081622554","OPERADORA MINERA S.A.S","MINERALES DE ORO Y SUS CONCENTRADOS","Certificado"
"RUCOM-2026073036644","EDGAR MAURICIO MARTINEZ MEDINA","ARENAS Y GRAVAS SILÍCEAS ELABORADAS (TRITURADAS, MOLIDAS O PULVERIZADAS)","Certificado"
"RUCOM-2026073036644","EDGAR MAURICIO MARTINEZ MEDINA","ARENAS Y GRAVAS NATURALES Y SILICEAS","Certificado"
"RUCOM-2025092932737","AGRESUR SAS","ARENAS Y GRAVAS NATURALES Y SILICEAS","Certificado"
"RUCOM-2018053012193","TRITURADOS EL CHOCHO S.A.S.","MATERIALES DE CONSTRUCCIÓN","Certificado"
"RUCOM-2025092932737","AGRESUR SAS","LAS DEMAS ROCAS ASFALTICAS (EXCEPTO LAS DE LA SUBCLASE 12030)","Certificado"
"RUCOM-2026073036644","EDGAR MAURICIO MARTINEZ MEDINA","ASFALTO NATURAL O ASFALTITAS","Certificado"
"RUCOM-2026052735451","COLVEMIN COMPANY S.A.S.","MINERALES DE COBRE Y SUS CONCENTRADOS","Certificado"
"RUCOM-2025061931355","OPERACIONES Y MONTAJES DE LA GUAJIRA SAS ZESE","ARENAS Y GRAVAS NATURALES Y SILICEAS","Certificado"
"RUCOM-2021080219684","DNA GR SAS","ANTRACITAS","Certificado"
"RUCOM-2025053131177","SOLUCARBONES S.A.S.","ANTRACITAS","Certificado"
"RUCOM-2025053131177","SOLUCARBONES S.A.S.","CARBÓN COQUIZABLE O METALURGICO","Certificado"
"RUCOM-2021080219684","DNA GR SAS","CARBÓN COQUIZABLE O METALURGICO","Certificado"
"RUCOM-2025042530690","CLASIFICADORA MATERIALES PARA CONSTRUCCION LA PIEDRA S.A.S.","ARENAS Y GRAVAS NATURALES Y SILICEAS","Certificado"
"RUCOM-2025092932737","AGRESUR SAS","OTRAS ROCAS O PIEDRAS TRITURADAS PARA CONSTRUCCIÓN NCP","Certificado"
"RUCOM-2025042530690","CLASIFICADORA MATERIALES PARA CONSTRUCCION LA PIEDRA S.A.S.","ARENAS Y GRAVAS SILÍCEAS ELABORADAS (TRITURADAS, MOLIDAS O PULVERIZADAS)","Certificado"
"RUCOM-2025042530690","CLASIFICADORA MATERIALES PARA CONSTRUCCION LA PIEDRA S.A.S.","CONGLOMERADOS, ARENISCAS, CANTOS, GRAVAS, MACADAN; MACADAN ALQUITRANADO; GRAVILLA, LASCA Y POLVOS DE ROCA O PIEDRA, INCLUSO LOS DE LAS PIEDRAS DE LAS CLASES 1512 Y 1513 (EXCEPTO LOS DE LA SUBCLASE 37690), Y DEMAS ROCAS TRITURADAS O NO PARA CONSTRUCCIÓN","Certificado"
"RUCOM-2025053131177","SOLUCARBONES S.A.S.","CARBON TERMICO","Certificado"
"RUCOM-2025061931355","OPERACIONES Y MONTAJES DE LA GUAJIRA SAS ZESE","MATERIALES DE CONSTRUCCIÓN","Certificado"
"RUCOM-2025042530690","CLASIFICADORA MATERIALES PARA CONSTRUCCION LA PIEDRA S.A.S.","MATERIALES DE CONSTRUCCIÓN","Certificado"
"RUCOM-2025053131177","SOLUCARBONES S.A.S.","CARBÓN MINERAL TRITURADO O MOLIDO","Certificado"
"RUCOM-2025042530690","CLASIFICADORA MATERIALES PARA CONSTRUCCION LA PIEDRA S.A.S.","OTRAS ROCAS O PIEDRAS TRITURADAS PARA CONSTRUCCIÓN NCP","Certificado"
"RUCOM-2019080415031","JULIO ERNESTO AGUDELO GUEVARA","ARENAS Y GRAVAS NATURALES Y SILICEAS","Certificado"
"RUCOM-2019080415031","JULIO ERNESTO AGUDELO GUEVARA","ARENAS Y GRAVAS SILICEAS","Certificado"
"RUCOM-2019032914015","AGREMCO CENTER SAS","ARENAS Y GRAVAS SILÍCEAS ELABORADAS (TRITURADAS, MOLIDAS O PULVERIZADAS)","Certificado"
"RUCOM-2019032914015","AGREMCO CENTER SAS","ARENAS Y GRAVAS NATURALES Y SILICEAS","Certificado"
"RUCOM-2019032914015","AGREMCO CENTER SAS","MATERIALES DE CONSTRUCCIÓN","Certificado"
"RUCOM-2019032914015","AGREMCO CENTER SAS","CAOLÍN","Certificado"
"RUCOM-2019032914015","AGREMCO CENTER SAS","RECEBO (MIG)","Certificado"
"RUCOM-2018040411819","CONSTRUCCIONES EL CONDOR S.A.","MATERIALES DE CONSTRUCCIÓN","Certificado"
"RUCOM-2018040411819","CONSTRUCCIONES EL CONDOR S.A.","ARENAS Y GRAVAS NATURALES Y SILICEAS","Certificado"
"RUCOM-2018040411819","CONSTRUCCIONES EL CONDOR S.A.","ROCA O PIEDRA CALIZA EN BRUTO","Certificado"
"RUCOM-2018040411819","CONSTRUCCIONES EL CONDOR S.A.","OTRAS ROCAS O PIEDRAS TRITURADAS PARA CONSTRUCCIÓN NCP","Certificado"
"RUCOM-2018040411819","CONSTRUCCIONES EL CONDOR S.A.","CONGLOMERADOS, ARENISCAS, CANTOS, GRAVAS, MACADAN; MACADAN ALQUITRANADO; GRAVILLA, LASCA Y POLVOS DE ROCA O PIEDRA, INCLUSO LOS DE LAS PIEDRAS DE LAS CLASES 1512 Y 1513 (EXCEPTO LOS DE LA SUBCLASE 37690), Y DEMAS ROCAS TRITURADAS O NO PARA CONSTRUCCIÓN","Certificado"
"RUCOM-2026080436807","TRITURADOS Y AGREGADOS GM","ARENAS Y GRAVAS SILÍCEAS ELABORADAS (TRITURADAS, MOLIDAS O PULVERIZADAS)","Certificado"
"RUCOM-2025080131820","ALTAR STONES SAS","OTRAS ROCAS O PIEDRAS TRITURADAS PARA CONSTRUCCIÓN NCP","Certificado"
"RUCOM-2025080131820","ALTAR STONES SAS","GRAVAS NATURALES","Certificado"
"RUCOM-2023051824438","E.W.G INGENIERIA Y LOGISTICA S.A.S","MINERALES DE PLATINO Y SUS CONCENTRADOS","Certificado"
"RUCOM-2023051824438","E.W.G INGENIERIA Y LOGISTICA S.A.S","MINERALES DE PLOMO Y SUS CONCENTRADOS","Certificado"
"RUCOM-2026080436807","TRITURADOS Y AGREGADOS GM","ARENAS Y GRAVAS NATURALES Y SILICEAS","Certificado"
"RUCOM-2025070431499","FUNDICION DE MINERALES Y METALES S.A.S","MINERALES DE ESTAÑO Y SUS CONCENTRADOS","Certificado, Pendiente de evaluación Actualización"
"RUCOM-2025070431499","FUNDICION DE MINERALES Y METALES S.A.S","MINERALES DE VOLFRANIO (TUNGSTENO) Y SUS CONCENTRADOS","Certificado, Pendiente de evaluación Actualización"
"RUCOM-2025080131820","ALTAR STONES SAS","RECEBO (MIG)","Certificado"
"RUCOM-2025070431499","FUNDICION DE MINERALES Y METALES S.A.S","MINERALES DE NIOBIO, TANTALIO, VANADIO O CIRCONIO Y SUS CONCENTRADOS","Certificado, Pendiente de evaluación Actualización"
"RUCOM-2025070431499","FUNDICION DE MINERALES Y METALES S.A.S","DIAMANTES , INCLUSO LOS INDUSTRIALES, SIN LABRAR O SIMPLEMENTE ASERRADOS, HENDIDOS O DESBASTADOS Y OTRAS PIEDRAS PRECIOSAS Y SEMIPRECIOSAS SIN LABRAR O SIMPLEMENTE ASERRADAS O DESBASTADAS; PIEDRA PÓMEZ; ESMERIL; CORINDÓN NATURAL, GRANATE NATURAL Y OTROS ABRASIVOS NATURALES","Certificado, Pendiente de evaluación Actualización"
"RUCOM-2024061827665","CONSTRITURAR S.A.S.","MATERIALES DE CONSTRUCCIÓN","Certificado"
"RUCOM-2024061827665","CONSTRITURAR S.A.S.","RECEBO (MIG)","Certificado"
"RUCOM-2025080131820","ALTAR STONES SAS","ARENAS Y GRAVAS NATURALES Y SILICEAS","Certificado"
"RUCOM-2021091620307","OSCAR GUILLERMO  BURBANO MERA","GRANITO, BASALTO, PÓRFIDO Y OTRAS PIEDRAS DE TALLA O DE CONSTRUCCIÓN, EN BRUTO","Certificado"
"RUCOM-2024061827665","CONSTRITURAR S.A.S.","OTRAS ROCAS O PIEDRAS TRITURADAS PARA CONSTRUCCIÓN NCP","Certificado"
"RUCOM-2024053027476","ENER-RAM SAS","DOLOMITA (CRUDA)","Certificado"
"RUCOM-2024053027476","ENER-RAM SAS","YESO NATURAL; ANHIDRITA","Certificado"
"RUCOM-2021091620307","OSCAR GUILLERMO  BURBANO MERA","MATERIALES DE CONSTRUCCIÓN","Certificado"
"RUCOM-2024053027476","ENER-RAM SAS","FOSFATOS DE CALCIO NATURALES, FOSFATOS ALUMINOCALCICOS NATURALES Y CRETA FOSFATADA; CARNALITA, SILVINITA, OTRAS SALES NATURALES DE POTASIO SIN ELABORAR","Certificado"
"RUCOM-2021091620307","OSCAR GUILLERMO  BURBANO MERA","RECEBO (MIG)","Certificado"
"RUCOM-2021091620307","OSCAR GUILLERMO  BURBANO MERA","OTRAS ROCAS O PIEDRAS TRITURADAS PARA CONSTRUCCIÓN NCP","Certificado"
"RUCOM-2021091620307","OSCAR GUILLERMO  BURBANO MERA","OTRAS ARCILLAS NCP","Certificado"
"RUCOM-2024053027476","ENER-RAM SAS","ROCA O PIEDRA CALIZA EN BRUTO","Certificado"
"RUCOM-2024053027476","ENER-RAM SAS","CAOLÍN","Certificado"
"RUCOM-2026052535336","ECO ARENAS COLOMBIA SAS","MINERALES DE PLATA Y SUS CONCENTRADOS","Certificado"
"RUCOM-2026052535336","ECO ARENAS COLOMBIA SAS","OTROS MINERALES NCP","Certificado"
"RUCOM-2024092429009","AGREGADOS GUAYURIBA S.A.S","ARENAS Y GRAVAS NATURALES Y SILICEAS","Certificado"
"RUCOM-2026052535336","ECO ARENAS COLOMBIA SAS","MINERALES DE PLATINO Y SUS CONCENTRADOS","Certificado"
"RUCOM-2024092429009","AGREGADOS GUAYURIBA S.A.S","GRAVAS NATURALES","Certificado"
"RUCOM-2025090932452","TEJAR DE PESCADERO S.A.S.","ARCILLA COMUN (CERAMICAS, FERRUGINOSAS, MISCELANEAS)","Certificado"
"RUCOM-2026052535336","ECO ARENAS COLOMBIA SAS","MINERALES DE ORO Y SUS CONCENTRADOS","Certificado"
