cod_muni,departamento,municipio,anio,casos
05001,ANTIOQUIA,MEDELLIN,2023,941
05001,ANTIOQUIA,MEDELLIN,2024,950
05001,ANTIOQUIA,MEDELLIN,2025,972
05002,ANTIOQUIA,ABEJORRAL,2024,5
05002,ANTIOQUIA,ABEJORRAL,2025,2
05021,ANTIOQUIA,ALEJANDRIA,2023,1
05021,ANTIOQUIA,ALEJANDRIA,2025,1
05030,ANTIOQUIA,AMAGA,2023,2
05030,ANTIOQUIA,AMAGA,2024,6
05030,ANTIOQUIA,AMAGA,2025,10
05031,ANTIOQUIA,AMALFI,2023,3
05031,ANTIOQUIA,AMALFI,2024,6
05031,ANTIOQUIA,AMALFI,2025,7
05034,ANTIOQUIA,ANDES,2023,11
05034,ANTIOQUIA,ANDES,2024,15
05034,ANTIOQUIA,ANDES,2025,17
05036,ANTIOQUIA,ANGELOPOLIS,2023,2
05036,ANTIOQUIA,ANGELOPOLIS,2024,1
05038,ANTIOQUIA,ANGOSTURA,2023,6
05038,ANTIOQUIA,ANGOSTURA,2025,3
05040,ANTIOQUIA,ANORI,2023,7
05040,ANTIOQUIA,ANORI,2024,3
05040,ANTIOQUIA,ANORI,2025,4
05042,ANTIOQUIA,SANTA FE DE ANTIOQUIA,2023,4
05042,ANTIOQUIA,SANTA FE DE ANTIOQUIA,2024,7
05042,ANTIOQUIA,SANTA FE DE ANTIOQUIA,2025,10
05044,ANTIOQUIA,ANZA,2025,3
05045,ANTIOQUIA,APARTADO,2023,10
05045,ANTIOQUIA,APARTADO,2024,13
05045,ANTIOQUIA,APARTADO,2025,8
05051,ANTIOQUIA,ARBOLETES,2023,1
05051,ANTIOQUIA,ARBOLETES,2024,4
05051,ANTIOQUIA,ARBOLETES,2025,4
05055,ANTIOQUIA,ARGELIA,2023,3
05055,ANTIOQUIA,ARGELIA,2024,3
05055,ANTIOQUIA,ARGELIA,2025,1
05059,ANTIOQUIA,ARMENIA,2023,3
05059,ANTIOQUIA,ARMENIA,2024,1
05079,ANTIOQUIA,BARBOSA,2023,28
05079,ANTIOQUIA,BARBOSA,2024,14
05079,ANTIOQUIA,BARBOSA,2025,14
05086,ANTIOQUIA,BELMIRA,2023,1
05086,ANTIOQUIA,BELMIRA,2024,1
05088,ANTIOQUIA,BELLO,2023,244
05088,ANTIOQUIA,BELLO,2024,194
05088,ANTIOQUIA,BELLO,2025,214
05091,ANTIOQUIA,BETANIA,2023,2
05091,ANTIOQUIA,BETANIA,2024,3
05091,ANTIOQUIA,BETANIA,2025,3
05093,ANTIOQUIA,BETULIA,2023,2
05093,ANTIOQUIA,BETULIA,2024,3
05093,ANTIOQUIA,BETULIA,2025,1
05101,ANTIOQUIA,CIUDAD BOLIVAR,2023,3
05101,ANTIOQUIA,CIUDAD BOLIVAR,2024,6
05101,ANTIOQUIA,CIUDAD BOLIVAR,2025,10
05107,ANTIOQUIA,BRICEÑO,2023,2
05107,ANTIOQUIA,BRICEÑO,2024,2
05107,ANTIOQUIA,BRICEÑO,2025,1
05113,ANTIOQUIA,BURITICA,2023,1
05113,ANTIOQUIA,BURITICA,2024,3
05113,ANTIOQUIA,BURITICA,2025,1
05120,ANTIOQUIA,CACERES,2023,6
05120,ANTIOQUIA,CACERES,2024,7
05120,ANTIOQUIA,CACERES,2025,3
05125,ANTIOQUIA,CAICEDO,2023,2
05125,ANTIOQUIA,CAICEDO,2024,2
05125,ANTIOQUIA,CAICEDO,2025,1
05129,ANTIOQUIA,CALDAS,2023,32
05129,ANTIOQUIA,CALDAS,2024,26
05129,ANTIOQUIA,CALDAS,2025,37
05134,ANTIOQUIA,CAMPAMENTO,2023,2
05134,ANTIOQUIA,CAMPAMENTO,2024,1
05138,ANTIOQUIA,CAÑASGORDAS,2024,3
05138,ANTIOQUIA,CAÑASGORDAS,2025,2
05142,ANTIOQUIA,CARACOLI,2024,2
05142,ANTIOQUIA,CARACOLI,2025,1
05145,ANTIOQUIA,CARAMANTA,2024,2
05147,ANTIOQUIA,CAREPA,2023,4
05147,ANTIOQUIA,CAREPA,2024,4
05147,ANTIOQUIA,CAREPA,2025,9
05148,ANTIOQUIA,EL CARMEN DE VIBORAL,2023,6
05148,ANTIOQUIA,EL CARMEN DE VIBORAL,2024,13
05148,ANTIOQUIA,EL CARMEN DE VIBORAL,2025,19
05150,ANTIOQUIA,CAROLINA,2023,2
05150,ANTIOQUIA,CAROLINA,2024,2
05150,ANTIOQUIA,CAROLINA,2025,3
05154,ANTIOQUIA,CAUCASIA,2023,18
05154,ANTIOQUIA,CAUCASIA,2024,25
05154,ANTIOQUIA,CAUCASIA,2025,24
05172,ANTIOQUIA,CHIGORODO,2023,3
05172,ANTIOQUIA,CHIGORODO,2024,10
05172,ANTIOQUIA,CHIGORODO,2025,5
05190,ANTIOQUIA,CISNEROS,2023,4
05190,ANTIOQUIA,CISNEROS,2024,4
05190,ANTIOQUIA,CISNEROS,2025,5
05197,ANTIOQUIA,COCORNA,2023,2
05197,ANTIOQUIA,COCORNA,2024,3
05197,ANTIOQUIA,COCORNA,2025,1
05206,ANTIOQUIA,CONCEPCION,2024,2
05206,ANTIOQUIA,CONCEPCION,2025,1
05209,ANTIOQUIA,CONCORDIA,2024,1
05209,ANTIOQUIA,CONCORDIA,2025,4
05212,ANTIOQUIA,COPACABANA,2023,32
05212,ANTIOQUIA,COPACABANA,2024,25
05212,ANTIOQUIA,COPACABANA,2025,26
05234,ANTIOQUIA,DABEIBA,2024,3
05234,ANTIOQUIA,DABEIBA,2025,2
05237,ANTIOQUIA,DONMATIAS,2023,6
05237,ANTIOQUIA,DONMATIAS,2024,8
05237,ANTIOQUIA,DONMATIAS,2025,3
05240,ANTIOQUIA,EBEJICO,2023,1
05240,ANTIOQUIA,EBEJICO,2024,3
05240,ANTIOQUIA,EBEJICO,2025,6
05250,ANTIOQUIA,EL BAGRE,2023,10
05250,ANTIOQUIA,EL BAGRE,2024,3
05250,ANTIOQUIA,EL BAGRE,2025,6
05264,ANTIOQUIA,ENTRERRIOS,2023,2
05264,ANTIOQUIA,ENTRERRIOS,2025,3
05266,ANTIOQUIA,ENVIGADO,2023,50
05266,ANTIOQUIA,ENVIGADO,2024,56
05266,ANTIOQUIA,ENVIGADO,2025,53
05282,ANTIOQUIA,FREDONIA,2023,1
05282,ANTIOQUIA,FREDONIA,2024,8
05282,ANTIOQUIA,FREDONIA,2025,8
05284,ANTIOQUIA,FRONTINO,2023,1
05284,ANTIOQUIA,FRONTINO,2024,4
05284,ANTIOQUIA,FRONTINO,2025,1
05306,ANTIOQUIA,GIRALDO,2023,1
05306,ANTIOQUIA,GIRALDO,2024,2
05306,ANTIOQUIA,GIRALDO,2025,1
05308,ANTIOQUIA,GIRARDOTA,2023,19
05308,ANTIOQUIA,GIRARDOTA,2024,21
05308,ANTIOQUIA,GIRARDOTA,2025,30
05310,ANTIOQUIA,GOMEZ PLATA,2024,5
05310,ANTIOQUIA,GOMEZ PLATA,2025,2
05313,ANTIOQUIA,GRANADA,2023,2
05313,ANTIOQUIA,GRANADA,2024,6
05313,ANTIOQUIA,GRANADA,2025,5
05315,ANTIOQUIA,GUADALUPE,2023,1
05315,ANTIOQUIA,GUADALUPE,2024,2
05318,ANTIOQUIA,GUARNE,2023,10
05318,ANTIOQUIA,GUARNE,2024,12
05318,ANTIOQUIA,GUARNE,2025,28
05321,ANTIOQUIA,GUATAPE,2023,4
05321,ANTIOQUIA,GUATAPE,2024,1
05321,ANTIOQUIA,GUATAPE,2025,5
05347,ANTIOQUIA,HELICONIA,2023,1
05347,ANTIOQUIA,HELICONIA,2024,5
05347,ANTIOQUIA,HELICONIA,2025,3
05353,ANTIOQUIA,HISPANIA,2023,2
05353,ANTIOQUIA,HISPANIA,2024,3
05360,ANTIOQUIA,ITAGUI,2023,101
05360,ANTIOQUIA,ITAGUI,2024,99
05360,ANTIOQUIA,ITAGUI,2025,81
05361,ANTIOQUIA,ITUANGO,2023,5
05361,ANTIOQUIA,ITUANGO,2024,3
05361,ANTIOQUIA,ITUANGO,2025,2
05364,ANTIOQUIA,JARDIN,2023,4
05364,ANTIOQUIA,JARDIN,2024,5
05364,ANTIOQUIA,JARDIN,2025,9
05368,ANTIOQUIA,JERICO,2023,2
05368,ANTIOQUIA,JERICO,2024,4
05368,ANTIOQUIA,JERICO,2025,5
05376,ANTIOQUIA,LA CEJA,2023,14
05376,ANTIOQUIA,LA CEJA,2024,11
05376,ANTIOQUIA,LA CEJA,2025,25
05380,ANTIOQUIA,LA ESTRELLA,2023,27
05380,ANTIOQUIA,LA ESTRELLA,2024,27
05380,ANTIOQUIA,LA ESTRELLA,2025,37
05390,ANTIOQUIA,LA PINTADA,2023,1
05390,ANTIOQUIA,LA PINTADA,2024,1
05390,ANTIOQUIA,LA PINTADA,2025,6
05400,ANTIOQUIA,LA UNION,2023,2
05400,ANTIOQUIA,LA UNION,2024,10
05400,ANTIOQUIA,LA UNION,2025,7
05411,ANTIOQUIA,LIBORINA,2023,1
05411,ANTIOQUIA,LIBORINA,2024,5
05411,ANTIOQUIA,LIBORINA,2025,1
05425,ANTIOQUIA,MACEO,2023,6
05425,ANTIOQUIA,MACEO,2024,4
05425,ANTIOQUIA,MACEO,2025,8
05440,ANTIOQUIA,MARINILLA,2023,15
05440,ANTIOQUIA,MARINILLA,2024,9
05440,ANTIOQUIA,MARINILLA,2025,22
05467,ANTIOQUIA,MONTEBELLO,2024,4
05467,ANTIOQUIA,MONTEBELLO,2025,4
05475,ANTIOQUIA,MURINDO,2023,1
05480,ANTIOQUIA,MUTATA,2023,2
05480,ANTIOQUIA,MUTATA,2025,1
05483,ANTIOQUIA,NARIÑO,2024,5
05483,ANTIOQUIA,NARIÑO,2025,4
05490,ANTIOQUIA,NECOCLI,2023,5
05490,ANTIOQUIA,NECOCLI,2024,6
05490,ANTIOQUIA,NECOCLI,2025,3
05495,ANTIOQUIA,NECHI,2023,1
05495,ANTIOQUIA,NECHI,2025,3
05501,ANTIOQUIA,OLAYA,2024,1
05501,ANTIOQUIA,OLAYA,2025,1
05541,ANTIOQUIA,PEÑOL,2023,6
05541,ANTIOQUIA,PEÑOL,2024,7
05541,ANTIOQUIA,PEÑOL,2025,5
05543,ANTIOQUIA,PEQUE,2025,1
05576,ANTIOQUIA,PUEBLORRICO,2023,1
05576,ANTIOQUIA,PUEBLORRICO,2024,1
05576,ANTIOQUIA,PUEBLORRICO,2025,2
05579,ANTIOQUIA,PUERTO BERRIO,2023,8
05579,ANTIOQUIA,PUERTO BERRIO,2024,12
05579,ANTIOQUIA,PUERTO BERRIO,2025,10
05585,ANTIOQUIA,PUERTO NARE,2025,3
05591,ANTIOQUIA,PUERTO TRIUNFO,2023,6
05591,ANTIOQUIA,PUERTO TRIUNFO,2024,7
05591,ANTIOQUIA,PUERTO TRIUNFO,2025,7
05604,ANTIOQUIA,REMEDIOS,2023,5
05604,ANTIOQUIA,REMEDIOS,2024,7
05604,ANTIOQUIA,REMEDIOS,2025,11
05607,ANTIOQUIA,RETIRO,2023,3
05607,ANTIOQUIA,RETIRO,2024,11
05607,ANTIOQUIA,RETIRO,2025,12
05615,ANTIOQUIA,RIONEGRO,2023,25
05615,ANTIOQUIA,RIONEGRO,2024,46
05615,ANTIOQUIA,RIONEGRO,2025,88
05628,ANTIOQUIA,SABANALARGA,2024,2
05628,ANTIOQUIA,SABANALARGA,2025,1
05631,ANTIOQUIA,SABANETA,2023,43
05631,ANTIOQUIA,SABANETA,2024,36
05631,ANTIOQUIA,SABANETA,2025,34
05642,ANTIOQUIA,SALGAR,2023,1
05642,ANTIOQUIA,SALGAR,2024,2
05642,ANTIOQUIA,SALGAR,2025,1
05647,ANTIOQUIA,SAN ANDRES DE CUERQUIA,2023,1
05647,ANTIOQUIA,SAN ANDRES DE CUERQUIA,2024,5
05647,ANTIOQUIA,SAN ANDRES DE CUERQUIA,2025,2
05649,ANTIOQUIA,SAN CARLOS,2023,2
05649,ANTIOQUIA,SAN CARLOS,2024,7
05649,ANTIOQUIA,SAN CARLOS,2025,2
05652,ANTIOQUIA,SAN FRANCISCO,2023,1
05652,ANTIOQUIA,SAN FRANCISCO,2025,2
05656,ANTIOQUIA,SAN JERONIMO,2023,2
05656,ANTIOQUIA,SAN JERONIMO,2024,6
05656,ANTIOQUIA,SAN JERONIMO,2025,5
05658,ANTIOQUIA,SAN JOSE DE LA MONTAÑA,2024,1
05658,ANTIOQUIA,SAN JOSE DE LA MONTAÑA,2025,2
05659,ANTIOQUIA,SAN JUAN DE URABA,2024,2
05659,ANTIOQUIA,SAN JUAN DE URABA,2025,3
05660,ANTIOQUIA,SAN LUIS,2023,1
05660,ANTIOQUIA,SAN LUIS,2024,6
05660,ANTIOQUIA,SAN LUIS,2025,4
05664,ANTIOQUIA,SAN PEDRO DE LOS MILAGROS,2023,7
05664,ANTIOQUIA,SAN PEDRO DE LOS MILAGROS,2024,15
05664,ANTIOQUIA,SAN PEDRO DE LOS MILAGROS,2025,2
05665,ANTIOQUIA,SAN PEDRO DE URABA,2023,2
05665,ANTIOQUIA,SAN PEDRO DE URABA,2024,2
05665,ANTIOQUIA,SAN PEDRO DE URABA,2025,1
05667,ANTIOQUIA,SAN RAFAEL,2023,3
05667,ANTIOQUIA,SAN RAFAEL,2024,4
05667,ANTIOQUIA,SAN RAFAEL,2025,3
05670,ANTIOQUIA,SAN ROQUE,2023,5
05670,ANTIOQUIA,SAN ROQUE,2024,6
05670,ANTIOQUIA,SAN ROQUE,2025,8
05674,ANTIOQUIA,SAN VICENTE FERRER,2023,3
05674,ANTIOQUIA,SAN VICENTE FERRER,2024,3
05674,ANTIOQUIA,SAN VICENTE FERRER,2025,5
05679,ANTIOQUIA,SANTA BARBARA,2023,3
05679,ANTIOQUIA,SANTA BARBARA,2024,11
05679,ANTIOQUIA,SANTA BARBARA,2025,5
05686,ANTIOQUIA,SANTA ROSA DE OSOS,2023,12
05686,ANTIOQUIA,SANTA ROSA DE OSOS,2024,10
05686,ANTIOQUIA,SANTA ROSA DE OSOS,2025,9
05690,ANTIOQUIA,SANTO DOMINGO,2023,2
05690,ANTIOQUIA,SANTO DOMINGO,2024,3
05690,ANTIOQUIA,SANTO DOMINGO,2025,2
05697,ANTIOQUIA,EL SANTUARIO,2023,3
05697,ANTIOQUIA,EL SANTUARIO,2024,7
05697,ANTIOQUIA,EL SANTUARIO,2025,7
05736,ANTIOQUIA,SEGOVIA,2023,5
05736,ANTIOQUIA,SEGOVIA,2024,7
05736,ANTIOQUIA,SEGOVIA,2025,19
05756,ANTIOQUIA,SONSON,2023,5
05756,ANTIOQUIA,SONSON,2024,4
05756,ANTIOQUIA,SONSON,2025,8
05761,ANTIOQUIA,SOPETRAN,2023,2
05761,ANTIOQUIA,SOPETRAN,2024,6
05761,ANTIOQUIA,SOPETRAN,2025,5
05789,ANTIOQUIA,TAMESIS,2023,1
05789,ANTIOQUIA,TAMESIS,2024,1
05789,ANTIOQUIA,TAMESIS,2025,1
05790,ANTIOQUIA,TARAZA,2023,7
05790,ANTIOQUIA,TARAZA,2024,1
05790,ANTIOQUIA,TARAZA,2025,4
05792,ANTIOQUIA,TARSO,2024,1
05792,ANTIOQUIA,TARSO,2025,2
05809,ANTIOQUIA,TITIRIBI,2023,2
05809,ANTIOQUIA,TITIRIBI,2024,5
05809,ANTIOQUIA,TITIRIBI,2025,3
05819,ANTIOQUIA,TOLEDO,2023,1
05819,ANTIOQUIA,TOLEDO,2024,5
05819,ANTIOQUIA,TOLEDO,2025,4
05837,ANTIOQUIA,TURBO,2023,7
05837,ANTIOQUIA,TURBO,2024,13
05837,ANTIOQUIA,TURBO,2025,11
05842,ANTIOQUIA,URAMITA,2023,3
05842,ANTIOQUIA,URAMITA,2024,1
05847,ANTIOQUIA,URRAO,2023,8
05847,ANTIOQUIA,URRAO,2024,3
05847,ANTIOQUIA,URRAO,2025,6
05854,ANTIOQUIA,VALDIVIA,2023,2
05854,ANTIOQUIA,VALDIVIA,2024,3
05854,ANTIOQUIA,VALDIVIA,2025,3
05856,ANTIOQUIA,VALPARAISO,2024,1
05856,ANTIOQUIA,VALPARAISO,2025,1
05858,ANTIOQUIA,VEGACHI,2023,5
05858,ANTIOQUIA,VEGACHI,2024,5
05858,ANTIOQUIA,VEGACHI,2025,8
05861,ANTIOQUIA,VENECIA,2024,3
05861,ANTIOQUIA,VENECIA,2025,3
05885,ANTIOQUIA,YALI,2023,2
05885,ANTIOQUIA,YALI,2024,5
05885,ANTIOQUIA,YALI,2025,1
05887,ANTIOQUIA,YARUMAL,2023,18
05887,ANTIOQUIA,YARUMAL,2024,16
05887,ANTIOQUIA,YARUMAL,2025,12
05890,ANTIOQUIA,YOLOMBO,2023,9
05890,ANTIOQUIA,YOLOMBO,2024,10
05890,ANTIOQUIA,YOLOMBO,2025,7
05893,ANTIOQUIA,YONDO,2023,5
05893,ANTIOQUIA,YONDO,2024,6
05893,ANTIOQUIA,YONDO,2025,6
05895,ANTIOQUIA,ZARAGOZA,2023,3
05895,ANTIOQUIA,ZARAGOZA,2024,1
05895,ANTIOQUIA,ZARAGOZA,2025,3
08001,ATLANTICO,BARRANQUILLA,2023,877
08001,ATLANTICO,BARRANQUILLA,2024,885
08001,ATLANTICO,BARRANQUILLA,2025,729
08078,ATLANTICO,BARANOA,2023,5
08078,ATLANTICO,BARANOA,2024,22
08078,ATLANTICO,BARANOA,2025,11
08137,ATLANTICO,CAMPO DE LA CRUZ,2023,1
08137,ATLANTICO,CAMPO DE LA CRUZ,2024,4
08137,ATLANTICO,CAMPO DE LA CRUZ,2025,4
08141,ATLANTICO,CANDELARIA,2023,2
08141,ATLANTICO,CANDELARIA,2024,1
08141,ATLANTICO,CANDELARIA,2025,2
08296,ATLANTICO,GALAPA,2023,22
08296,ATLANTICO,GALAPA,2024,23
08296,ATLANTICO,GALAPA,2025,12
08372,ATLANTICO,JUAN DE ACOSTA,2023,3
08372,ATLANTICO,JUAN DE ACOSTA,2024,8
08372,ATLANTICO,JUAN DE ACOSTA,2025,6
08421,ATLANTICO,LURUACO,2023,3
08421,ATLANTICO,LURUACO,2024,2
08421,ATLANTICO,LURUACO,2025,3
08433,ATLANTICO,MALAMBO,2023,66
08433,ATLANTICO,MALAMBO,2024,86
08433,ATLANTICO,MALAMBO,2025,76
08436,ATLANTICO,MANATI,2023,4
08436,ATLANTICO,MANATI,2024,4
08436,ATLANTICO,MANATI,2025,2
08520,ATLANTICO,PALMAR DE VARELA,2023,4
08520,ATLANTICO,PALMAR DE VARELA,2024,3
08520,ATLANTICO,PALMAR DE VARELA,2025,3
08549,ATLANTICO,PIOJO,2024,4
08549,ATLANTICO,PIOJO,2025,3
08558,ATLANTICO,POLONUEVO,2023,2
08558,ATLANTICO,POLONUEVO,2024,7
08558,ATLANTICO,POLONUEVO,2025,6
08560,ATLANTICO,PONEDERA,2023,3
08560,ATLANTICO,PONEDERA,2024,3
08560,ATLANTICO,PONEDERA,2025,1
08573,ATLANTICO,PUERTO COLOMBIA,2023,20
08573,ATLANTICO,PUERTO COLOMBIA,2024,20
08573,ATLANTICO,PUERTO COLOMBIA,2025,18
08606,ATLANTICO,REPELON,2023,3
08606,ATLANTICO,REPELON,2024,3
08606,ATLANTICO,REPELON,2025,1
08634,ATLANTICO,SABANAGRANDE,2023,7
08634,ATLANTICO,SABANAGRANDE,2024,16
08634,ATLANTICO,SABANAGRANDE,2025,11
08638,ATLANTICO,SABANALARGA,2023,24
08638,ATLANTICO,SABANALARGA,2024,32
08638,ATLANTICO,SABANALARGA,2025,17
08675,ATLANTICO,SANTA LUCIA,2023,1
08675,ATLANTICO,SANTA LUCIA,2024,1
08675,ATLANTICO,SANTA LUCIA,2025,3
08685,ATLANTICO,SANTO TOMAS,2023,3
08685,ATLANTICO,SANTO TOMAS,2024,5
08685,ATLANTICO,SANTO TOMAS,2025,4
08758,ATLANTICO,SOLEDAD,2023,308
08758,ATLANTICO,SOLEDAD,2024,351
08758,ATLANTICO,SOLEDAD,2025,313
08770,ATLANTICO,SUAN,2023,1
08770,ATLANTICO,SUAN,2024,2
08770,ATLANTICO,SUAN,2025,4
08832,ATLANTICO,TUBARA,2023,3
08832,ATLANTICO,TUBARA,2024,2
08832,ATLANTICO,TUBARA,2025,3
08849,ATLANTICO,USIACURI,2024,3
08849,ATLANTICO,USIACURI,2025,1
11001,BOGOTA D.C.,BOGOTA D.C.,2023,1527
11001,BOGOTA D.C.,BOGOTA D.C.,2024,2641
11001,BOGOTA D.C.,BOGOTA D.C.,2025,2228
13001,BOLIVAR,CARTAGENA DE INDIAS,2023,134
13001,BOLIVAR,CARTAGENA DE INDIAS,2024,197
13001,BOLIVAR,CARTAGENA DE INDIAS,2025,379
13006,BOLIVAR,ACHI,2023,4
13006,BOLIVAR,ACHI,2025,5
13030,BOLIVAR,ALTOS DEL ROSARIO,2025,1
13042,BOLIVAR,ARENAL,2023,2
13042,BOLIVAR,ARENAL,2024,2
13042,BOLIVAR,ARENAL,2025,3
13052,BOLIVAR,ARJONA,2023,7
13052,BOLIVAR,ARJONA,2024,6
13052,BOLIVAR,ARJONA,2025,10
13062,BOLIVAR,ARROYOHONDO,2023,5
13062,BOLIVAR,ARROYOHONDO,2025,1
13074,BOLIVAR,BARRANCO DE LOBA,2023,3
13074,BOLIVAR,BARRANCO DE LOBA,2024,4
13074,BOLIVAR,BARRANCO DE LOBA,2025,2
13140,BOLIVAR,CALAMAR,2023,3
13140,BOLIVAR,CALAMAR,2025,1
13160,BOLIVAR,CANTAGALLO,2023,4
13160,BOLIVAR,CANTAGALLO,2024,3
13160,BOLIVAR,CANTAGALLO,2025,3
13188,BOLIVAR,CICUCO,2023,1
13188,BOLIVAR,CICUCO,2024,1
13188,BOLIVAR,CICUCO,2025,1
13212,BOLIVAR,CORDOBA,2024,3
13212,BOLIVAR,CORDOBA,2025,4
13222,BOLIVAR,CLEMENCIA,2023,2
13222,BOLIVAR,CLEMENCIA,2024,2
13222,BOLIVAR,CLEMENCIA,2025,1
13244,BOLIVAR,EL CARMEN DE BOLIVAR,2023,14
13244,BOLIVAR,EL CARMEN DE BOLIVAR,2024,9
13244,BOLIVAR,EL CARMEN DE BOLIVAR,2025,18
13248,BOLIVAR,EL GUAMO,2023,1
13248,BOLIVAR,EL GUAMO,2024,1
13248,BOLIVAR,EL GUAMO,2025,1
13268,BOLIVAR,EL PEÑON,2023,1
13268,BOLIVAR,EL PEÑON,2024,1
13268,BOLIVAR,EL PEÑON,2025,4
13300,BOLIVAR,HATILLO DE LOBA,2024,2
13300,BOLIVAR,HATILLO DE LOBA,2025,4
13430,BOLIVAR,MAGANGUE,2023,8
13430,BOLIVAR,MAGANGUE,2024,17
13430,BOLIVAR,MAGANGUE,2025,20
13433,BOLIVAR,MAHATES,2023,2
13433,BOLIVAR,MAHATES,2024,3
13433,BOLIVAR,MAHATES,2025,4
13440,BOLIVAR,MARGARITA,2024,1
13442,BOLIVAR,MARIA LA BAJA,2023,10
13442,BOLIVAR,MARIA LA BAJA,2024,7
13442,BOLIVAR,MARIA LA BAJA,2025,4
13458,BOLIVAR,MONTECRISTO,2024,1
13458,BOLIVAR,MONTECRISTO,2025,1
13468,BOLIVAR,SANTA CRUZ DE MOMPOX,2023,6
13468,BOLIVAR,SANTA CRUZ DE MOMPOX,2024,2
13468,BOLIVAR,SANTA CRUZ DE MOMPOX,2025,8
13473,BOLIVAR,MORALES,2023,3
13473,BOLIVAR,MORALES,2024,3
13473,BOLIVAR,MORALES,2025,5
13490,BOLIVAR,NOROSI,2024,2
13490,BOLIVAR,NOROSI,2025,4
13549,BOLIVAR,PINILLOS,2023,1
13549,BOLIVAR,PINILLOS,2024,1
13549,BOLIVAR,PINILLOS,2025,2
13580,BOLIVAR,REGIDOR,2023,2
13580,BOLIVAR,REGIDOR,2024,5
13580,BOLIVAR,REGIDOR,2025,1
13600,BOLIVAR,RIO VIEJO,2023,4
13600,BOLIVAR,RIO VIEJO,2024,4
13600,BOLIVAR,RIO VIEJO,2025,5
13620,BOLIVAR,SAN CRISTOBAL,2023,1
13620,BOLIVAR,SAN CRISTOBAL,2024,1
13620,BOLIVAR,SAN CRISTOBAL,2025,3
13647,BOLIVAR,SAN ESTANISLAO,2025,2
13650,BOLIVAR,SAN FERNANDO,2024,1
13654,BOLIVAR,SAN JACINTO,2023,4
13654,BOLIVAR,SAN JACINTO,2024,3
13654,BOLIVAR,SAN JACINTO,2025,9
13655,BOLIVAR,SAN JACINTO DEL CAUCA,2024,1
13655,BOLIVAR,SAN JACINTO DEL CAUCA,2025,3
13657,BOLIVAR,SAN JUAN NEPOMUCENO,2023,4
13657,BOLIVAR,SAN JUAN NEPOMUCENO,2024,1
13657,BOLIVAR,SAN JUAN NEPOMUCENO,2025,7
13667,BOLIVAR,SAN MARTIN DE LOBA,2023,3
13667,BOLIVAR,SAN MARTIN DE LOBA,2024,2
13667,BOLIVAR,SAN MARTIN DE LOBA,2025,7
13670,BOLIVAR,SAN PABLO,2023,10
13670,BOLIVAR,SAN PABLO,2024,2
13670,BOLIVAR,SAN PABLO,2025,7
13673,BOLIVAR,SANTA CATALINA,2023,1
13673,BOLIVAR,SANTA CATALINA,2024,3
13673,BOLIVAR,SANTA CATALINA,2025,3
13683,BOLIVAR,SANTA ROSA,2023,2
13683,BOLIVAR,SANTA ROSA,2024,6
13683,BOLIVAR,SANTA ROSA,2025,9
13688,BOLIVAR,SANTA ROSA DEL SUR,2023,5
13688,BOLIVAR,SANTA ROSA DEL SUR,2024,5
13688,BOLIVAR,SANTA ROSA DEL SUR,2025,7
13744,BOLIVAR,SIMITI,2023,6
13744,BOLIVAR,SIMITI,2024,1
13744,BOLIVAR,SIMITI,2025,3
13780,BOLIVAR,TALAIGUA NUEVO,2024,1
13780,BOLIVAR,TALAIGUA NUEVO,2025,1
13810,BOLIVAR,TIQUISIO,2024,1
13810,BOLIVAR,TIQUISIO,2025,1
13836,BOLIVAR,TURBACO,2023,9
13836,BOLIVAR,TURBACO,2024,18
13836,BOLIVAR,TURBACO,2025,45
13838,BOLIVAR,TURBANA,2023,1
13838,BOLIVAR,TURBANA,2025,3
13873,BOLIVAR,VILLANUEVA,2023,2
13873,BOLIVAR,VILLANUEVA,2024,7
13873,BOLIVAR,VILLANUEVA,2025,7
13894,BOLIVAR,ZAMBRANO,2023,2
13894,BOLIVAR,ZAMBRANO,2024,1
13894,BOLIVAR,ZAMBRANO,2025,3
15001,BOYACA,TUNJA,2023,46
15001,BOYACA,TUNJA,2024,30
15001,BOYACA,TUNJA,2025,57
15051,BOYACA,ARCABUCO,2023,1
15051,BOYACA,ARCABUCO,2024,1
15087,BOYACA,BELEN,2024,3
15087,BOYACA,BELEN,2025,1
15104,BOYACA,BOYACA,2024,1
15131,BOYACA,CALDAS,2023,1
15131,BOYACA,CALDAS,2024,1
15131,BOYACA,CALDAS,2025,2
15172,BOYACA,CHINAVITA,2024,2
15176,BOYACA,CHIQUINQUIRA,2023,12
15176,BOYACA,CHIQUINQUIRA,2024,6
15176,BOYACA,CHIQUINQUIRA,2025,7
15180,BOYACA,CHISCAS,2023,1
15183,BOYACA,CHITA,2023,1
15183,BOYACA,CHITA,2025,5
15187,BOYACA,CHIVATA,2024,1
15187,BOYACA,CHIVATA,2025,1
15189,BOYACA,CIENEGA,2023,1
15204,BOYACA,COMBITA,2023,27
15204,BOYACA,COMBITA,2024,15
15204,BOYACA,COMBITA,2025,17
15215,BOYACA,CORRALES,2025,1
15232,BOYACA,CHIQUIZA,2025,1
15238,BOYACA,DUITAMA,2023,22
15238,BOYACA,DUITAMA,2024,28
15238,BOYACA,DUITAMA,2025,21
15272,BOYACA,FIRAVITOBA,2023,1
15272,BOYACA,FIRAVITOBA,2025,1
15296,BOYACA,GAMEZA,2023,1
15299,BOYACA,GARAGOA,2024,3
15299,BOYACA,GARAGOA,2025,1
15317,BOYACA,GUACAMAYAS,2025,1
15322,BOYACA,GUATEQUE,2023,2
15322,BOYACA,GUATEQUE,2024,2
15322,BOYACA,GUATEQUE,2025,1
15332,BOYACA,GÜICAN DE LA SIERRA,2025,1
15362,BOYACA,IZA,2025,1
15367,BOYACA,JENESANO,2023,1
15367,BOYACA,JENESANO,2025,1
15377,BOYACA,LABRANZAGRANDE,2023,1
15377,BOYACA,LABRANZAGRANDE,2024,1
15377,BOYACA,LABRANZAGRANDE,2025,3
15380,BOYACA,LA CAPILLA,2023,1
15380,BOYACA,LA CAPILLA,2025,1
15403,BOYACA,LA UVITA,2023,2
15407,BOYACA,VILLA DE LEYVA,2023,2
15407,BOYACA,VILLA DE LEYVA,2024,3
15407,BOYACA,VILLA DE LEYVA,2025,6
15442,BOYACA,MARIPI,2023,1
15464,BOYACA,MONGUA,2024,1
15464,BOYACA,MONGUA,2025,1
15466,BOYACA,MONGUI,2024,1
15469,BOYACA,MONIQUIRA,2023,3
15469,BOYACA,MONIQUIRA,2024,2
15469,BOYACA,MONIQUIRA,2025,2
15491,BOYACA,NOBSA,2023,1
15491,BOYACA,NOBSA,2024,1
15494,BOYACA,NUEVO COLON,2025,1
15500,BOYACA,OICATA,2023,1
15500,BOYACA,OICATA,2024,1
15500,BOYACA,OICATA,2025,3
15507,BOYACA,OTANCHE,2023,1
15514,BOYACA,PAEZ,2023,1
15516,BOYACA,PAIPA,2023,6
15516,BOYACA,PAIPA,2024,2
15516,BOYACA,PAIPA,2025,6
15518,BOYACA,PAJARITO,2025,2
15531,BOYACA,PAUNA,2024,1
15531,BOYACA,PAUNA,2025,1
15542,BOYACA,PESCA,2024,1
15542,BOYACA,PESCA,2025,1
15572,BOYACA,PUERTO BOYACA,2023,2
15572,BOYACA,PUERTO BOYACA,2024,2
15572,BOYACA,PUERTO BOYACA,2025,10
15580,BOYACA,QUIPAMA,2024,1
15599,BOYACA,RAMIRIQUI,2023,1
15599,BOYACA,RAMIRIQUI,2025,2
15600,BOYACA,RAQUIRA,2023,2
15600,BOYACA,RAQUIRA,2025,1
15632,BOYACA,SABOYA,2024,2
15632,BOYACA,SABOYA,2025,1
15638,BOYACA,SACHICA,2024,1
15646,BOYACA,SAMACA,2023,2
15646,BOYACA,SAMACA,2024,4
15667,BOYACA,SAN LUIS DE GACENO,2025,1
15673,BOYACA,SAN MATEO,2023,1
15673,BOYACA,SAN MATEO,2024,1
15673,BOYACA,SAN MATEO,2025,1
15681,BOYACA,SAN PABLO DE BORBUR,2023,1
15681,BOYACA,SAN PABLO DE BORBUR,2025,1
15686,BOYACA,SANTANA,2023,1
15693,BOYACA,SANTA ROSA DE VITERBO,2024,5
15693,BOYACA,SANTA ROSA DE VITERBO,2025,3
15720,BOYACA,SATIVANORTE,2023,1
15723,BOYACA,SATIVASUR,2025,1
15740,BOYACA,SIACHOQUE,2023,1
15753,BOYACA,SOATA,2024,1
15753,BOYACA,SOATA,2025,1
15755,BOYACA,SOCOTA,2023,2
15755,BOYACA,SOCOTA,2024,1
15755,BOYACA,SOCOTA,2025,1
15757,BOYACA,SOCHA,2024,1
15757,BOYACA,SOCHA,2025,3
15759,BOYACA,SOGAMOSO,2023,34
15759,BOYACA,SOGAMOSO,2024,23
15759,BOYACA,SOGAMOSO,2025,17
15761,BOYACA,SOMONDOCO,2023,1
15763,BOYACA,SOTAQUIRA,2023,3
15763,BOYACA,SOTAQUIRA,2024,3
15764,BOYACA,SORACA,2023,1
15778,BOYACA,SUTATENZA,2024,3
15804,BOYACA,TIBANA,2024,1
15804,BOYACA,TIBANA,2025,1
15806,BOYACA,TIBASOSA,2023,3
15806,BOYACA,TIBASOSA,2024,1
15806,BOYACA,TIBASOSA,2025,2
15816,BOYACA,TOGÜI,2025,1
15837,BOYACA,TUTA,2023,33
15837,BOYACA,TUTA,2024,20
15837,BOYACA,TUTA,2025,18
15842,BOYACA,UMBITA,2024,1
15861,BOYACA,VENTAQUEMADA,2024,2
15897,BOYACA,ZETAQUIRA,2023,1
15897,BOYACA,ZETAQUIRA,2024,1
17001,CALDAS,MANIZALES,2023,37
17001,CALDAS,MANIZALES,2024,47
17001,CALDAS,MANIZALES,2025,39
17042,CALDAS,ANSERMA,2023,2
17042,CALDAS,ANSERMA,2024,3
17042,CALDAS,ANSERMA,2025,1
17088,CALDAS,BELALCAZAR,2023,4
17088,CALDAS,BELALCAZAR,2024,1
17088,CALDAS,BELALCAZAR,2025,1
17174,CALDAS,CHINCHINA,2023,3
17174,CALDAS,CHINCHINA,2024,1
17174,CALDAS,CHINCHINA,2025,6
17272,CALDAS,FILADELFIA,2023,1
17380,CALDAS,LA DORADA,2023,16
17380,CALDAS,LA DORADA,2024,22
17380,CALDAS,LA DORADA,2025,21
17388,CALDAS,LA MERCED,2024,1
17433,CALDAS,MANZANARES,2024,1
17442,CALDAS,MARMATO,2023,1
17442,CALDAS,MARMATO,2025,2
17444,CALDAS,MARQUETALIA,2025,1
17486,CALDAS,NEIRA,2023,3
17486,CALDAS,NEIRA,2024,1
17486,CALDAS,NEIRA,2025,1
17495,CALDAS,NORCASIA,2024,2
17495,CALDAS,NORCASIA,2025,1
17513,CALDAS,PACORA,2023,1
17513,CALDAS,PACORA,2024,1
17524,CALDAS,PALESTINA,2023,1
17524,CALDAS,PALESTINA,2024,1
17524,CALDAS,PALESTINA,2025,3
17541,CALDAS,PENSILVANIA,2023,3
17541,CALDAS,PENSILVANIA,2024,2
17614,CALDAS,RIOSUCIO,2023,5
17614,CALDAS,RIOSUCIO,2024,4
17614,CALDAS,RIOSUCIO,2025,5
17616,CALDAS,RISARALDA,2025,1
17653,CALDAS,SALAMINA,2023,2
17653,CALDAS,SALAMINA,2025,2
17662,CALDAS,SAMANA,2024,1
17662,CALDAS,SAMANA,2025,3
17777,CALDAS,SUPIA,2023,3
17777,CALDAS,SUPIA,2024,3
17777,CALDAS,SUPIA,2025,6
17867,CALDAS,VICTORIA,2025,1
17873,CALDAS,VILLAMARIA,2023,8
17873,CALDAS,VILLAMARIA,2024,5
17873,CALDAS,VILLAMARIA,2025,5
17877,CALDAS,VITERBO,2023,2
17877,CALDAS,VITERBO,2024,2
18001,CAQUETA,FLORENCIA,2023,43
18001,CAQUETA,FLORENCIA,2024,86
18001,CAQUETA,FLORENCIA,2025,82
18029,CAQUETA,ALBANIA,2024,1
18029,CAQUETA,ALBANIA,2025,2
18094,CAQUETA,BELEN DE LOS ANDAQUIES,2024,1
18150,CAQUETA,CARTAGENA DEL CHAIRA,2023,3
18150,CAQUETA,CARTAGENA DEL CHAIRA,2024,5
18150,CAQUETA,CARTAGENA DEL CHAIRA,2025,11
18205,CAQUETA,CURILLO,2023,2
18205,CAQUETA,CURILLO,2024,1
18205,CAQUETA,CURILLO,2025,4
18247,CAQUETA,EL DONCELLO,2023,2
18247,CAQUETA,EL DONCELLO,2024,4
18247,CAQUETA,EL DONCELLO,2025,6
18256,CAQUETA,EL PAUJIL,2024,3
18256,CAQUETA,EL PAUJIL,2025,2
18410,CAQUETA,LA MONTAÑITA,2023,2
18410,CAQUETA,LA MONTAÑITA,2024,2
18410,CAQUETA,LA MONTAÑITA,2025,3
18460,CAQUETA,MILAN,2024,5
18460,CAQUETA,MILAN,2025,3
18479,CAQUETA,MORELIA,2023,3
18479,CAQUETA,MORELIA,2024,1
18479,CAQUETA,MORELIA,2025,2
18592,CAQUETA,PUERTO RICO,2023,3
18592,CAQUETA,PUERTO RICO,2024,5
18592,CAQUETA,PUERTO RICO,2025,3
18610,CAQUETA,SAN JOSE DEL FRAGUA,2023,3
18610,CAQUETA,SAN JOSE DEL FRAGUA,2024,2
18610,CAQUETA,SAN JOSE DEL FRAGUA,2025,1
18753,CAQUETA,SAN VICENTE DEL CAGUAN,2023,6
18753,CAQUETA,SAN VICENTE DEL CAGUAN,2024,17
18753,CAQUETA,SAN VICENTE DEL CAGUAN,2025,11
18756,CAQUETA,SOLANO,2023,1
18756,CAQUETA,SOLANO,2024,3
18756,CAQUETA,SOLANO,2025,1
18785,CAQUETA,SOLITA,2023,2
18785,CAQUETA,SOLITA,2024,3
18785,CAQUETA,SOLITA,2025,2
18860,CAQUETA,VALPARAISO,2023,1
18860,CAQUETA,VALPARAISO,2024,3
18860,CAQUETA,VALPARAISO,2025,4
19001,CAUCA,POPAYAN,2023,148
19001,CAUCA,POPAYAN,2024,172
19001,CAUCA,POPAYAN,2025,173
19022,CAUCA,ALMAGUER,2023,3
19022,CAUCA,ALMAGUER,2024,2
19022,CAUCA,ALMAGUER,2025,2
19050,CAUCA,ARGELIA,2023,1
19050,CAUCA,ARGELIA,2024,4
19050,CAUCA,ARGELIA,2025,3
19075,CAUCA,BALBOA,2023,2
19075,CAUCA,BALBOA,2024,5
19100,CAUCA,BOLIVAR,2023,6
19100,CAUCA,BOLIVAR,2024,2
19100,CAUCA,BOLIVAR,2025,4
19110,CAUCA,BUENOS AIRES,2023,2
19110,CAUCA,BUENOS AIRES,2024,4
19110,CAUCA,BUENOS AIRES,2025,3
19130,CAUCA,CAJIBIO,2023,17
19130,CAUCA,CAJIBIO,2024,15
19130,CAUCA,CAJIBIO,2025,10
19137,CAUCA,CALDONO,2023,7
19137,CAUCA,CALDONO,2024,10
19137,CAUCA,CALDONO,2025,11
19142,CAUCA,CALOTO,2023,9
19142,CAUCA,CALOTO,2024,18
19142,CAUCA,CALOTO,2025,9
19212,CAUCA,CORINTO,2023,8
19212,CAUCA,CORINTO,2024,9
19212,CAUCA,CORINTO,2025,3
19256,CAUCA,EL TAMBO,2023,18
19256,CAUCA,EL TAMBO,2024,7
19256,CAUCA,EL TAMBO,2025,8
19290,CAUCA,FLORENCIA,2023,2
19290,CAUCA,FLORENCIA,2025,1
19300,CAUCA,GUACHENE,2023,8
19300,CAUCA,GUACHENE,2024,2
19300,CAUCA,GUACHENE,2025,1
19318,CAUCA,GUAPI,2023,4
19318,CAUCA,GUAPI,2024,5
19318,CAUCA,GUAPI,2025,1
19355,CAUCA,INZA,2023,15
19355,CAUCA,INZA,2024,9
19355,CAUCA,INZA,2025,7
19364,CAUCA,JAMBALO,2024,3
19364,CAUCA,JAMBALO,2025,4
19392,CAUCA,LA SIERRA,2023,1
19392,CAUCA,LA SIERRA,2024,1
19397,CAUCA,LA VEGA,2023,5
19397,CAUCA,LA VEGA,2024,4
19397,CAUCA,LA VEGA,2025,4
19418,CAUCA,LOPEZ DE MICAY,2023,2
19418,CAUCA,LOPEZ DE MICAY,2025,3
19450,CAUCA,MERCADERES,2023,7
19450,CAUCA,MERCADERES,2024,2
19450,CAUCA,MERCADERES,2025,6
19455,CAUCA,MIRANDA,2023,13
19455,CAUCA,MIRANDA,2024,10
19455,CAUCA,MIRANDA,2025,7
19473,CAUCA,MORALES,2023,5
19473,CAUCA,MORALES,2024,6
19473,CAUCA,MORALES,2025,2
19513,CAUCA,PADILLA,2023,1
19513,CAUCA,PADILLA,2024,1
19513,CAUCA,PADILLA,2025,2
19517,CAUCA,PAEZ,2023,11
19517,CAUCA,PAEZ,2024,6
19517,CAUCA,PAEZ,2025,1
19532,CAUCA,PATIA,2023,9
19532,CAUCA,PATIA,2024,9
19532,CAUCA,PATIA,2025,10
19533,CAUCA,PIAMONTE,2023,1
19533,CAUCA,PIAMONTE,2024,1
19548,CAUCA,PIENDAMO - TUNIA,2023,17
19548,CAUCA,PIENDAMO - TUNIA,2024,17
19548,CAUCA,PIENDAMO - TUNIA,2025,11
19573,CAUCA,PUERTO TEJADA,2023,6
19573,CAUCA,PUERTO TEJADA,2024,10
19573,CAUCA,PUERTO TEJADA,2025,12
19585,CAUCA,PURACE,2023,5
19585,CAUCA,PURACE,2024,1
19585,CAUCA,PURACE,2025,7
19622,CAUCA,ROSAS,2023,3
19622,CAUCA,ROSAS,2024,7
19622,CAUCA,ROSAS,2025,4
19693,CAUCA,SAN SEBASTIAN,2024,2
19693,CAUCA,SAN SEBASTIAN,2025,1
19698,CAUCA,SANTANDER DE QUILICHAO,2023,51
19698,CAUCA,SANTANDER DE QUILICHAO,2024,41
19698,CAUCA,SANTANDER DE QUILICHAO,2025,43
19701,CAUCA,SANTA ROSA,2023,2
19701,CAUCA,SANTA ROSA,2024,1
19701,CAUCA,SANTA ROSA,2025,1
19743,CAUCA,SILVIA,2023,4
19743,CAUCA,SILVIA,2024,12
19743,CAUCA,SILVIA,2025,9
19760,CAUCA,SOTARA PAISPAMBA,2023,5
19760,CAUCA,SOTARA PAISPAMBA,2024,3
19760,CAUCA,SOTARA PAISPAMBA,2025,3
19780,CAUCA,SUAREZ,2023,8
19780,CAUCA,SUAREZ,2024,3
19780,CAUCA,SUAREZ,2025,3
19785,CAUCA,SUCRE,2025,1
19807,CAUCA,TIMBIO,2023,10
19807,CAUCA,TIMBIO,2024,17
19807,CAUCA,TIMBIO,2025,23
19809,CAUCA,TIMBIQUI,2023,2
19809,CAUCA,TIMBIQUI,2024,3
19809,CAUCA,TIMBIQUI,2025,4
19821,CAUCA,TORIBIO,2023,5
19821,CAUCA,TORIBIO,2024,7
19821,CAUCA,TORIBIO,2025,2
19824,CAUCA,TOTORO,2023,7
19824,CAUCA,TOTORO,2024,8
19824,CAUCA,TOTORO,2025,13
19845,CAUCA,VILLA RICA,2023,5
19845,CAUCA,VILLA RICA,2024,5
19845,CAUCA,VILLA RICA,2025,6
20001,CESAR,VALLEDUPAR,2023,101
20001,CESAR,VALLEDUPAR,2024,166
20001,CESAR,VALLEDUPAR,2025,190
20011,CESAR,AGUACHICA,2023,21
20011,CESAR,AGUACHICA,2024,29
20011,CESAR,AGUACHICA,2025,25
20013,CESAR,AGUSTIN CODAZZI,2023,14
20013,CESAR,AGUSTIN CODAZZI,2024,28
20013,CESAR,AGUSTIN CODAZZI,2025,15
20032,CESAR,ASTREA,2023,3
20032,CESAR,ASTREA,2024,2
20032,CESAR,ASTREA,2025,3
20045,CESAR,BECERRIL,2023,2
20045,CESAR,BECERRIL,2024,2
20045,CESAR,BECERRIL,2025,16
20060,CESAR,BOSCONIA,2023,8
20060,CESAR,BOSCONIA,2024,14
20060,CESAR,BOSCONIA,2025,12
20175,CESAR,CHIMICHAGUA,2023,10
20175,CESAR,CHIMICHAGUA,2024,3
20175,CESAR,CHIMICHAGUA,2025,6
20178,CESAR,CHIRIGUANA,2023,6
20178,CESAR,CHIRIGUANA,2024,6
20178,CESAR,CHIRIGUANA,2025,13
20228,CESAR,CURUMANI,2023,2
20228,CESAR,CURUMANI,2024,4
20228,CESAR,CURUMANI,2025,1
20238,CESAR,EL COPEY,2023,4
20238,CESAR,EL COPEY,2024,15
20238,CESAR,EL COPEY,2025,9
20250,CESAR,EL PASO,2023,6
20250,CESAR,EL PASO,2024,13
20250,CESAR,EL PASO,2025,9
20295,CESAR,GAMARRA,2023,1
20295,CESAR,GAMARRA,2024,5
20295,CESAR,GAMARRA,2025,4
20310,CESAR,GONZALEZ,2023,1
20310,CESAR,GONZALEZ,2024,3
20383,CESAR,LA GLORIA,2023,6
20383,CESAR,LA GLORIA,2024,8
20383,CESAR,LA GLORIA,2025,3
20400,CESAR,LA JAGUA DE IBIRICO,2023,9
20400,CESAR,LA JAGUA DE IBIRICO,2024,10
20400,CESAR,LA JAGUA DE IBIRICO,2025,19
20443,CESAR,MANAURE BALCON DEL CESAR,2023,1
20443,CESAR,MANAURE BALCON DEL CESAR,2024,2
20443,CESAR,MANAURE BALCON DEL CESAR,2025,2
20517,CESAR,PAILITAS,2023,5
20517,CESAR,PAILITAS,2024,8
20517,CESAR,PAILITAS,2025,10
20550,CESAR,PELAYA,2023,4
20550,CESAR,PELAYA,2024,7
20550,CESAR,PELAYA,2025,3
20570,CESAR,PUEBLO BELLO,2024,4
20570,CESAR,PUEBLO BELLO,2025,5
20614,CESAR,RIO DE ORO,2023,5
20614,CESAR,RIO DE ORO,2024,1
20614,CESAR,RIO DE ORO,2025,3
20621,CESAR,LA PAZ,2023,1
20621,CESAR,LA PAZ,2024,8
20621,CESAR,LA PAZ,2025,7
20710,CESAR,SAN ALBERTO,2023,8
20710,CESAR,SAN ALBERTO,2024,7
20710,CESAR,SAN ALBERTO,2025,19
20750,CESAR,SAN DIEGO,2023,2
20750,CESAR,SAN DIEGO,2024,7
20750,CESAR,SAN DIEGO,2025,6
20770,CESAR,SAN MARTIN,2023,3
20770,CESAR,SAN MARTIN,2024,7
20770,CESAR,SAN MARTIN,2025,9
20787,CESAR,TAMALAMEQUE,2023,1
20787,CESAR,TAMALAMEQUE,2024,4
20787,CESAR,TAMALAMEQUE,2025,1
23001,CORDOBA,MONTERIA,2023,45
23001,CORDOBA,MONTERIA,2024,47
23001,CORDOBA,MONTERIA,2025,48
23068,CORDOBA,AYAPEL,2023,2
23068,CORDOBA,AYAPEL,2024,1
23068,CORDOBA,AYAPEL,2025,4
23079,CORDOBA,BUENAVISTA,2023,3
23079,CORDOBA,BUENAVISTA,2024,2
23079,CORDOBA,BUENAVISTA,2025,3
23090,CORDOBA,CANALETE,2024,2
23162,CORDOBA,CERETE,2023,6
23162,CORDOBA,CERETE,2024,7
23162,CORDOBA,CERETE,2025,4
23168,CORDOBA,CHIMA,2024,1
23168,CORDOBA,CHIMA,2025,1
23182,CORDOBA,CHINU,2023,2
23182,CORDOBA,CHINU,2024,1
23182,CORDOBA,CHINU,2025,2
23189,CORDOBA,CIENAGA DE ORO,2023,3
23189,CORDOBA,CIENAGA DE ORO,2024,2
23189,CORDOBA,CIENAGA DE ORO,2025,3
23300,CORDOBA,COTORRA,2023,2
23300,CORDOBA,COTORRA,2025,2
23350,CORDOBA,LA APARTADA,2023,1
23350,CORDOBA,LA APARTADA,2024,1
23350,CORDOBA,LA APARTADA,2025,2
23417,CORDOBA,LORICA,2023,2
23417,CORDOBA,LORICA,2024,2
23417,CORDOBA,LORICA,2025,3
23419,CORDOBA,LOS CORDOBAS,2023,2
23466,CORDOBA,MONTELIBANO,2023,1
23466,CORDOBA,MONTELIBANO,2024,8
23466,CORDOBA,MONTELIBANO,2025,8
23500,CORDOBA,MOÑITOS,2025,1
23555,CORDOBA,PLANETA RICA,2023,4
23555,CORDOBA,PLANETA RICA,2024,3
23555,CORDOBA,PLANETA RICA,2025,3
23570,CORDOBA,PUEBLO NUEVO,2023,1
23570,CORDOBA,PUEBLO NUEVO,2024,2
23574,CORDOBA,PUERTO ESCONDIDO,2023,1
23574,CORDOBA,PUERTO ESCONDIDO,2025,1
23580,CORDOBA,PUERTO LIBERTADOR,2023,1
23580,CORDOBA,PUERTO LIBERTADOR,2024,1
23580,CORDOBA,PUERTO LIBERTADOR,2025,1
23660,CORDOBA,SAHAGUN,2023,3
23660,CORDOBA,SAHAGUN,2024,2
23660,CORDOBA,SAHAGUN,2025,4
23672,CORDOBA,SAN ANTERO,2023,1
23672,CORDOBA,SAN ANTERO,2024,1
23672,CORDOBA,SAN ANTERO,2025,1
23675,CORDOBA,SAN BERNARDO DEL VIENTO,2023,2
23675,CORDOBA,SAN BERNARDO DEL VIENTO,2024,2
23675,CORDOBA,SAN BERNARDO DEL VIENTO,2025,1
23678,CORDOBA,SAN CARLOS,2023,2
23682,CORDOBA,SAN JOSE DE URE,2025,1
23686,CORDOBA,SAN PELAYO,2023,2
23686,CORDOBA,SAN PELAYO,2024,2
23807,CORDOBA,TIERRALTA,2023,3
23807,CORDOBA,TIERRALTA,2024,2
23807,CORDOBA,TIERRALTA,2025,4
23815,CORDOBA,TUCHIN,2024,2
23855,CORDOBA,VALENCIA,2024,1
25001,CUNDINAMARCA,AGUA DE DIOS,2023,1
25001,CUNDINAMARCA,AGUA DE DIOS,2024,1
25019,CUNDINAMARCA,ALBAN,2023,3
25019,CUNDINAMARCA,ALBAN,2024,2
25019,CUNDINAMARCA,ALBAN,2025,2
25035,CUNDINAMARCA,ANAPOIMA,2023,1
25035,CUNDINAMARCA,ANAPOIMA,2024,1
25040,CUNDINAMARCA,ANOLAIMA,2023,5
25040,CUNDINAMARCA,ANOLAIMA,2024,2
25040,CUNDINAMARCA,ANOLAIMA,2025,1
25053,CUNDINAMARCA,ARBELAEZ,2023,3
25053,CUNDINAMARCA,ARBELAEZ,2024,1
25053,CUNDINAMARCA,ARBELAEZ,2025,1
25086,CUNDINAMARCA,BELTRAN,2024,1
25099,CUNDINAMARCA,BOJACA,2023,1
25099,CUNDINAMARCA,BOJACA,2025,3
25120,CUNDINAMARCA,CABRERA,2023,1
25120,CUNDINAMARCA,CABRERA,2025,1
25123,CUNDINAMARCA,CACHIPAY,2025,3
25126,CUNDINAMARCA,CAJICA,2023,12
25126,CUNDINAMARCA,CAJICA,2024,12
25126,CUNDINAMARCA,CAJICA,2025,7
25148,CUNDINAMARCA,CAPARRAPI,2023,1
25148,CUNDINAMARCA,CAPARRAPI,2024,1
25151,CUNDINAMARCA,CAQUEZA,2024,2
25151,CUNDINAMARCA,CAQUEZA,2025,1
25154,CUNDINAMARCA,CARMEN DE CARUPA,2023,1
25168,CUNDINAMARCA,CHAGUANI,2024,3
25175,CUNDINAMARCA,CHIA,2023,17
25175,CUNDINAMARCA,CHIA,2024,19
25175,CUNDINAMARCA,CHIA,2025,24
25178,CUNDINAMARCA,CHIPAQUE,2024,4
25178,CUNDINAMARCA,CHIPAQUE,2025,1
25181,CUNDINAMARCA,CHOACHI,2023,3
25181,CUNDINAMARCA,CHOACHI,2024,7
25181,CUNDINAMARCA,CHOACHI,2025,8
25183,CUNDINAMARCA,CHOCONTA,2023,6
25183,CUNDINAMARCA,CHOCONTA,2024,4
25183,CUNDINAMARCA,CHOCONTA,2025,3
25200,CUNDINAMARCA,COGUA,2023,2
25200,CUNDINAMARCA,COGUA,2025,3
25214,CUNDINAMARCA,COTA,2023,6
25214,CUNDINAMARCA,COTA,2024,3
25214,CUNDINAMARCA,COTA,2025,5
25224,CUNDINAMARCA,CUCUNUBA,2023,3
25224,CUNDINAMARCA,CUCUNUBA,2024,1
25245,CUNDINAMARCA,EL COLEGIO,2023,2
25245,CUNDINAMARCA,EL COLEGIO,2024,1
25245,CUNDINAMARCA,EL COLEGIO,2025,1
25258,CUNDINAMARCA,EL PEÑON,2023,1
25260,CUNDINAMARCA,EL ROSAL,2023,6
25260,CUNDINAMARCA,EL ROSAL,2024,3
25260,CUNDINAMARCA,EL ROSAL,2025,4
25269,CUNDINAMARCA,FACATATIVA,2023,16
25269,CUNDINAMARCA,FACATATIVA,2024,10
25269,CUNDINAMARCA,FACATATIVA,2025,11
25279,CUNDINAMARCA,FOMEQUE,2023,1
25281,CUNDINAMARCA,FOSCA,2023,1
25286,CUNDINAMARCA,FUNZA,2023,13
25286,CUNDINAMARCA,FUNZA,2024,6
25286,CUNDINAMARCA,FUNZA,2025,11
25288,CUNDINAMARCA,FUQUENE,2023,1
25290,CUNDINAMARCA,FUSAGASUGA,2023,20
25290,CUNDINAMARCA,FUSAGASUGA,2024,16
25290,CUNDINAMARCA,FUSAGASUGA,2025,20
25293,CUNDINAMARCA,GACHALA,2025,1
25295,CUNDINAMARCA,GACHANCIPA,2023,2
25295,CUNDINAMARCA,GACHANCIPA,2024,2
25297,CUNDINAMARCA,GACHETA,2023,1
25297,CUNDINAMARCA,GACHETA,2024,1
25299,CUNDINAMARCA,GAMA,2023,1
25307,CUNDINAMARCA,GIRARDOT,2023,6
25307,CUNDINAMARCA,GIRARDOT,2024,9
25307,CUNDINAMARCA,GIRARDOT,2025,16
25312,CUNDINAMARCA,GRANADA,2024,6
25312,CUNDINAMARCA,GRANADA,2025,3
25320,CUNDINAMARCA,GUADUAS,2023,8
25320,CUNDINAMARCA,GUADUAS,2024,9
25320,CUNDINAMARCA,GUADUAS,2025,2
25322,CUNDINAMARCA,GUASCA,2023,2
25322,CUNDINAMARCA,GUASCA,2024,2
25322,CUNDINAMARCA,GUASCA,2025,2
25326,CUNDINAMARCA,GUATAVITA,2023,3
25326,CUNDINAMARCA,GUATAVITA,2025,1
25328,CUNDINAMARCA,GUAYABAL DE SIQUIMA,2024,1
25335,CUNDINAMARCA,GUAYABETAL,2023,2
25339,CUNDINAMARCA,GUTIERREZ,2023,1
25368,CUNDINAMARCA,JERUSALEN,2024,1
25377,CUNDINAMARCA,LA CALERA,2023,1
25377,CUNDINAMARCA,LA CALERA,2024,7
25377,CUNDINAMARCA,LA CALERA,2025,24
25386,CUNDINAMARCA,LA MESA,2023,4
25386,CUNDINAMARCA,LA MESA,2024,4
25386,CUNDINAMARCA,LA MESA,2025,3
25394,CUNDINAMARCA,LA PALMA,2023,1
25394,CUNDINAMARCA,LA PALMA,2024,1
25394,CUNDINAMARCA,LA PALMA,2025,1
25398,CUNDINAMARCA,LA PEÑA,2023,1
25402,CUNDINAMARCA,LA VEGA,2023,6
25402,CUNDINAMARCA,LA VEGA,2024,4
25426,CUNDINAMARCA,MACHETA,2023,5
25430,CUNDINAMARCA,MADRID,2023,14
25430,CUNDINAMARCA,MADRID,2024,14
25430,CUNDINAMARCA,MADRID,2025,14
25436,CUNDINAMARCA,MANTA,2023,3
25436,CUNDINAMARCA,MANTA,2025,2
25438,CUNDINAMARCA,MEDINA,2023,3
25438,CUNDINAMARCA,MEDINA,2024,2
25438,CUNDINAMARCA,MEDINA,2025,2
25473,CUNDINAMARCA,MOSQUERA,2023,19
25473,CUNDINAMARCA,MOSQUERA,2024,17
25473,CUNDINAMARCA,MOSQUERA,2025,20
25486,CUNDINAMARCA,NEMOCON,2023,1
25486,CUNDINAMARCA,NEMOCON,2024,1
25488,CUNDINAMARCA,NILO,2024,3
25489,CUNDINAMARCA,NIMAIMA,2023,2
25491,CUNDINAMARCA,NOCAIMA,2023,1
25491,CUNDINAMARCA,NOCAIMA,2024,1
25506,CUNDINAMARCA,VENECIA,2024,1
25513,CUNDINAMARCA,PACHO,2023,9
25513,CUNDINAMARCA,PACHO,2024,5
25513,CUNDINAMARCA,PACHO,2025,5
25518,CUNDINAMARCA,PAIME,2024,1
25524,CUNDINAMARCA,PANDI,2023,2
25524,CUNDINAMARCA,PANDI,2024,1
25524,CUNDINAMARCA,PANDI,2025,1
25530,CUNDINAMARCA,PARATEBUENO,2023,3
25530,CUNDINAMARCA,PARATEBUENO,2024,2
25530,CUNDINAMARCA,PARATEBUENO,2025,3
25535,CUNDINAMARCA,PASCA,2023,5
25535,CUNDINAMARCA,PASCA,2024,1
25572,CUNDINAMARCA,PUERTO SALGAR,2023,2
25572,CUNDINAMARCA,PUERTO SALGAR,2024,1
25572,CUNDINAMARCA,PUERTO SALGAR,2025,3
25596,CUNDINAMARCA,QUIPILE,2023,2
25596,CUNDINAMARCA,QUIPILE,2024,1
25599,CUNDINAMARCA,APULO,2023,1
25612,CUNDINAMARCA,RICAURTE,2023,3
25612,CUNDINAMARCA,RICAURTE,2024,2
25612,CUNDINAMARCA,RICAURTE,2025,2
25645,CUNDINAMARCA,SAN ANTONIO DEL TEQUENDAMA,2023,1
25645,CUNDINAMARCA,SAN ANTONIO DEL TEQUENDAMA,2024,4
25645,CUNDINAMARCA,SAN ANTONIO DEL TEQUENDAMA,2025,4
25658,CUNDINAMARCA,SAN FRANCISCO,2023,1
25658,CUNDINAMARCA,SAN FRANCISCO,2024,2
25658,CUNDINAMARCA,SAN FRANCISCO,2025,6
25662,CUNDINAMARCA,SAN JUAN DE RIOSECO,2023,1
25718,CUNDINAMARCA,SASAIMA,2023,1
25718,CUNDINAMARCA,SASAIMA,2025,2
25736,CUNDINAMARCA,SESQUILE,2023,1
25736,CUNDINAMARCA,SESQUILE,2024,2
25736,CUNDINAMARCA,SESQUILE,2025,1
25740,CUNDINAMARCA,SIBATE,2023,4
25740,CUNDINAMARCA,SIBATE,2024,7
25740,CUNDINAMARCA,SIBATE,2025,12
25743,CUNDINAMARCA,SILVANIA,2023,5
25743,CUNDINAMARCA,SILVANIA,2024,1
25743,CUNDINAMARCA,SILVANIA,2025,6
25745,CUNDINAMARCA,SIMIJACA,2024,1
25745,CUNDINAMARCA,SIMIJACA,2025,1
25754,CUNDINAMARCA,SOACHA,2023,74
25754,CUNDINAMARCA,SOACHA,2024,64
25754,CUNDINAMARCA,SOACHA,2025,68
25758,CUNDINAMARCA,SOPO,2023,4
25758,CUNDINAMARCA,SOPO,2024,3
25758,CUNDINAMARCA,SOPO,2025,4
25769,CUNDINAMARCA,SUBACHOQUE,2024,6
25769,CUNDINAMARCA,SUBACHOQUE,2025,8
25772,CUNDINAMARCA,SUESCA,2023,1
25772,CUNDINAMARCA,SUESCA,2024,1
25777,CUNDINAMARCA,SUPATA,2025,1
25779,CUNDINAMARCA,SUSA,2024,1
25785,CUNDINAMARCA,TABIO,2023,2
25785,CUNDINAMARCA,TABIO,2024,3
25785,CUNDINAMARCA,TABIO,2025,5
25797,CUNDINAMARCA,TENA,2024,1
25799,CUNDINAMARCA,TENJO,2023,2
25799,CUNDINAMARCA,TENJO,2024,4
25799,CUNDINAMARCA,TENJO,2025,4
25805,CUNDINAMARCA,TIBACUY,2023,2
25805,CUNDINAMARCA,TIBACUY,2024,2
25805,CUNDINAMARCA,TIBACUY,2025,1
25807,CUNDINAMARCA,TIBIRITA,2023,1
25815,CUNDINAMARCA,TOCAIMA,2023,1
25815,CUNDINAMARCA,TOCAIMA,2024,1
25815,CUNDINAMARCA,TOCAIMA,2025,2
25817,CUNDINAMARCA,TOCANCIPA,2023,8
25817,CUNDINAMARCA,TOCANCIPA,2024,2
25817,CUNDINAMARCA,TOCANCIPA,2025,6
25823,CUNDINAMARCA,TOPAIPI,2023,1
25839,CUNDINAMARCA,UBALA,2024,1
25841,CUNDINAMARCA,UBAQUE,2024,1
25841,CUNDINAMARCA,UBAQUE,2025,1
25843,CUNDINAMARCA,VILLA DE SAN DIEGO DE UBATE,2023,3
25843,CUNDINAMARCA,VILLA DE SAN DIEGO DE UBATE,2024,5
25843,CUNDINAMARCA,VILLA DE SAN DIEGO DE UBATE,2025,4
25845,CUNDINAMARCA,UNE,2023,1
25845,CUNDINAMARCA,UNE,2024,1
25845,CUNDINAMARCA,UNE,2025,2
25851,CUNDINAMARCA,UTICA,2024,1
25862,CUNDINAMARCA,VERGARA,2023,1
25862,CUNDINAMARCA,VERGARA,2025,1
25867,CUNDINAMARCA,VIANI,2024,1
25871,CUNDINAMARCA,VILLAGOMEZ,2023,1
25871,CUNDINAMARCA,VILLAGOMEZ,2024,1
25873,CUNDINAMARCA,VILLAPINZON,2023,1
25873,CUNDINAMARCA,VILLAPINZON,2024,1
25875,CUNDINAMARCA,VILLETA,2023,6
25875,CUNDINAMARCA,VILLETA,2024,7
25875,CUNDINAMARCA,VILLETA,2025,11
25878,CUNDINAMARCA,VIOTA,2023,1
25878,CUNDINAMARCA,VIOTA,2024,2
25878,CUNDINAMARCA,VIOTA,2025,9
25885,CUNDINAMARCA,YACOPI,2023,1
25898,CUNDINAMARCA,ZIPACON,2025,1
25899,CUNDINAMARCA,ZIPAQUIRA,2023,17
25899,CUNDINAMARCA,ZIPAQUIRA,2024,20
25899,CUNDINAMARCA,ZIPAQUIRA,2025,15
27001,CHOCO,QUIBDO,2023,301
27001,CHOCO,QUIBDO,2024,309
27001,CHOCO,QUIBDO,2025,187
27006,CHOCO,ACANDI,2023,2
27006,CHOCO,ACANDI,2024,1
27006,CHOCO,ACANDI,2025,1
27025,CHOCO,ALTO BAUDO,2023,1
27025,CHOCO,ALTO BAUDO,2024,2
27050,CHOCO,ATRATO,2023,1
27050,CHOCO,ATRATO,2024,3
27050,CHOCO,ATRATO,2025,5
27073,CHOCO,BAGADO,2023,3
27073,CHOCO,BAGADO,2024,3
27075,CHOCO,BAHIA SOLANO,2023,5
27075,CHOCO,BAHIA SOLANO,2024,10
27075,CHOCO,BAHIA SOLANO,2025,3
27077,CHOCO,BAJO BAUDO,2023,3
27077,CHOCO,BAJO BAUDO,2024,6
27077,CHOCO,BAJO BAUDO,2025,3
27099,CHOCO,BOJAYA,2023,2
27099,CHOCO,BOJAYA,2024,2
27099,CHOCO,BOJAYA,2025,2
27135,CHOCO,EL CANTON DEL SAN PABLO,2023,1
27135,CHOCO,EL CANTON DEL SAN PABLO,2024,3
27150,CHOCO,CARMEN DEL DARIEN,2024,2
27150,CHOCO,CARMEN DEL DARIEN,2025,1
27160,CHOCO,CERTEGUI,2023,1
27160,CHOCO,CERTEGUI,2025,1
27205,CHOCO,CONDOTO,2023,4
27205,CHOCO,CONDOTO,2024,3
27205,CHOCO,CONDOTO,2025,3
27245,CHOCO,EL CARMEN DE ATRATO,2023,3
27245,CHOCO,EL CARMEN DE ATRATO,2024,7
27245,CHOCO,EL CARMEN DE ATRATO,2025,6
27250,CHOCO,EL LITORAL DEL SAN JUAN,2023,3
27250,CHOCO,EL LITORAL DEL SAN JUAN,2024,2
27250,CHOCO,EL LITORAL DEL SAN JUAN,2025,2
27361,CHOCO,ISTMINA,2023,21
27361,CHOCO,ISTMINA,2024,8
27361,CHOCO,ISTMINA,2025,13
27372,CHOCO,JURADO,2024,2
27413,CHOCO,LLORO,2023,3
27413,CHOCO,LLORO,2024,5
27413,CHOCO,LLORO,2025,5
27425,CHOCO,MEDIO ATRATO,2024,2
27430,CHOCO,MEDIO BAUDO,2023,2
27450,CHOCO,MEDIO SAN JUAN,2023,1
27450,CHOCO,MEDIO SAN JUAN,2024,2
27450,CHOCO,MEDIO SAN JUAN,2025,2
27491,CHOCO,NOVITA,2023,1
27491,CHOCO,NOVITA,2024,1
27491,CHOCO,NOVITA,2025,3
27495,CHOCO,NUQUI,2023,3
27495,CHOCO,NUQUI,2024,3
27495,CHOCO,NUQUI,2025,2
27600,CHOCO,RIO QUITO,2023,1
27600,CHOCO,RIO QUITO,2025,2
27615,CHOCO,RIOSUCIO,2023,5
27615,CHOCO,RIOSUCIO,2024,4
27615,CHOCO,RIOSUCIO,2025,2
27660,CHOCO,SAN JOSE DEL PALMAR,2025,1
27787,CHOCO,TADO,2023,16
27787,CHOCO,TADO,2024,6
27787,CHOCO,TADO,2025,5
27800,CHOCO,UNGUIA,2024,1
27800,CHOCO,UNGUIA,2025,2
27810,CHOCO,UNION PANAMERICANA,2023,2
27810,CHOCO,UNION PANAMERICANA,2024,1
27810,CHOCO,UNION PANAMERICANA,2025,3
41001,HUILA,NEIVA,2023,96
41001,HUILA,NEIVA,2024,115
41001,HUILA,NEIVA,2025,127
41006,HUILA,ACEVEDO,2023,5
41006,HUILA,ACEVEDO,2024,8
41006,HUILA,ACEVEDO,2025,6
41013,HUILA,AGRADO,2023,3
41013,HUILA,AGRADO,2024,2
41016,HUILA,AIPE,2023,2
41016,HUILA,AIPE,2024,6
41016,HUILA,AIPE,2025,11
41020,HUILA,ALGECIRAS,2023,15
41020,HUILA,ALGECIRAS,2024,16
41020,HUILA,ALGECIRAS,2025,6
41026,HUILA,ALTAMIRA,2023,2
41078,HUILA,BARAYA,2024,1
41078,HUILA,BARAYA,2025,4
41132,HUILA,CAMPOALEGRE,2023,6
41132,HUILA,CAMPOALEGRE,2024,14
41132,HUILA,CAMPOALEGRE,2025,11
41206,HUILA,COLOMBIA,2025,2
41244,HUILA,ELIAS,2023,2
41298,HUILA,GARZON,2023,24
41298,HUILA,GARZON,2024,23
41298,HUILA,GARZON,2025,20
41306,HUILA,GIGANTE,2023,3
41306,HUILA,GIGANTE,2024,10
41306,HUILA,GIGANTE,2025,6
41319,HUILA,GUADALUPE,2024,6
41319,HUILA,GUADALUPE,2025,4
41349,HUILA,HOBO,2023,2
41349,HUILA,HOBO,2024,6
41349,HUILA,HOBO,2025,7
41357,HUILA,IQUIRA,2023,4
41357,HUILA,IQUIRA,2024,2
41359,HUILA,ISNOS,2023,2
41359,HUILA,ISNOS,2024,6
41359,HUILA,ISNOS,2025,2
41378,HUILA,LA ARGENTINA,2023,2
41378,HUILA,LA ARGENTINA,2024,1
41378,HUILA,LA ARGENTINA,2025,2
41396,HUILA,LA PLATA,2023,17
41396,HUILA,LA PLATA,2024,25
41396,HUILA,LA PLATA,2025,26
41483,HUILA,NATAGA,2023,1
41483,HUILA,NATAGA,2024,3
41503,HUILA,OPORAPA,2025,1
41518,HUILA,PAICOL,2023,1
41518,HUILA,PAICOL,2024,3
41518,HUILA,PAICOL,2025,3
41524,HUILA,PALERMO,2023,5
41524,HUILA,PALERMO,2024,11
41524,HUILA,PALERMO,2025,11
41530,HUILA,PALESTINA,2023,2
41530,HUILA,PALESTINA,2024,1
41530,HUILA,PALESTINA,2025,3
41548,HUILA,PITAL,2023,5
41548,HUILA,PITAL,2024,1
41548,HUILA,PITAL,2025,1
41551,HUILA,PITALITO,2023,41
41551,HUILA,PITALITO,2024,31
41551,HUILA,PITALITO,2025,57
41615,HUILA,RIVERA,2023,4
41615,HUILA,RIVERA,2024,13
41615,HUILA,RIVERA,2025,20
41660,HUILA,SALADOBLANCO,2023,3
41668,HUILA,SAN AGUSTIN,2023,4
41668,HUILA,SAN AGUSTIN,2024,1
41668,HUILA,SAN AGUSTIN,2025,5
41676,HUILA,SANTA MARIA,2024,2
41676,HUILA,SANTA MARIA,2025,4
41770,HUILA,SUAZA,2023,5
41770,HUILA,SUAZA,2024,9
41770,HUILA,SUAZA,2025,7
41791,HUILA,TARQUI,2023,2
41791,HUILA,TARQUI,2024,2
41791,HUILA,TARQUI,2025,3
41797,HUILA,TESALIA,2023,3
41797,HUILA,TESALIA,2024,4
41797,HUILA,TESALIA,2025,5
41799,HUILA,TELLO,2023,3
41799,HUILA,TELLO,2024,8
41799,HUILA,TELLO,2025,3
41801,HUILA,TERUEL,2023,2
41801,HUILA,TERUEL,2024,4
41801,HUILA,TERUEL,2025,3
41807,HUILA,TIMANA,2023,1
41807,HUILA,TIMANA,2024,5
41807,HUILA,TIMANA,2025,6
41872,HUILA,VILLAVIEJA,2023,4
41872,HUILA,VILLAVIEJA,2024,3
41872,HUILA,VILLAVIEJA,2025,5
41885,HUILA,YAGUARA,2023,4
41885,HUILA,YAGUARA,2024,2
41885,HUILA,YAGUARA,2025,6
44001,LA GUAJIRA,RIOHACHA,2023,24
44001,LA GUAJIRA,RIOHACHA,2024,60
44001,LA GUAJIRA,RIOHACHA,2025,71
44035,LA GUAJIRA,ALBANIA,2023,1
44035,LA GUAJIRA,ALBANIA,2024,1
44035,LA GUAJIRA,ALBANIA,2025,1
44078,LA GUAJIRA,BARRANCAS,2023,2
44078,LA GUAJIRA,BARRANCAS,2024,10
44078,LA GUAJIRA,BARRANCAS,2025,8
44090,LA GUAJIRA,DIBULLA,2023,5
44090,LA GUAJIRA,DIBULLA,2024,11
44090,LA GUAJIRA,DIBULLA,2025,5
44098,LA GUAJIRA,DISTRACCION,2024,2
44098,LA GUAJIRA,DISTRACCION,2025,1
44110,LA GUAJIRA,EL MOLINO,2023,1
44110,LA GUAJIRA,EL MOLINO,2024,1
44110,LA GUAJIRA,EL MOLINO,2025,1
44279,LA GUAJIRA,FONSECA,2023,3
44279,LA GUAJIRA,FONSECA,2024,10
44279,LA GUAJIRA,FONSECA,2025,5
44378,LA GUAJIRA,HATONUEVO,2024,2
44378,LA GUAJIRA,HATONUEVO,2025,3
44420,LA GUAJIRA,LA JAGUA DEL PILAR,2024,1
44420,LA GUAJIRA,LA JAGUA DEL PILAR,2025,1
44430,LA GUAJIRA,MAICAO,2023,13
44430,LA GUAJIRA,MAICAO,2024,23
44430,LA GUAJIRA,MAICAO,2025,36
44560,LA GUAJIRA,MANAURE,2023,1
44560,LA GUAJIRA,MANAURE,2024,2
44560,LA GUAJIRA,MANAURE,2025,1
44650,LA GUAJIRA,SAN JUAN DEL CESAR,2023,4
44650,LA GUAJIRA,SAN JUAN DEL CESAR,2024,4
44650,LA GUAJIRA,SAN JUAN DEL CESAR,2025,5
44847,LA GUAJIRA,URIBIA,2023,2
44847,LA GUAJIRA,URIBIA,2024,5
44847,LA GUAJIRA,URIBIA,2025,11
44855,LA GUAJIRA,URUMITA,2024,1
44855,LA GUAJIRA,URUMITA,2025,3
44874,LA GUAJIRA,VILLANUEVA,2025,3
47001,MAGDALENA,SANTA MARTA,2023,134
47001,MAGDALENA,SANTA MARTA,2024,173
47001,MAGDALENA,SANTA MARTA,2025,154
47030,MAGDALENA,ALGARROBO,2024,5
47030,MAGDALENA,ALGARROBO,2025,1
47053,MAGDALENA,ARACATACA,2023,2
47053,MAGDALENA,ARACATACA,2024,5
47053,MAGDALENA,ARACATACA,2025,8
47058,MAGDALENA,ARIGUANI,2023,4
47058,MAGDALENA,ARIGUANI,2024,7
47058,MAGDALENA,ARIGUANI,2025,6
47161,MAGDALENA,CERRO DE SAN ANTONIO,2023,1
47170,MAGDALENA,CHIVOLO,2023,3
47170,MAGDALENA,CHIVOLO,2024,2
47170,MAGDALENA,CHIVOLO,2025,3
47189,MAGDALENA,CIENAGA,2023,14
47189,MAGDALENA,CIENAGA,2024,29
47189,MAGDALENA,CIENAGA,2025,31
47205,MAGDALENA,CONCORDIA,2023,1
47205,MAGDALENA,CONCORDIA,2024,1
47245,MAGDALENA,EL BANCO,2023,2
47245,MAGDALENA,EL BANCO,2024,3
47245,MAGDALENA,EL BANCO,2025,4
47258,MAGDALENA,EL PIÑON,2023,3
47258,MAGDALENA,EL PIÑON,2024,2
47268,MAGDALENA,EL RETEN,2023,3
47268,MAGDALENA,EL RETEN,2024,7
47268,MAGDALENA,EL RETEN,2025,15
47288,MAGDALENA,FUNDACION,2023,11
47288,MAGDALENA,FUNDACION,2024,22
47288,MAGDALENA,FUNDACION,2025,27
47318,MAGDALENA,GUAMAL,2023,1
47318,MAGDALENA,GUAMAL,2024,3
47318,MAGDALENA,GUAMAL,2025,3
47460,MAGDALENA,NUEVA GRANADA,2023,4
47460,MAGDALENA,NUEVA GRANADA,2024,3
47460,MAGDALENA,NUEVA GRANADA,2025,2
47541,MAGDALENA,PEDRAZA,2024,1
47545,MAGDALENA,PIJIÑO DEL CARMEN,2024,3
47545,MAGDALENA,PIJIÑO DEL CARMEN,2025,1
47551,MAGDALENA,PIVIJAY,2023,3
47551,MAGDALENA,PIVIJAY,2024,7
47551,MAGDALENA,PIVIJAY,2025,11
47555,MAGDALENA,PLATO,2023,7
47555,MAGDALENA,PLATO,2024,8
47555,MAGDALENA,PLATO,2025,6
47570,MAGDALENA,PUEBLOVIEJO,2023,3
47570,MAGDALENA,PUEBLOVIEJO,2024,2
47570,MAGDALENA,PUEBLOVIEJO,2025,1
47605,MAGDALENA,REMOLINO,2023,4
47605,MAGDALENA,REMOLINO,2024,1
47605,MAGDALENA,REMOLINO,2025,5
47660,MAGDALENA,SABANAS DE SAN ANGEL,2023,3
47660,MAGDALENA,SABANAS DE SAN ANGEL,2024,1
47660,MAGDALENA,SABANAS DE SAN ANGEL,2025,7
47675,MAGDALENA,SALAMINA,2023,1
47675,MAGDALENA,SALAMINA,2024,1
47675,MAGDALENA,SALAMINA,2025,1
47692,MAGDALENA,SAN SEBASTIAN DE BUENAVISTA,2023,3
47692,MAGDALENA,SAN SEBASTIAN DE BUENAVISTA,2024,1
47692,MAGDALENA,SAN SEBASTIAN DE BUENAVISTA,2025,1
47703,MAGDALENA,SAN ZENON,2023,1
47703,MAGDALENA,SAN ZENON,2024,1
47707,MAGDALENA,SANTA ANA,2024,5
47707,MAGDALENA,SANTA ANA,2025,2
47720,MAGDALENA,SANTA BARBARA DE PINTO,2024,2
47720,MAGDALENA,SANTA BARBARA DE PINTO,2025,2
47745,MAGDALENA,SITIONUEVO,2023,1
47745,MAGDALENA,SITIONUEVO,2024,6
47745,MAGDALENA,SITIONUEVO,2025,3
47798,MAGDALENA,TENERIFE,2023,1
47798,MAGDALENA,TENERIFE,2024,1
47798,MAGDALENA,TENERIFE,2025,1
47960,MAGDALENA,ZAPAYAN,2024,1
47980,MAGDALENA,ZONA BANANERA,2023,11
47980,MAGDALENA,ZONA BANANERA,2024,9
47980,MAGDALENA,ZONA BANANERA,2025,19
50001,META,VILLAVICENCIO,2023,244
50001,META,VILLAVICENCIO,2024,422
50001,META,VILLAVICENCIO,2025,341
50006,META,ACACIAS,2023,44
50006,META,ACACIAS,2024,67
50006,META,ACACIAS,2025,69
50110,META,BARRANCA DE UPIA,2023,1
50110,META,BARRANCA DE UPIA,2024,2
50110,META,BARRANCA DE UPIA,2025,2
50124,META,CABUYARO,2023,1
50124,META,CABUYARO,2025,3
50150,META,CASTILLA LA NUEVA,2023,6
50150,META,CASTILLA LA NUEVA,2024,7
50150,META,CASTILLA LA NUEVA,2025,6
50223,META,CUBARRAL,2023,1
50223,META,CUBARRAL,2024,3
50223,META,CUBARRAL,2025,3
50226,META,CUMARAL,2023,8
50226,META,CUMARAL,2024,22
50226,META,CUMARAL,2025,13
50245,META,EL CALVARIO,2023,1
50245,META,EL CALVARIO,2024,1
50245,META,EL CALVARIO,2025,1
50251,META,EL CASTILLO,2023,7
50251,META,EL CASTILLO,2024,7
50251,META,EL CASTILLO,2025,6
50270,META,EL DORADO,2023,1
50270,META,EL DORADO,2025,1
50287,META,FUENTE DE ORO,2023,8
50287,META,FUENTE DE ORO,2024,9
50287,META,FUENTE DE ORO,2025,12
50313,META,GRANADA,2023,49
50313,META,GRANADA,2024,80
50313,META,GRANADA,2025,119
50318,META,GUAMAL,2023,7
50318,META,GUAMAL,2024,12
50318,META,GUAMAL,2025,11
50325,META,MAPIRIPAN,2023,5
50325,META,MAPIRIPAN,2024,7
50325,META,MAPIRIPAN,2025,2
50330,META,MESETAS,2023,11
50330,META,MESETAS,2024,11
50330,META,MESETAS,2025,8
50350,META,LA MACARENA,2023,9
50350,META,LA MACARENA,2024,5
50370,META,URIBE,2023,10
50370,META,URIBE,2024,7
50370,META,URIBE,2025,5
50400,META,LEJANIAS,2023,10
50400,META,LEJANIAS,2024,16
50400,META,LEJANIAS,2025,12
50450,META,PUERTO CONCORDIA,2023,2
50450,META,PUERTO CONCORDIA,2024,11
50450,META,PUERTO CONCORDIA,2025,3
50568,META,PUERTO GAITAN,2023,26
50568,META,PUERTO GAITAN,2024,31
50568,META,PUERTO GAITAN,2025,35
50573,META,PUERTO LOPEZ,2023,10
50573,META,PUERTO LOPEZ,2024,11
50573,META,PUERTO LOPEZ,2025,17
50577,META,PUERTO LLERAS,2023,3
50577,META,PUERTO LLERAS,2024,18
50577,META,PUERTO LLERAS,2025,16
50590,META,PUERTO RICO,2023,5
50590,META,PUERTO RICO,2024,7
50590,META,PUERTO RICO,2025,14
50606,META,RESTREPO,2023,8
50606,META,RESTREPO,2024,11
50606,META,RESTREPO,2025,9
50680,META,SAN CARLOS DE GUAROA,2023,5
50680,META,SAN CARLOS DE GUAROA,2024,8
50680,META,SAN CARLOS DE GUAROA,2025,6
50683,META,SAN JUAN DE ARAMA,2023,4
50683,META,SAN JUAN DE ARAMA,2024,14
50683,META,SAN JUAN DE ARAMA,2025,11
50686,META,SAN JUANITO,2024,1
50689,META,SAN MARTIN,2023,12
50689,META,SAN MARTIN,2024,13
50689,META,SAN MARTIN,2025,28
50711,META,VISTAHERMOSA,2023,15
50711,META,VISTAHERMOSA,2024,16
50711,META,VISTAHERMOSA,2025,5
52001,NARIÑO,PASTO,2023,52
52001,NARIÑO,PASTO,2024,44
52001,NARIÑO,PASTO,2025,65
52019,NARIÑO,ALBAN,2023,2
52019,NARIÑO,ALBAN,2024,1
52019,NARIÑO,ALBAN,2025,1
52022,NARIÑO,ALDANA,2025,2
52036,NARIÑO,ANCUYA,2025,1
52051,NARIÑO,ARBOLEDA,2025,1
52079,NARIÑO,BARBACOAS,2023,7
52079,NARIÑO,BARBACOAS,2024,10
52079,NARIÑO,BARBACOAS,2025,5
52083,NARIÑO,BELEN,2023,1
52110,NARIÑO,BUESACO,2023,1
52110,NARIÑO,BUESACO,2025,1
52207,NARIÑO,CONSACA,2024,1
52207,NARIÑO,CONSACA,2025,3
52215,NARIÑO,CORDOBA,2023,1
52215,NARIÑO,CORDOBA,2024,2
52227,NARIÑO,CUMBAL,2023,1
52227,NARIÑO,CUMBAL,2024,5
52227,NARIÑO,CUMBAL,2025,7
52240,NARIÑO,CHACHAGÜI,2024,1
52250,NARIÑO,EL CHARCO,2023,2
52250,NARIÑO,EL CHARCO,2024,8
52250,NARIÑO,EL CHARCO,2025,7
52254,NARIÑO,EL PEÑOL,2024,1
52254,NARIÑO,EL PEÑOL,2025,1
52256,NARIÑO,EL ROSARIO,2023,1
52256,NARIÑO,EL ROSARIO,2025,1
52258,NARIÑO,EL TABLON DE GOMEZ,2025,1
52260,NARIÑO,EL TAMBO,2024,8
52260,NARIÑO,EL TAMBO,2025,3
52287,NARIÑO,FUNES,2023,1
52287,NARIÑO,FUNES,2024,1
52317,NARIÑO,GUACHUCAL,2023,2
52317,NARIÑO,GUACHUCAL,2024,1
52317,NARIÑO,GUACHUCAL,2025,3
52320,NARIÑO,GUAITARILLA,2023,1
52320,NARIÑO,GUAITARILLA,2025,2
52352,NARIÑO,ILES,2024,1
52356,NARIÑO,IPIALES,2023,12
52356,NARIÑO,IPIALES,2024,23
52356,NARIÑO,IPIALES,2025,28
52378,NARIÑO,LA CRUZ,2023,2
52378,NARIÑO,LA CRUZ,2024,2
52378,NARIÑO,LA CRUZ,2025,2
52381,NARIÑO,LA FLORIDA,2024,2
52381,NARIÑO,LA FLORIDA,2025,2
52385,NARIÑO,LA LLANADA,2024,2
52385,NARIÑO,LA LLANADA,2025,1
52390,NARIÑO,LA TOLA,2024,2
52390,NARIÑO,LA TOLA,2025,1
52399,NARIÑO,LA UNION,2023,5
52399,NARIÑO,LA UNION,2024,1
52399,NARIÑO,LA UNION,2025,5
52405,NARIÑO,LEIVA,2023,1
52405,NARIÑO,LEIVA,2025,1
52411,NARIÑO,LINARES,2023,2
52411,NARIÑO,LINARES,2024,1
52418,NARIÑO,LOS ANDES,2023,2
52418,NARIÑO,LOS ANDES,2024,1
52427,NARIÑO,MAGÜI,2024,3
52427,NARIÑO,MAGÜI,2025,1
52435,NARIÑO,MALLAMA,2023,2
52435,NARIÑO,MALLAMA,2024,7
52435,NARIÑO,MALLAMA,2025,6
52490,NARIÑO,OLAYA HERRERA,2024,2
52490,NARIÑO,OLAYA HERRERA,2025,2
52506,NARIÑO,OSPINA,2024,1
52520,NARIÑO,FRANCISCO PIZARRO,2024,1
52520,NARIÑO,FRANCISCO PIZARRO,2025,1
52540,NARIÑO,POLICARPA,2023,3
52540,NARIÑO,POLICARPA,2024,3
52540,NARIÑO,POLICARPA,2025,2
52560,NARIÑO,POTOSI,2024,1
52560,NARIÑO,POTOSI,2025,1
52565,NARIÑO,PROVIDENCIA,2025,1
52573,NARIÑO,PUERRES,2023,1
52573,NARIÑO,PUERRES,2025,2
52585,NARIÑO,PUPIALES,2024,1
52612,NARIÑO,RICAURTE,2023,9
52612,NARIÑO,RICAURTE,2024,11
52612,NARIÑO,RICAURTE,2025,18
52621,NARIÑO,ROBERTO PAYAN,2023,2
52678,NARIÑO,SAMANIEGO,2023,2
52678,NARIÑO,SAMANIEGO,2024,1
52678,NARIÑO,SAMANIEGO,2025,5
52683,NARIÑO,SANDONA,2024,5
52683,NARIÑO,SANDONA,2025,6
52685,NARIÑO,SAN BERNARDO,2023,2
52685,NARIÑO,SAN BERNARDO,2024,1
52685,NARIÑO,SAN BERNARDO,2025,1
52687,NARIÑO,SAN LORENZO,2023,1
52687,NARIÑO,SAN LORENZO,2024,1
52687,NARIÑO,SAN LORENZO,2025,3
52693,NARIÑO,SAN PABLO,2024,1
52693,NARIÑO,SAN PABLO,2025,3
52694,NARIÑO,SAN PEDRO DE CARTAGO,2024,1
52696,NARIÑO,SANTA BARBARA,2024,1
52696,NARIÑO,SANTA BARBARA,2025,2
52699,NARIÑO,SANTACRUZ,2023,2
52699,NARIÑO,SANTACRUZ,2024,1
52786,NARIÑO,TAMINANGO,2023,5
52786,NARIÑO,TAMINANGO,2024,4
52786,NARIÑO,TAMINANGO,2025,4
52788,NARIÑO,TANGUA,2023,2
52788,NARIÑO,TANGUA,2025,1
52835,NARIÑO,SAN ANDRES DE TUMACO,2023,25
52835,NARIÑO,SAN ANDRES DE TUMACO,2024,43
52835,NARIÑO,SAN ANDRES DE TUMACO,2025,37
52838,NARIÑO,TUQUERRES,2023,5
52838,NARIÑO,TUQUERRES,2024,4
52838,NARIÑO,TUQUERRES,2025,2
52885,NARIÑO,YACUANQUER,2024,1
52885,NARIÑO,YACUANQUER,2025,1
54001,NORTE DE SANTANDER,CUCUTA,2023,327
54001,NORTE DE SANTANDER,CUCUTA,2024,296
54001,NORTE DE SANTANDER,CUCUTA,2025,273
54003,NORTE DE SANTANDER,ABREGO,2023,7
54003,NORTE DE SANTANDER,ABREGO,2024,12
54003,NORTE DE SANTANDER,ABREGO,2025,9
54051,NORTE DE SANTANDER,ARBOLEDAS,2023,1
54051,NORTE DE SANTANDER,ARBOLEDAS,2024,4
54099,NORTE DE SANTANDER,BOCHALEMA,2023,6
54099,NORTE DE SANTANDER,BOCHALEMA,2024,1
54099,NORTE DE SANTANDER,BOCHALEMA,2025,1
54109,NORTE DE SANTANDER,BUCARASICA,2023,3
54109,NORTE DE SANTANDER,BUCARASICA,2025,7
54125,NORTE DE SANTANDER,CACOTA,2025,1
54128,NORTE DE SANTANDER,CACHIRA,2024,2
54172,NORTE DE SANTANDER,CHINACOTA,2023,3
54172,NORTE DE SANTANDER,CHINACOTA,2024,4
54172,NORTE DE SANTANDER,CHINACOTA,2025,8
54174,NORTE DE SANTANDER,CHITAGA,2023,2
54174,NORTE DE SANTANDER,CHITAGA,2024,2
54174,NORTE DE SANTANDER,CHITAGA,2025,5
54206,NORTE DE SANTANDER,CONVENCION,2023,6
54206,NORTE DE SANTANDER,CONVENCION,2024,7
54206,NORTE DE SANTANDER,CONVENCION,2025,2
54223,NORTE DE SANTANDER,CUCUTILLA,2024,1
54223,NORTE DE SANTANDER,CUCUTILLA,2025,2
54239,NORTE DE SANTANDER,DURANIA,2023,5
54239,NORTE DE SANTANDER,DURANIA,2024,1
54239,NORTE DE SANTANDER,DURANIA,2025,1
54245,NORTE DE SANTANDER,EL CARMEN,2023,4
54245,NORTE DE SANTANDER,EL CARMEN,2024,1
54245,NORTE DE SANTANDER,EL CARMEN,2025,3
54250,NORTE DE SANTANDER,EL TARRA,2023,4
54250,NORTE DE SANTANDER,EL TARRA,2024,2
54250,NORTE DE SANTANDER,EL TARRA,2025,11
54261,NORTE DE SANTANDER,EL ZULIA,2023,29
54261,NORTE DE SANTANDER,EL ZULIA,2024,29
54261,NORTE DE SANTANDER,EL ZULIA,2025,16
54313,NORTE DE SANTANDER,GRAMALOTE,2023,1
54344,NORTE DE SANTANDER,HACARI,2023,3
54344,NORTE DE SANTANDER,HACARI,2024,3
54344,NORTE DE SANTANDER,HACARI,2025,1
54347,NORTE DE SANTANDER,HERRAN,2023,1
54347,NORTE DE SANTANDER,HERRAN,2025,1
54377,NORTE DE SANTANDER,LABATECA,2024,3
54385,NORTE DE SANTANDER,LA ESPERANZA,2023,3
54385,NORTE DE SANTANDER,LA ESPERANZA,2024,2
54385,NORTE DE SANTANDER,LA ESPERANZA,2025,3
54398,NORTE DE SANTANDER,LA PLAYA,2023,4
54398,NORTE DE SANTANDER,LA PLAYA,2024,3
54398,NORTE DE SANTANDER,LA PLAYA,2025,3
54405,NORTE DE SANTANDER,LOS PATIOS,2023,31
54405,NORTE DE SANTANDER,LOS PATIOS,2024,22
54405,NORTE DE SANTANDER,LOS PATIOS,2025,21
54418,NORTE DE SANTANDER,LOURDES,2024,3
54480,NORTE DE SANTANDER,MUTISCUA,2024,1
54498,NORTE DE SANTANDER,OCAÑA,2023,42
54498,NORTE DE SANTANDER,OCAÑA,2024,50
54498,NORTE DE SANTANDER,OCAÑA,2025,62
54518,NORTE DE SANTANDER,PAMPLONA,2023,11
54518,NORTE DE SANTANDER,PAMPLONA,2024,20
54518,NORTE DE SANTANDER,PAMPLONA,2025,20
54520,NORTE DE SANTANDER,PAMPLONITA,2023,1
54520,NORTE DE SANTANDER,PAMPLONITA,2024,2
54520,NORTE DE SANTANDER,PAMPLONITA,2025,5
54553,NORTE DE SANTANDER,PUERTO SANTANDER,2023,9
54553,NORTE DE SANTANDER,PUERTO SANTANDER,2024,5
54553,NORTE DE SANTANDER,PUERTO SANTANDER,2025,2
54599,NORTE DE SANTANDER,RAGONVALIA,2023,1
54599,NORTE DE SANTANDER,RAGONVALIA,2024,2
54599,NORTE DE SANTANDER,RAGONVALIA,2025,3
54660,NORTE DE SANTANDER,SALAZAR,2023,2
54660,NORTE DE SANTANDER,SALAZAR,2024,2
54660,NORTE DE SANTANDER,SALAZAR,2025,2
54670,NORTE DE SANTANDER,SAN CALIXTO,2023,3
54670,NORTE DE SANTANDER,SAN CALIXTO,2025,2
54673,NORTE DE SANTANDER,SAN CAYETANO,2023,3
54673,NORTE DE SANTANDER,SAN CAYETANO,2024,5
54673,NORTE DE SANTANDER,SAN CAYETANO,2025,3
54680,NORTE DE SANTANDER,SANTIAGO,2023,1
54680,NORTE DE SANTANDER,SANTIAGO,2024,4
54680,NORTE DE SANTANDER,SANTIAGO,2025,2
54720,NORTE DE SANTANDER,SARDINATA,2023,22
54720,NORTE DE SANTANDER,SARDINATA,2024,11
54720,NORTE DE SANTANDER,SARDINATA,2025,14
54743,NORTE DE SANTANDER,SILOS,2023,1
54743,NORTE DE SANTANDER,SILOS,2024,1
54800,NORTE DE SANTANDER,TEORAMA,2023,4
54800,NORTE DE SANTANDER,TEORAMA,2024,1
54810,NORTE DE SANTANDER,TIBU,2023,24
54810,NORTE DE SANTANDER,TIBU,2024,18
54810,NORTE DE SANTANDER,TIBU,2025,17
54820,NORTE DE SANTANDER,TOLEDO,2023,2
54820,NORTE DE SANTANDER,TOLEDO,2024,3
54820,NORTE DE SANTANDER,TOLEDO,2025,3
54874,NORTE DE SANTANDER,VILLA DEL ROSARIO,2023,50
54874,NORTE DE SANTANDER,VILLA DEL ROSARIO,2024,38
54874,NORTE DE SANTANDER,VILLA DEL ROSARIO,2025,37
63001,QUINDIO,ARMENIA,2023,61
63001,QUINDIO,ARMENIA,2024,64
63001,QUINDIO,ARMENIA,2025,69
63111,QUINDIO,BUENAVISTA,2023,2
63130,QUINDIO,CALARCA,2023,7
63130,QUINDIO,CALARCA,2024,10
63130,QUINDIO,CALARCA,2025,18
63190,QUINDIO,CIRCASIA,2023,8
63190,QUINDIO,CIRCASIA,2024,5
63190,QUINDIO,CIRCASIA,2025,5
63212,QUINDIO,CORDOBA,2023,1
63212,QUINDIO,CORDOBA,2025,1
63272,QUINDIO,FILANDIA,2023,3
63272,QUINDIO,FILANDIA,2025,5
63302,QUINDIO,GENOVA,2023,2
63302,QUINDIO,GENOVA,2024,7
63302,QUINDIO,GENOVA,2025,1
63401,QUINDIO,LA TEBAIDA,2024,5
63401,QUINDIO,LA TEBAIDA,2025,8
63470,QUINDIO,MONTENEGRO,2023,16
63470,QUINDIO,MONTENEGRO,2024,6
63470,QUINDIO,MONTENEGRO,2025,8
63548,QUINDIO,PIJAO,2024,4
63548,QUINDIO,PIJAO,2025,2
63594,QUINDIO,QUIMBAYA,2023,5
63594,QUINDIO,QUIMBAYA,2024,4
63594,QUINDIO,QUIMBAYA,2025,7
63690,QUINDIO,SALENTO,2023,2
63690,QUINDIO,SALENTO,2024,2
66001,RISARALDA,PEREIRA,2023,46
66001,RISARALDA,PEREIRA,2024,98
66001,RISARALDA,PEREIRA,2025,107
66045,RISARALDA,APIA,2024,1
66045,RISARALDA,APIA,2025,5
66075,RISARALDA,BALBOA,2023,2
66075,RISARALDA,BALBOA,2024,2
66075,RISARALDA,BALBOA,2025,2
66088,RISARALDA,BELEN DE UMBRIA,2023,5
66088,RISARALDA,BELEN DE UMBRIA,2024,1
66088,RISARALDA,BELEN DE UMBRIA,2025,6
66170,RISARALDA,DOSQUEBRADAS,2023,17
66170,RISARALDA,DOSQUEBRADAS,2024,28
66170,RISARALDA,DOSQUEBRADAS,2025,37
66318,RISARALDA,GUATICA,2023,1
66318,RISARALDA,GUATICA,2025,4
66383,RISARALDA,LA CELIA,2024,2
66400,RISARALDA,LA VIRGINIA,2023,4
66400,RISARALDA,LA VIRGINIA,2024,4
66400,RISARALDA,LA VIRGINIA,2025,8
66440,RISARALDA,MARSELLA,2024,3
66440,RISARALDA,MARSELLA,2025,4
66456,RISARALDA,MISTRATO,2025,2
66572,RISARALDA,PUEBLO RICO,2023,1
66572,RISARALDA,PUEBLO RICO,2024,5
66572,RISARALDA,PUEBLO RICO,2025,2
66594,RISARALDA,QUINCHIA,2023,2
66594,RISARALDA,QUINCHIA,2024,2
66594,RISARALDA,QUINCHIA,2025,2
66682,RISARALDA,SANTA ROSA DE CABAL,2023,2
66682,RISARALDA,SANTA ROSA DE CABAL,2024,20
66682,RISARALDA,SANTA ROSA DE CABAL,2025,15
66687,RISARALDA,SANTUARIO,2023,1
66687,RISARALDA,SANTUARIO,2024,2
66687,RISARALDA,SANTUARIO,2025,1
68001,SANTANDER,BUCARAMANGA,2023,81
68001,SANTANDER,BUCARAMANGA,2024,96
68001,SANTANDER,BUCARAMANGA,2025,114
68013,SANTANDER,AGUADA,2025,1
68020,SANTANDER,ALBANIA,2024,1
68077,SANTANDER,BARBOSA,2023,4
68077,SANTANDER,BARBOSA,2024,5
68077,SANTANDER,BARBOSA,2025,3
68079,SANTANDER,BARICHARA,2024,1
68079,SANTANDER,BARICHARA,2025,1
68081,SANTANDER,BARRANCABERMEJA,2023,41
68081,SANTANDER,BARRANCABERMEJA,2024,72
68081,SANTANDER,BARRANCABERMEJA,2025,117
68092,SANTANDER,BETULIA,2025,2
68101,SANTANDER,BOLIVAR,2024,3
68101,SANTANDER,BOLIVAR,2025,3
68147,SANTANDER,CAPITANEJO,2023,1
68147,SANTANDER,CAPITANEJO,2024,1
68167,SANTANDER,CHARALA,2023,1
68167,SANTANDER,CHARALA,2024,3
68167,SANTANDER,CHARALA,2025,1
68190,SANTANDER,CIMITARRA,2023,5
68190,SANTANDER,CIMITARRA,2024,1
68190,SANTANDER,CIMITARRA,2025,2
68207,SANTANDER,CONCEPCION,2023,1
68211,SANTANDER,CONTRATACION,2023,1
68211,SANTANDER,CONTRATACION,2024,1
68217,SANTANDER,COROMORO,2023,1
68217,SANTANDER,COROMORO,2024,1
68217,SANTANDER,COROMORO,2025,1
68245,SANTANDER,EL GUACAMAYO,2025,1
68250,SANTANDER,EL PEÑON,2025,1
68255,SANTANDER,EL PLAYON,2023,1
68255,SANTANDER,EL PLAYON,2025,4
68264,SANTANDER,ENCINO,2025,1
68266,SANTANDER,ENCISO,2025,1
68276,SANTANDER,FLORIDABLANCA,2023,27
68276,SANTANDER,FLORIDABLANCA,2024,37
68276,SANTANDER,FLORIDABLANCA,2025,40
68307,SANTANDER,GIRON,2023,27
68307,SANTANDER,GIRON,2024,24
68307,SANTANDER,GIRON,2025,26
68318,SANTANDER,GUACA,2024,1
68320,SANTANDER,GUADALUPE,2025,1
68327,SANTANDER,GÜEPSA,2023,1
68344,SANTANDER,HATO,2023,1
68377,SANTANDER,LA BELLEZA,2024,1
68397,SANTANDER,LA PAZ,2025,1
68406,SANTANDER,LEBRIJA,2023,8
68406,SANTANDER,LEBRIJA,2024,5
68406,SANTANDER,LEBRIJA,2025,11
68418,SANTANDER,LOS SANTOS,2023,1
68418,SANTANDER,LOS SANTOS,2024,2
68418,SANTANDER,LOS SANTOS,2025,1
68432,SANTANDER,MALAGA,2024,3
68432,SANTANDER,MALAGA,2025,3
68464,SANTANDER,MOGOTES,2024,3
68498,SANTANDER,OCAMONTE,2024,1
68500,SANTANDER,OIBA,2024,2
68502,SANTANDER,ONZAGA,2025,1
68547,SANTANDER,PIEDECUESTA,2023,9
68547,SANTANDER,PIEDECUESTA,2024,20
68547,SANTANDER,PIEDECUESTA,2025,32
68549,SANTANDER,PINCHOTE,2025,1
68572,SANTANDER,PUENTE NACIONAL,2024,1
68572,SANTANDER,PUENTE NACIONAL,2025,1
68573,SANTANDER,PUERTO PARRA,2024,1
68573,SANTANDER,PUERTO PARRA,2025,5
68575,SANTANDER,PUERTO WILCHES,2023,10
68575,SANTANDER,PUERTO WILCHES,2024,7
68575,SANTANDER,PUERTO WILCHES,2025,10
68615,SANTANDER,RIONEGRO,2023,6
68615,SANTANDER,RIONEGRO,2024,5
68615,SANTANDER,RIONEGRO,2025,6
68655,SANTANDER,SABANA DE TORRES,2023,3
68655,SANTANDER,SABANA DE TORRES,2024,9
68655,SANTANDER,SABANA DE TORRES,2025,9
68679,SANTANDER,SAN GIL,2024,6
68679,SANTANDER,SAN GIL,2025,9
68684,SANTANDER,SAN JOSE DE MIRANDA,2025,1
68689,SANTANDER,SAN VICENTE DE CHUCURI,2023,4
68689,SANTANDER,SAN VICENTE DE CHUCURI,2024,5
68689,SANTANDER,SAN VICENTE DE CHUCURI,2025,4
68745,SANTANDER,SIMACOTA,2023,2
68745,SANTANDER,SIMACOTA,2024,3
68745,SANTANDER,SIMACOTA,2025,1
68755,SANTANDER,SOCORRO,2023,4
68755,SANTANDER,SOCORRO,2024,1
68755,SANTANDER,SOCORRO,2025,2
68770,SANTANDER,SUAITA,2023,2
68773,SANTANDER,SUCRE,2025,1
68780,SANTANDER,SURATA,2023,2
68780,SANTANDER,SURATA,2024,1
68820,SANTANDER,TONA,2023,1
68820,SANTANDER,TONA,2025,1
68861,SANTANDER,VELEZ,2023,1
68861,SANTANDER,VELEZ,2024,1
68861,SANTANDER,VELEZ,2025,3
68867,SANTANDER,VETAS,2025,1
68872,SANTANDER,VILLANUEVA,2023,1
70001,SUCRE,SINCELEJO,2023,51
70001,SUCRE,SINCELEJO,2024,71
70001,SUCRE,SINCELEJO,2025,97
70110,SUCRE,BUENAVISTA,2024,1
70110,SUCRE,BUENAVISTA,2025,2
70124,SUCRE,CAIMITO,2023,1
70124,SUCRE,CAIMITO,2024,1
70124,SUCRE,CAIMITO,2025,1
70204,SUCRE,COLOSO,2023,1
70204,SUCRE,COLOSO,2024,5
70204,SUCRE,COLOSO,2025,1
70215,SUCRE,COROZAL,2023,6
70215,SUCRE,COROZAL,2024,16
70215,SUCRE,COROZAL,2025,13
70221,SUCRE,COVEÑAS,2023,2
70221,SUCRE,COVEÑAS,2024,8
70221,SUCRE,COVEÑAS,2025,9
70230,SUCRE,CHALAN,2024,2
70233,SUCRE,EL ROBLE,2024,1
70233,SUCRE,EL ROBLE,2025,3
70235,SUCRE,GALERAS,2023,1
70265,SUCRE,GUARANDA,2023,1
70265,SUCRE,GUARANDA,2025,3
70400,SUCRE,LA UNION,2023,1
70400,SUCRE,LA UNION,2024,1
70400,SUCRE,LA UNION,2025,4
70418,SUCRE,LOS PALMITOS,2023,3
70418,SUCRE,LOS PALMITOS,2024,2
70418,SUCRE,LOS PALMITOS,2025,2
70429,SUCRE,MAJAGUAL,2023,3
70429,SUCRE,MAJAGUAL,2024,3
70429,SUCRE,MAJAGUAL,2025,6
70473,SUCRE,MORROA,2024,4
70473,SUCRE,MORROA,2025,3
70508,SUCRE,OVEJAS,2023,2
70508,SUCRE,OVEJAS,2024,6
70508,SUCRE,OVEJAS,2025,9
70523,SUCRE,PALMITO,2023,1
70523,SUCRE,PALMITO,2024,6
70523,SUCRE,PALMITO,2025,2
70670,SUCRE,SAMPUES,2024,5
70670,SUCRE,SAMPUES,2025,8
70678,SUCRE,SAN BENITO ABAD,2023,1
70678,SUCRE,SAN BENITO ABAD,2024,2
70678,SUCRE,SAN BENITO ABAD,2025,4
70702,SUCRE,SAN JUAN DE BETULIA,2024,4
70708,SUCRE,SAN MARCOS,2023,2
70708,SUCRE,SAN MARCOS,2024,6
70708,SUCRE,SAN MARCOS,2025,4
70713,SUCRE,SAN ONOFRE,2023,5
70713,SUCRE,SAN ONOFRE,2024,5
70713,SUCRE,SAN ONOFRE,2025,2
70717,SUCRE,SAN PEDRO,2023,2
70717,SUCRE,SAN PEDRO,2024,5
70717,SUCRE,SAN PEDRO,2025,9
70742,SUCRE,SAN LUIS DE SINCE,2023,3
70742,SUCRE,SAN LUIS DE SINCE,2024,5
70742,SUCRE,SAN LUIS DE SINCE,2025,13
70771,SUCRE,SUCRE,2024,2
70771,SUCRE,SUCRE,2025,4
70820,SUCRE,SANTIAGO DE TOLU,2023,2
70820,SUCRE,SANTIAGO DE TOLU,2024,2
70820,SUCRE,SANTIAGO DE TOLU,2025,6
70823,SUCRE,SAN JOSE DE TOLUVIEJO,2023,3
70823,SUCRE,SAN JOSE DE TOLUVIEJO,2024,6
70823,SUCRE,SAN JOSE DE TOLUVIEJO,2025,3
73001,TOLIMA,IBAGUE,2023,118
73001,TOLIMA,IBAGUE,2024,222
73001,TOLIMA,IBAGUE,2025,165
73024,TOLIMA,ALPUJARRA,2023,1
73024,TOLIMA,ALPUJARRA,2024,1
73026,TOLIMA,ALVARADO,2023,3
73026,TOLIMA,ALVARADO,2024,5
73030,TOLIMA,AMBALEMA,2023,1
73030,TOLIMA,AMBALEMA,2024,2
73030,TOLIMA,AMBALEMA,2025,3
73043,TOLIMA,ANZOATEGUI,2023,2
73043,TOLIMA,ANZOATEGUI,2024,4
73055,TOLIMA,ARMERO,2023,1
73055,TOLIMA,ARMERO,2024,3
73055,TOLIMA,ARMERO,2025,2
73067,TOLIMA,ATACO,2023,3
73067,TOLIMA,ATACO,2024,2
73067,TOLIMA,ATACO,2025,1
73124,TOLIMA,CAJAMARCA,2023,1
73124,TOLIMA,CAJAMARCA,2024,8
73124,TOLIMA,CAJAMARCA,2025,9
73148,TOLIMA,CARMEN DE APICALA,2023,4
73148,TOLIMA,CARMEN DE APICALA,2024,2
73148,TOLIMA,CARMEN DE APICALA,2025,2
73152,TOLIMA,CASABIANCA,2024,1
73152,TOLIMA,CASABIANCA,2025,1
73168,TOLIMA,CHAPARRAL,2023,23
73168,TOLIMA,CHAPARRAL,2024,35
73168,TOLIMA,CHAPARRAL,2025,12
73200,TOLIMA,COELLO,2024,1
73200,TOLIMA,COELLO,2025,1
73217,TOLIMA,COYAIMA,2023,4
73217,TOLIMA,COYAIMA,2024,2
73217,TOLIMA,COYAIMA,2025,2
73226,TOLIMA,CUNDAY,2023,2
73226,TOLIMA,CUNDAY,2024,1
73226,TOLIMA,CUNDAY,2025,1
73236,TOLIMA,DOLORES,2024,3
73236,TOLIMA,DOLORES,2025,1
73268,TOLIMA,ESPINAL,2023,22
73268,TOLIMA,ESPINAL,2024,21
73268,TOLIMA,ESPINAL,2025,28
73270,TOLIMA,FALAN,2023,1
73270,TOLIMA,FALAN,2024,3
73270,TOLIMA,FALAN,2025,2
73275,TOLIMA,FLANDES,2023,2
73275,TOLIMA,FLANDES,2024,4
73275,TOLIMA,FLANDES,2025,1
73283,TOLIMA,FRESNO,2023,5
73283,TOLIMA,FRESNO,2024,1
73283,TOLIMA,FRESNO,2025,3
73319,TOLIMA,GUAMO,2023,8
73319,TOLIMA,GUAMO,2024,14
73319,TOLIMA,GUAMO,2025,10
73347,TOLIMA,HERVEO,2023,1
73347,TOLIMA,HERVEO,2025,1
73349,TOLIMA,HONDA,2023,9
73349,TOLIMA,HONDA,2024,12
73349,TOLIMA,HONDA,2025,8
73352,TOLIMA,ICONONZO,2023,1
73352,TOLIMA,ICONONZO,2024,3
73352,TOLIMA,ICONONZO,2025,6
73408,TOLIMA,LERIDA,2023,6
73408,TOLIMA,LERIDA,2024,6
73408,TOLIMA,LERIDA,2025,4
73411,TOLIMA,LIBANO,2023,6
73411,TOLIMA,LIBANO,2024,14
73411,TOLIMA,LIBANO,2025,14
73443,TOLIMA,SAN SEBASTIAN DE MARIQUITA,2023,15
73443,TOLIMA,SAN SEBASTIAN DE MARIQUITA,2024,21
73443,TOLIMA,SAN SEBASTIAN DE MARIQUITA,2025,10
73449,TOLIMA,MELGAR,2023,3
73449,TOLIMA,MELGAR,2024,18
73449,TOLIMA,MELGAR,2025,4
73461,TOLIMA,MURILLO,2023,1
73461,TOLIMA,MURILLO,2024,5
73461,TOLIMA,MURILLO,2025,1
73483,TOLIMA,NATAGAIMA,2024,7
73483,TOLIMA,NATAGAIMA,2025,2
73504,TOLIMA,ORTEGA,2023,2
73504,TOLIMA,ORTEGA,2024,3
73504,TOLIMA,ORTEGA,2025,5
73520,TOLIMA,PALOCABILDO,2024,3
73520,TOLIMA,PALOCABILDO,2025,2
73547,TOLIMA,PIEDRAS,2024,3
73547,TOLIMA,PIEDRAS,2025,1
73555,TOLIMA,PLANADAS,2023,4
73555,TOLIMA,PLANADAS,2024,7
73555,TOLIMA,PLANADAS,2025,4
73563,TOLIMA,PRADO,2023,3
73563,TOLIMA,PRADO,2024,6
73563,TOLIMA,PRADO,2025,5
73585,TOLIMA,PURIFICACION,2023,1
73585,TOLIMA,PURIFICACION,2025,5
73616,TOLIMA,RIOBLANCO,2023,7
73616,TOLIMA,RIOBLANCO,2024,6
73616,TOLIMA,RIOBLANCO,2025,2
73622,TOLIMA,RONCESVALLES,2023,1
73622,TOLIMA,RONCESVALLES,2024,1
73622,TOLIMA,RONCESVALLES,2025,2
73624,TOLIMA,ROVIRA,2023,9
73624,TOLIMA,ROVIRA,2024,11
73624,TOLIMA,ROVIRA,2025,3
73671,TOLIMA,SALDAÑA,2023,4
73671,TOLIMA,SALDAÑA,2024,7
73671,TOLIMA,SALDAÑA,2025,6
73675,TOLIMA,SAN ANTONIO,2023,3
73675,TOLIMA,SAN ANTONIO,2024,5
73675,TOLIMA,SAN ANTONIO,2025,7
73678,TOLIMA,SAN LUIS,2023,1
73678,TOLIMA,SAN LUIS,2024,7
73678,TOLIMA,SAN LUIS,2025,3
73686,TOLIMA,SANTA ISABEL,2023,1
73686,TOLIMA,SANTA ISABEL,2024,2
73686,TOLIMA,SANTA ISABEL,2025,2
73770,TOLIMA,SUAREZ,2025,2
73854,TOLIMA,VALLE DE SAN JUAN,2023,1
73854,TOLIMA,VALLE DE SAN JUAN,2024,1
73854,TOLIMA,VALLE DE SAN JUAN,2025,3
73861,TOLIMA,VENADILLO,2023,4
73861,TOLIMA,VENADILLO,2024,8
73861,TOLIMA,VENADILLO,2025,3
73870,TOLIMA,VILLAHERMOSA,2023,4
73870,TOLIMA,VILLAHERMOSA,2024,2
73870,TOLIMA,VILLAHERMOSA,2025,1
73873,TOLIMA,VILLARRICA,2024,1
73873,TOLIMA,VILLARRICA,2025,1
76001,VALLE DEL CAUCA,CALI,2023,468
76001,VALLE DEL CAUCA,CALI,2024,472
76001,VALLE DEL CAUCA,CALI,2025,435
76020,VALLE DEL CAUCA,ALCALA,2023,3
76020,VALLE DEL CAUCA,ALCALA,2025,1
76036,VALLE DEL CAUCA,ANDALUCIA,2023,4
76036,VALLE DEL CAUCA,ANDALUCIA,2024,6
76036,VALLE DEL CAUCA,ANDALUCIA,2025,10
76041,VALLE DEL CAUCA,ANSERMANUEVO,2023,2
76041,VALLE DEL CAUCA,ANSERMANUEVO,2024,3
76054,VALLE DEL CAUCA,ARGELIA,2023,1
76054,VALLE DEL CAUCA,ARGELIA,2024,1
76100,VALLE DEL CAUCA,BOLIVAR,2023,1
76100,VALLE DEL CAUCA,BOLIVAR,2024,5
76100,VALLE DEL CAUCA,BOLIVAR,2025,6
76109,VALLE DEL CAUCA,BUENAVENTURA,2023,158
76109,VALLE DEL CAUCA,BUENAVENTURA,2024,156
76109,VALLE DEL CAUCA,BUENAVENTURA,2025,112
76111,VALLE DEL CAUCA,GUADALAJARA DE BUGA,2023,22
76111,VALLE DEL CAUCA,GUADALAJARA DE BUGA,2024,43
76111,VALLE DEL CAUCA,GUADALAJARA DE BUGA,2025,35
76113,VALLE DEL CAUCA,BUGALAGRANDE,2023,6
76113,VALLE DEL CAUCA,BUGALAGRANDE,2024,10
76113,VALLE DEL CAUCA,BUGALAGRANDE,2025,2
76122,VALLE DEL CAUCA,CAICEDONIA,2023,2
76122,VALLE DEL CAUCA,CAICEDONIA,2024,2
76122,VALLE DEL CAUCA,CAICEDONIA,2025,9
76126,VALLE DEL CAUCA,CALIMA,2023,5
76126,VALLE DEL CAUCA,CALIMA,2024,4
76126,VALLE DEL CAUCA,CALIMA,2025,7
76130,VALLE DEL CAUCA,CANDELARIA,2023,15
76130,VALLE DEL CAUCA,CANDELARIA,2024,18
76130,VALLE DEL CAUCA,CANDELARIA,2025,23
76147,VALLE DEL CAUCA,CARTAGO,2023,25
76147,VALLE DEL CAUCA,CARTAGO,2024,25
76147,VALLE DEL CAUCA,CARTAGO,2025,28
76233,VALLE DEL CAUCA,DAGUA,2023,15
76233,VALLE DEL CAUCA,DAGUA,2024,23
76233,VALLE DEL CAUCA,DAGUA,2025,11
76243,VALLE DEL CAUCA,EL AGUILA,2023,2
76243,VALLE DEL CAUCA,EL AGUILA,2025,1
76246,VALLE DEL CAUCA,EL CAIRO,2024,1
76248,VALLE DEL CAUCA,EL CERRITO,2023,11
76248,VALLE DEL CAUCA,EL CERRITO,2024,17
76248,VALLE DEL CAUCA,EL CERRITO,2025,18
76250,VALLE DEL CAUCA,EL DOVIO,2024,1
76250,VALLE DEL CAUCA,EL DOVIO,2025,4
76275,VALLE DEL CAUCA,FLORIDA,2023,22
76275,VALLE DEL CAUCA,FLORIDA,2024,21
76275,VALLE DEL CAUCA,FLORIDA,2025,22
76306,VALLE DEL CAUCA,GINEBRA,2023,20
76306,VALLE DEL CAUCA,GINEBRA,2024,8
76306,VALLE DEL CAUCA,GINEBRA,2025,10
76318,VALLE DEL CAUCA,GUACARI,2023,4
76318,VALLE DEL CAUCA,GUACARI,2024,20
76318,VALLE DEL CAUCA,GUACARI,2025,6
76364,VALLE DEL CAUCA,JAMUNDI,2023,58
76364,VALLE DEL CAUCA,JAMUNDI,2024,63
76364,VALLE DEL CAUCA,JAMUNDI,2025,52
76377,VALLE DEL CAUCA,LA CUMBRE,2023,1
76377,VALLE DEL CAUCA,LA CUMBRE,2024,6
76377,VALLE DEL CAUCA,LA CUMBRE,2025,3
76400,VALLE DEL CAUCA,LA UNION,2023,7
76400,VALLE DEL CAUCA,LA UNION,2024,33
76400,VALLE DEL CAUCA,LA UNION,2025,16
76403,VALLE DEL CAUCA,LA VICTORIA,2023,2
76403,VALLE DEL CAUCA,LA VICTORIA,2024,3
76403,VALLE DEL CAUCA,LA VICTORIA,2025,8
76497,VALLE DEL CAUCA,OBANDO,2023,3
76497,VALLE DEL CAUCA,OBANDO,2024,4
76497,VALLE DEL CAUCA,OBANDO,2025,4
76520,VALLE DEL CAUCA,PALMIRA,2023,72
76520,VALLE DEL CAUCA,PALMIRA,2024,96
76520,VALLE DEL CAUCA,PALMIRA,2025,96
76563,VALLE DEL CAUCA,PRADERA,2023,14
76563,VALLE DEL CAUCA,PRADERA,2024,19
76563,VALLE DEL CAUCA,PRADERA,2025,12
76606,VALLE DEL CAUCA,RESTREPO,2023,2
76606,VALLE DEL CAUCA,RESTREPO,2024,3
76606,VALLE DEL CAUCA,RESTREPO,2025,7
76616,VALLE DEL CAUCA,RIOFRIO,2023,3
76616,VALLE DEL CAUCA,RIOFRIO,2024,6
76616,VALLE DEL CAUCA,RIOFRIO,2025,8
76622,VALLE DEL CAUCA,ROLDANILLO,2023,3
76622,VALLE DEL CAUCA,ROLDANILLO,2024,6
76622,VALLE DEL CAUCA,ROLDANILLO,2025,8
76670,VALLE DEL CAUCA,SAN PEDRO,2023,5
76670,VALLE DEL CAUCA,SAN PEDRO,2024,4
76670,VALLE DEL CAUCA,SAN PEDRO,2025,8
76736,VALLE DEL CAUCA,SEVILLA,2023,8
76736,VALLE DEL CAUCA,SEVILLA,2024,16
76736,VALLE DEL CAUCA,SEVILLA,2025,17
76823,VALLE DEL CAUCA,TORO,2023,2
76823,VALLE DEL CAUCA,TORO,2024,8
76823,VALLE DEL CAUCA,TORO,2025,8
76828,VALLE DEL CAUCA,TRUJILLO,2023,3
76828,VALLE DEL CAUCA,TRUJILLO,2024,11
76828,VALLE DEL CAUCA,TRUJILLO,2025,6
76834,VALLE DEL CAUCA,TULUA,2023,111
76834,VALLE DEL CAUCA,TULUA,2024,124
76834,VALLE DEL CAUCA,TULUA,2025,113
76845,VALLE DEL CAUCA,ULLOA,2023,1
76863,VALLE DEL CAUCA,VERSALLES,2023,1
76863,VALLE DEL CAUCA,VERSALLES,2024,2
76863,VALLE DEL CAUCA,VERSALLES,2025,5
76869,VALLE DEL CAUCA,VIJES,2023,1
76869,VALLE DEL CAUCA,VIJES,2025,1
76890,VALLE DEL CAUCA,YOTOCO,2023,1
76890,VALLE DEL CAUCA,YOTOCO,2024,3
76890,VALLE DEL CAUCA,YOTOCO,2025,5
76892,VALLE DEL CAUCA,YUMBO,2023,23
76892,VALLE DEL CAUCA,YUMBO,2024,25
76892,VALLE DEL CAUCA,YUMBO,2025,17
76895,VALLE DEL CAUCA,ZARZAL,2023,7
76895,VALLE DEL CAUCA,ZARZAL,2024,13
76895,VALLE DEL CAUCA,ZARZAL,2025,11
81001,ARAUCA,ARAUCA,2023,42
81001,ARAUCA,ARAUCA,2024,36
81001,ARAUCA,ARAUCA,2025,47
81065,ARAUCA,ARAUQUITA,2023,3
81065,ARAUCA,ARAUQUITA,2024,7
81065,ARAUCA,ARAUQUITA,2025,9
81220,ARAUCA,CRAVO NORTE,2023,2
81220,ARAUCA,CRAVO NORTE,2024,4
81220,ARAUCA,CRAVO NORTE,2025,1
81300,ARAUCA,FORTUL,2023,5
81300,ARAUCA,FORTUL,2024,8
81300,ARAUCA,FORTUL,2025,5
81591,ARAUCA,PUERTO RONDON,2023,2
81591,ARAUCA,PUERTO RONDON,2024,2
81591,ARAUCA,PUERTO RONDON,2025,1
81736,ARAUCA,SARAVENA,2023,5
81736,ARAUCA,SARAVENA,2024,10
81736,ARAUCA,SARAVENA,2025,9
81794,ARAUCA,TAME,2023,16
81794,ARAUCA,TAME,2024,8
81794,ARAUCA,TAME,2025,6
85001,CASANARE,YOPAL,2023,33
85001,CASANARE,YOPAL,2024,67
85001,CASANARE,YOPAL,2025,47
85010,CASANARE,AGUAZUL,2023,4
85010,CASANARE,AGUAZUL,2024,10
85010,CASANARE,AGUAZUL,2025,5
85015,CASANARE,CHAMEZA,2023,1
85125,CASANARE,HATO COROZAL,2023,4
85125,CASANARE,HATO COROZAL,2024,3
85125,CASANARE,HATO COROZAL,2025,6
85139,CASANARE,MANI,2023,3
85139,CASANARE,MANI,2024,4
85139,CASANARE,MANI,2025,6
85162,CASANARE,MONTERREY,2023,4
85162,CASANARE,MONTERREY,2024,7
85162,CASANARE,MONTERREY,2025,10
85225,CASANARE,NUNCHIA,2023,1
85225,CASANARE,NUNCHIA,2024,2
85225,CASANARE,NUNCHIA,2025,2
85230,CASANARE,OROCUE,2023,3
85230,CASANARE,OROCUE,2024,3
85230,CASANARE,OROCUE,2025,4
85250,CASANARE,PAZ DE ARIPORO,2023,4
85250,CASANARE,PAZ DE ARIPORO,2024,16
85250,CASANARE,PAZ DE ARIPORO,2025,12
85263,CASANARE,PORE,2023,6
85263,CASANARE,PORE,2024,4
85263,CASANARE,PORE,2025,6
85279,CASANARE,RECETOR,2025,1
85315,CASANARE,SACAMA,2024,1
85325,CASANARE,SAN LUIS DE PALENQUE,2023,3
85325,CASANARE,SAN LUIS DE PALENQUE,2025,1
85400,CASANARE,TAMARA,2025,5
85410,CASANARE,TAURAMENA,2023,2
85410,CASANARE,TAURAMENA,2024,8
85410,CASANARE,TAURAMENA,2025,9
85430,CASANARE,TRINIDAD,2023,2
85430,CASANARE,TRINIDAD,2024,3
85430,CASANARE,TRINIDAD,2025,6
85440,CASANARE,VILLANUEVA,2023,12
85440,CASANARE,VILLANUEVA,2024,10
85440,CASANARE,VILLANUEVA,2025,12
86001,PUTUMAYO,MOCOA,2023,19
86001,PUTUMAYO,MOCOA,2024,19
86001,PUTUMAYO,MOCOA,2025,15
86320,PUTUMAYO,ORITO,2023,13
86320,PUTUMAYO,ORITO,2024,7
86320,PUTUMAYO,ORITO,2025,5
86568,PUTUMAYO,PUERTO ASIS,2023,23
86568,PUTUMAYO,PUERTO ASIS,2024,12
86568,PUTUMAYO,PUERTO ASIS,2025,11
86569,PUTUMAYO,PUERTO CAICEDO,2023,1
86569,PUTUMAYO,PUERTO CAICEDO,2024,3
86569,PUTUMAYO,PUERTO CAICEDO,2025,3
86571,PUTUMAYO,PUERTO GUZMAN,2024,2
86571,PUTUMAYO,PUERTO GUZMAN,2025,3
86573,PUTUMAYO,PUERTO LEGUIZAMO,2023,6
86573,PUTUMAYO,PUERTO LEGUIZAMO,2024,3
86749,PUTUMAYO,SIBUNDOY,2023,1
86749,PUTUMAYO,SIBUNDOY,2024,1
86749,PUTUMAYO,SIBUNDOY,2025,3
86757,PUTUMAYO,SAN MIGUEL,2023,1
86757,PUTUMAYO,SAN MIGUEL,2024,1
86757,PUTUMAYO,SAN MIGUEL,2025,1
86760,PUTUMAYO,SANTIAGO,2024,1
86865,PUTUMAYO,VALLE DEL GUAMUEZ,2023,3
86865,PUTUMAYO,VALLE DEL GUAMUEZ,2024,5
86865,PUTUMAYO,VALLE DEL GUAMUEZ,2025,9
86885,PUTUMAYO,VILLAGARZON,2023,7
86885,PUTUMAYO,VILLAGARZON,2024,8
86885,PUTUMAYO,VILLAGARZON,2025,8
88001,SAN ANDRES ISLAS,SAN ANDRES,2023,14
88001,SAN ANDRES ISLAS,SAN ANDRES,2024,4
88001,SAN ANDRES ISLAS,SAN ANDRES,2025,4
88564,SAN ANDRES ISLAS,PROVIDENCIA,2023,1
88564,SAN ANDRES ISLAS,PROVIDENCIA,2025,1
91001,AMAZONAS,LETICIA,2023,1
91001,AMAZONAS,LETICIA,2024,1
91407,AMAZONAS,LA PEDRERA,2025,1
94001,GUAINIA,INIRIDA,2023,3
94001,GUAINIA,INIRIDA,2024,5
94001,GUAINIA,INIRIDA,2025,7
95001,GUAVIARE,SAN JOSE DEL GUAVIARE,2023,48
95001,GUAVIARE,SAN JOSE DEL GUAVIARE,2024,42
95001,GUAVIARE,SAN JOSE DEL GUAVIARE,2025,47
95015,GUAVIARE,CALAMAR,2023,6
95015,GUAVIARE,CALAMAR,2024,3
95015,GUAVIARE,CALAMAR,2025,3
95025,GUAVIARE,EL RETORNO,2023,10
95025,GUAVIARE,EL RETORNO,2024,2
95025,GUAVIARE,EL RETORNO,2025,3
95200,GUAVIARE,MIRAFLORES,2023,3
95200,GUAVIARE,MIRAFLORES,2025,3
97001,VAUPES,MITU,2023,4
97001,VAUPES,MITU,2024,2
97001,VAUPES,MITU,2025,2
99001,VICHADA,PUERTO CARREÑO,2023,9
99001,VICHADA,PUERTO CARREÑO,2024,4
99001,VICHADA,PUERTO CARREÑO,2025,12
99524,VICHADA,LA PRIMAVERA,2025,8
99624,VICHADA,SANTA ROSALIA,2025,1
99773,VICHADA,CUMARIBO,2023,2
99773,VICHADA,CUMARIBO,2024,3
99773,VICHADA,CUMARIBO,2025,7
