anio_mes,trm_promedio,n_dias
1991-12,630.1190,21
1992-01,644.5977,22
1992-02,635.5819,21
1992-03,640.5225,20
1992-04,649.1635,20
1992-05,660.0286,21
1992-06,676.4211,18
1992-07,704.5005,22
1992-08,693.7174,19
1992-09,697.1064,22
1992-10,708.0695,22
1992-11,723.0094,18
1992-12,733.7252,21
1993-01,745.5440,20
1993-02,749.6805,20
1993-03,764.6848,21
1993-04,771.7880,20
1993-05,779.7070,20
1993-06,784.2440,20
1993-07,795.3762,21
1993-08,804.7740,20
1993-09,809.6805,22
1993-10,814.5757,21
1993-11,813.9279,19
1993-12,803.4791,22
1994-01,816.1495,20
1994-02,817.6675,20
1994-03,819.7514,22
1994-04,830.7355,20
1994-05,841.6630,20
1994-06,830.9425,20
1994-07,818.8855,20
1994-08,814.7852,21
1994-09,830.0632,22
1994-10,839.3220,20
1994-11,830.0250,20
1994-12,829.3786,22
1995-01,846.9100,21
1995-02,850.8995,20
1995-03,865.7426,23
1995-04,872.9262,21
1995-05,876.7527,22
1995-06,874.7605,22
1995-07,892.6757,21
1995-08,934.7857,23
1995-09,964.2905,22
1995-10,985.9238,21
1995-11,1000.4491,22
1995-12,988.1285,20
1996-01,1011.6395,21
1996-02,1029.6371,21
1996-03,1045.1650,22
1996-04,1051.1926,19
1996-05,1066.2395,21
1996-06,1071.8126,19
1996-07,1063.8605,21
1996-08,1044.7224,21
1996-09,1040.7615,20
1996-10,1015.7768,22
1996-11,998.3835,20
1996-12,1000.7132,19
1997-01,1028.1500,20
1997-02,1074.2425,20
1997-03,1062.1583,18
1997-04,1060.6491,22
1997-05,1075.2738,21
1997-06,1083.0361,18
1997-07,1103.0045,22
1997-08,1134.6815,20
1997-09,1224.8829,21
1997-10,1262.8850,22
1997-11,1295.1400,19
1997-12,1296.2316,19
1998-01,1325.5775,20
1998-02,1346.2125,20
1998-03,1357.7605,20
1998-04,1360.6470,20
1998-05,1386.8190,20
1998-06,1386.0289,18
1998-07,1371.5445,22
1998-08,1390.4574,19
1998-09,1520.5177,22
1998-10,1586.8191,22
1998-11,1562.0189,18
1998-12,1522.6729,21
1999-01,1570.6575,20
1999-02,1566.3375,20
1999-03,1549.2824,21
1999-04,1574.6690,20
1999-05,1641.3320,20
1999-06,1693.9875,20
1999-07,1818.1905,21
1999-08,1880.3035,20
1999-09,1975.6364,22
1999-10,1978.3743,21
1999-11,1943.2205,19
1999-12,1888.4610,21
2000-01,1926.1958,19
2000-02,1950.6395,21
2000-03,1956.2545,22
2000-04,1987.6979,19
2000-05,2058.1329,21
2000-06,2120.1695,20
2000-07,2161.3411,19
2000-08,2187.3767,21
2000-09,2213.6927,22
2000-10,2174.8285,20
2000-11,2136.6330,20
2000-12,2186.2089,19
2001-01,2242.0130,20
2001-02,2243.4245,20
2001-03,2280.2264,22
2001-04,2323.7956,18
2001-05,2346.9295,21
2001-06,2305.3195,20
2001-07,2304.5621,19
2001-08,2288.9010,21
2001-09,2328.4210,21
2001-10,2320.1029,21
2001-11,2310.4665,20
2001-12,2306.4543,21
2002-01,2274.1450,20
2002-02,2286.7040,20
2002-03,2281.2200,19
2002-04,2263.1943,21
2002-05,2310.2362,21
2002-06,2366.0668,19
2002-07,2511.8619,21
2002-08,2649.8976,21
2002-09,2753.6190,20
2002-10,2827.8600,22
2002-11,2729.5400,20
2002-12,2816.4200,20
2003-01,2915.4115,20
2003-02,2951.8620,20
2003-03,2959.0085,20
2003-04,2926.6165,20
2003-05,2858.6855,22
2003-06,2824.9483,18
2003-07,2862.8814,21
2003-08,2865.5770,20
2003-09,2840.7890,20
2003-10,2876.1950,22
2003-11,2844.6353,17
2003-12,2805.7570,20
2004-01,2749.8330,20
2004-02,2714.4405,19
2004-03,2670.2495,21
2004-04,2639.5950,20
2004-05,2719.4275,20
2004-06,2716.1158,19
2004-07,2651.3776,21
2004-08,2597.8955,20
2004-09,2552.2010,21
2004-10,2580.2770,20
2004-11,2528.6024,17
2004-12,2411.3655,22
2005-01,2362.1250,18
2005-02,2341.6642,19
2005-03,2353.7120,20
2005-04,2349.9323,22
2005-05,2338.7442,19
2005-06,2331.7867,21
2005-07,2322.6340,20
2005-08,2306.0810,21
2005-09,2294.4805,21
2005-10,2292.0042,19
2005-11,2279.9367,18
2005-12,2278.9076,21
2006-01,2272.5061,18
2006-02,2256.3647,19
2006-03,2262.3595,22
2006-04,2336.4295,19
2006-05,2420.1420,20
2006-06,2542.2425,20
2006-07,2507.9983,18
2006-08,2389.6462,21
2006-09,2398.6624,21
2006-10,2361.0784,19
2006-11,2290.8342,19
2006-12,2261.3353,19
2007-01,2237.7926,19
2007-02,2227.9426,19
2007-03,2200.8814,22
2007-04,2142.0578,18
2007-05,2011.5830,20
2007-06,1925.6020,20
2007-07,1949.8806,18
2007-08,2058.2800,21
2007-09,2110.1635,20
2007-10,2002.4340,20
2007-11,2046.3053,19
2007-12,2014.2015,20
2008-01,1979.4505,19
2008-02,1903.1690,20
2008-03,1846.9033,18
2008-04,1796.1259,22
2008-05,1776.3110,20
2008-06,1721.6979,19
2008-07,1778.0795,21
2008-08,1848.6885,20
2008-09,2079.4185,20
2008-10,2289.1650,22
2008-11,2331.6224,17
2008-12,2249.4515,20
2009-01,2263.6116,19
2009-02,2521.1063,19
2009-03,2473.2775,20
2009-04,2379.3645,20
2009-05,2225.4825,20
2009-06,2087.2300,18
2009-07,2052.6841,22
2009-08,2018.9653,19
2009-09,1978.9586,21
2009-10,1908.9073,22
2009-11,1972.5256,16
2009-12,2017.0500,21
2010-01,1975.3433,18
2010-02,1951.1042,19
2010-03,1907.9929,21
2010-04,1940.3555,20
2010-05,1984.3595,20
2010-06,1923.4921,19
2010-07,1873.0048,21
2010-08,1817.8770,20
2010-09,1805.4981,21
2010-10,1810.7235,20
2010-11,1864.3906,17
2010-12,1925.8595,22
2011-01,1863.6839,18
2011-02,1882.7932,19
2011-03,1884.3768,22
2011-04,1810.5400,20
2011-05,1802.5335,20
2011-06,1782.5375,20
2011-07,1762.5505,20
2011-08,1785.3805,21
2011-09,1838.6929,21
2011-10,1909.2595,19
2011-11,1917.6667,18
2011-12,1934.7345,20
2012-01,1842.6506,18
2012-02,1783.7450,20
2012-03,1767.5118,22
2012-04,1774.1172,18
2012-05,1790.9135,20
2012-06,1792.2315,20
2012-07,1785.1411,18
2012-08,1806.3410,21
2012-09,1801.9480,20
2012-10,1805.6735,20
2012-11,1820.5263,19
2012-12,1793.9390,20
2013-01,1770.2258,19
2013-02,1791.7942,19
2013-03,1811.0663,19
2013-04,1829.8505,21
2013-05,1848.9240,20
2013-06,1910.5221,19
2013-07,1898.4265,20
2013-08,1905.1686,21
2013-09,1917.7095,19
2013-10,1885.9145,22
2013-11,1922.3332,19
2013-12,1934.1870,20
2014-01,1962.3074,19
2014-02,2041.4479,19
2014-03,2022.1930,20
2014-04,1939.2665,20
2014-05,1915.2238,21
2014-06,1887.0156,18
2014-07,1857.7643,21
2014-08,1900.0520,20
2014-09,1976.6130,20
2014-10,2047.0314,22
2014-11,2131.0788,17
2014-12,2351.1295,20
2015-01,2400.9726,19
2015-02,2425.6495,19
2015-03,2591.0580,20
2015-04,2495.3640,20
2015-05,2440.8532,19
2015-06,2556.1167,18
2015-07,2731.9032,22
2015-08,3023.2895,19
2015-09,3071.1900,21
2015-10,2936.0309,22
2015-11,3000.2062,16
2015-12,3244.5052,21
2016-01,3291.1361,18
2016-02,3358.4442,19
2016-03,3145.2575,20
2016-04,2992.0050,22
2016-05,2995.6047,19
2016-06,2991.6814,21
2016-07,2969.8760,20
2016-08,2958.2043,21
2016-09,2919.4114,21
2016-10,2933.5884,19
2016-11,3102.2139,18
2016-12,3010.1740,20
2017-01,2938.8989,18
2017-02,2880.5705,19
2017-03,2943.4945,22
2017-04,2877.4568,19
2017-05,2922.8025,20
2017-06,2958.3635,20
2017-07,3038.1089,18
2017-08,2972.6243,21
2017-09,2918.5200,21
2017-10,2956.7026,19
2017-11,3014.7768,19
2017-12,2991.4168,19
2018-01,2862.1821,19
2018-02,2860.3558,19
2018-03,2848.8645,20
2018-04,2765.2345,20
2018-05,2861.7445,20
2018-06,2895.1025,20
2018-07,2881.6922,18
2018-08,2959.5700,21
2018-09,3033.7560,20
2018-10,3088.3515,20
2018-11,3198.2268,19
2018-12,3212.4835,20
2019-01,3159.4647,19
2019-02,3113.7684,19
2019-03,3127.6910,21
2019-04,3154.1905,19
2019-05,3308.1867,21
2019-06,3253.3689,19
2019-07,3208.2895,20
2019-08,3413.3448,21
2019-09,3396.7095,19
2019-10,3437.7255,22
2019-11,3412.4532,19
2019-12,3376.0265,20
2020-01,3319.3089,19
2020-02,3416.3190,20
2020-03,3886.5150,20
2020-04,3986.5610,20
2020-05,3856.1160,20
2020-06,3691.5667,18
2020-07,3660.5991,22
2020-08,3788.0989,19
2020-09,3752.1067,21
2020-10,3834.2186,22
2020-11,3675.2075,16
2020-12,3468.5038,21
2021-01,3503.1267,18
2021-02,3557.7874,19
2021-03,3616.6471,21
2021-04,3651.8530,20
2021-05,3741.9625,20
2021-06,3691.8284,19
2021-07,3833.9410,21
2021-08,3888.6680,20
2021-09,3821.7233,21
2021-10,3772.6070,20
2021-11,3904.7559,17
2021-12,3967.7709,22
2022-01,4002.1939,18
2022-02,3938.9458,19
2022-03,3805.5214,22
2022-04,3804.8820,20
2022-05,4030.6650,20
2022-06,3922.4980,20
2022-07,4389.3255,20
2022-08,4328.0324,21
2022-09,4435.9086,21
2022-10,4720.7358,19
2022-11,4931.3311,18
2022-12,4790.0370,20
2023-01,4702.3050,18
2023-02,4796.6363,19
2023-03,4760.9614,22
2023-04,4533.5584,19
2023-05,4536.8300,19
2023-06,4213.5270,20
2023-07,4061.5256,18
2023-08,4066.8705,21
2023-09,4007.9552,21
2023-10,4219.0521,19
2023-11,4037.5142,19
2023-12,3954.1405,19
2024-01,3926.3595,19
2024-02,3932.5550,20
2024-03,3905.1753,19
2024-04,3867.2505,21
2024-05,3864.4435,20
2024-06,4057.1267,18
2024-07,4028.2755,20
2024-08,4067.6181,21
2024-09,4195.1789,19
2024-10,4257.7641,22
2024-11,4411.8311,19
2024-12,4384.5305,20
2025-01,4292.2668,19
2025-02,4133.5974,19
2025-03,4133.4800,20
2025-04,4273.8780,20
2025-05,4201.5043,21
2025-06,4113.5547,17
2025-07,4049.6924,21
2025-08,4049.9280,20
2025-09,3914.8280,20
2025-10,3881.4368,22
2025-11,3779.7606,17
2025-12,3797.4590,20
2026-01,3693.1626,19
2026-02,3678.6984,19
2026-03,3714.8565,20
2026-04,3613.5360,20
2026-05,3718.8553,19
2026-06,3497.0912,17
2026-07,3272.0100,21
2026-08,3128.9464,14
