codigo_expediente,titulo_minero,nombre_persona,mineral,municipio,departamento,codigo_dane_unificado,codigo_dane
501709-1,501709,MINA SANTO TOMAS S.A.S.,MINERALES DE ORO Y SUS CONCENTRADOS,CÁCERES,ANTIOQUIA,5120,05120
501709-2,501709,PLATINO MINERIA S.A.S.,MINERALES DE ORO Y SUS CONCENTRADOS,CÁCERES,ANTIOQUIA,5120,05120
502457-001,502457,INVERSIONES LA VENEZIA CRISTAL S.A.S,MINERALES DE ORO Y SUS CONCENTRADOS,SIMITÍ,BOLIVAR,13744,13744
502641-002,502641,DIANA PAOLA MERCADO HIGUERA,MINERALES DE ORO Y SUS CONCENTRADOS,MONTELÍBANO,CORDOBA,23466,23466
504786-001,504786,YUMA GOLD S.A.S.,MINERALES DE ORO Y SUS CONCENTRADOS,PUERTO BOYACÁ,BOYACA,15572,15572
573-17-2,573-17,CESAR AUGUSTO CASTAÑO OSORIO,MINERALES DE ORO Y SUS CONCENTRADOS,QUINCHÍA,RISARALDA,66594,66594
573-17-2,573-17,CESAR AUGUSTO CASTAÑO OSORIO,MINERALES DE ORO Y SUS CONCENTRADOS,NEIRA,CALDAS,17486,17486
B7533B005-2,B7533B005,CENOVIA GRUEZO JARAMILLO,MINERALES DE ORO Y SUS CONCENTRADOS,ZARAGOZA,ANTIOQUIA,5895,05895
B7533B005-3,B7533B005,EIMER DE JESUS MUÑOZ PEREZ,MINERALES DE ORO Y SUS CONCENTRADOS,ZARAGOZA,ANTIOQUIA,5895,05895
ELF-152-002,ELF-152,LUIS HERNAN LEON LEAL,ORO,LÍBANO,TOLIMA,73411,73411
IGA-08001-1,IGA-08001,JUAN PABLO CARDONA BEDOYA,MINERALES DE ORO Y SUS CONCENTRADOS,PUERTO BERRÍO,ANTIOQUIA,5579,05579
JBJ-08321-7,JBJ-08321,JORGE IVAN MENA RIVAS,MINERALES DE ORO Y SUS CONCENTRADOS,CÁCERES,ANTIOQUIA,5120,05120
JIT-08261-006,JIT-08261,EMPRESA MINERA QUEBRADITA S.A.S.,"MINERALES DE ORO Y PLATINO, Y SUS CONCENTRADOS",YOLOMBÓ,ANTIOQUIA,5890,05890
JIT-08261-007,JIT-08261,MINA LOS BALSOS S.A.S.,"MINERALES DE ORO Y PLATINO, Y SUS CONCENTRADOS",YOLOMBÓ,ANTIOQUIA,5890,05890
KIP-15441-004,KIP-15441,WILMAN RAFAEL ROMERO ARENILLA,MINERALES DE ORO Y SUS CONCENTRADOS,CONDOTO,CHOCO,27205,27205
QBI-16171-001,QBI-16171,MINEROS WAKANDA S.A.S.,MINERALES DE ORO Y SUS CONCENTRADOS,PALERMO,HUILA,41524,41524
SF_107,KEI-08161,JOHN JAMES JIMENEZ GIRALDO,MINERALES DE ORO Y SUS CONCENTRADOS,PUERTO BERRÍO,ANTIOQUIA,5579,05579
SF_109,KAS-14461,ARIEL ANTONIO QUINTO MURILLO,MINERALES DE ORO Y SUS CONCENTRADOS,UNIÓN PANAMERICANA ( Animas),CHOCO,27810,27810
SF_114,H7032005,NELSON MONTECINO RUIZ,ORO,NECHÍ,ANTIOQUIA,5495,05495
SF_116,H7032005,AGROMINERA EL DESQUITE S.A.S.,ORO,NECHÍ,ANTIOQUIA,5495,05495
SF_119,H7032005,AGROMINERA LA ESPERANZA S.A.S.,ORO,NECHÍ,ANTIOQUIA,5495,05495
SF_12,LCP-08142,PEDRO FLOREZ,MINERALES DE ORO Y SUS CONCENTRADOS,PUERTO LIBERTADOR,CORDOBA,23580,23580
SF_12,LCP-08142,IVAN FLOREZ VEGA,MINERALES DE ORO Y SUS CONCENTRADOS,PUERTO LIBERTADOR,CORDOBA,23580,23580
SF_120,KB5-15371,DESARROLLO DE ENERGIAS RENOVABLES DE COLOMBIA S.A.S.,MINERALES DE ORO Y SUS CONCENTRADOS,CÁCERES,ANTIOQUIA,5120,05120
SF_122,KAS-14461,MINA EL PATON S.A.S.,MINERALES DE ORO Y SUS CONCENTRADOS,UNIÓN PANAMERICANA ( Animas),CHOCO,27810,27810
SF_127,T14292011,SOCIEDAD MINERA EL BUCARO S.A.S.,MINERALES DE ORO Y SUS CONCENTRADOS,SAN ROQUE,ANTIOQUIA,5670,05670
SF_128,T14292011,MINERA MANANTIAL S.A.S.,MINERALES DE ORO Y SUS CONCENTRADOS,SAN ROQUE,ANTIOQUIA,5670,05670
SF_13,LCP-08142,CESAR AMARIS ARRIETA,MINERALES DE ORO Y SUS CONCENTRADOS,PUERTO LIBERTADOR,CORDOBA,23580,23580
SF_130,T14292011,UNIDAD MINERA EL CAIMO S.A.S.,MINERALES DE ORO Y SUS CONCENTRADOS,SAN ROQUE,ANTIOQUIA,5670,05670
SF_131,T14292011,BONANZA GOLD 3 S.A.S.,MINERALES DE ORO Y SUS CONCENTRADOS,SAN ROQUE,ANTIOQUIA,5670,05670
SF_132,HJMO-04,EDISSON GIL CADAVID,ORO,AMALFI,ANTIOQUIA,5031,05031
SF_133,T14292011,SOCIEDAD CRISTALES MALACIA GOLD S.A.S.,MINERALES DE ORO Y SUS CONCENTRADOS,SAN ROQUE,ANTIOQUIA,5670,05670
SF_134,JIT-08261,MARIO OCHOA CARLOS,"MINERALES DE ORO Y PLATINO, Y SUS CONCENTRADOS",YALÍ,ANTIOQUIA,5885,05885
SF_135,HIBJ-28,HERIBERTO PENAGOS VASQUEZ,ORO,ZARAGOZA,ANTIOQUIA,5895,05895
SF_136,HJID-04,YESMAN ALBERTO ALVAREZ OCAMPO,ORO,ZARAGOZA,ANTIOQUIA,5895,05895
SF_137,T14292011,MINERA EL DILUVIO GOLD S.A.S.,MINERALES DE ORO Y SUS CONCENTRADOS,SAN ROQUE,ANTIOQUIA,5670,05670
SF_140,T14292011,MINA LA GARCIA S.A.S.,MINERALES DE ORO Y SUS CONCENTRADOS,SAN ROQUE,ANTIOQUIA,5670,05670
SF_141,IJO-11292X,ALFREDIS MORENO MIRANDA,MINERALES DE ORO Y SUS CONCENTRADOS,CÁCERES,ANTIOQUIA,5120,05120
SF_142,HIBJ-28,EDIN MARTIN CORTES JIMENEZ,ORO,ZARAGOZA,ANTIOQUIA,5895,05895
SF_143,HJID-04,JUAN BAUTISTA QUINTANA RAMIREZ,ORO,ZARAGOZA,ANTIOQUIA,5895,05895
SF_144,734-17,MARIA OMAIRA MORALES DE MELAN,ORO,ANSERMA,CALDAS,17042,17042
SF_146,KAS-14461,JEINS ENRIQUE MOSQUERA ARBOLEDA,MINERALES DE ORO Y SUS CONCENTRADOS,UNIÓN PANAMERICANA ( Animas),CHOCO,27810,27810
SF_147,KAS-14461,MANUEL GUILLERMO DIAZ MOSQUERA,MINERALES DE ORO Y SUS CONCENTRADOS,UNIÓN PANAMERICANA ( Animas),CHOCO,27810,27810
SF_148,H5978005,HENRY FERNANDEZ MEJIA,ORO,REMEDIOS,ANTIOQUIA,5604,05604
SF_15,JGV-14404X,DIEGO ALBERTO GARCIA OROZCO,MINERALES DE ORO Y SUS CONCENTRADOS,BARBOSA,ANTIOQUIA,5079,05079
SF_15,JGV-14404X,BERNARDO DE JESUS GUTIERREZ RINCON,MINERALES DE ORO Y SUS CONCENTRADOS,DON MATÍAS,ANTIOQUIA,5237,05237
SF_15,JGV-14404X,BERNARDO DE JESUS GUTIERREZ RINCON,MINERALES DE ORO Y SUS CONCENTRADOS,BARBOSA,ANTIOQUIA,5079,05079
SF_15,JGV-14404X,DIEGO ALBERTO GARCIA OROZCO,MINERALES DE ORO Y SUS CONCENTRADOS,DON MATÍAS,ANTIOQUIA,5237,05237
SF_151,HJID-04,MARIA VICTORIA LOPEZ PATIÑO,ORO,ZARAGOZA,ANTIOQUIA,5895,05895
SF_157,IHF-08411,MATRONA S.A.S.,MINERALES DE ORO Y SUS CONCENTRADOS,REMEDIOS,ANTIOQUIA,5604,05604
SF_159,L4926005,SOCIEDAD MINERA EL AGUINALDO S.A.S.,MINERALES DE ORO Y SUS CONCENTRADOS,REMEDIOS,ANTIOQUIA,5604,05604
SF_16,JG1-15371,JAVIER ALBEIRO TOBON CALDERON,MINERALES DE ORO Y SUS CONCENTRADOS,AYAPEL,CORDOBA,23068,23068
SF_160,JG1-15371,EDISSON ARMANDO GONZALEZ GUTIERREZ,"MINERALES DE ORO Y PLATINO, Y SUS CONCENTRADOS",AYAPEL,CORDOBA,23068,23068
SF_161,JG1-15371,JUAN GUILLERMO CARDENAS ZAPATA,"MINERALES DE ORO Y PLATINO, Y SUS CONCENTRADOS",AYAPEL,CORDOBA,23068,23068
SF_162,JG1-15371,GABRIEL JAIME TOBON ALVAREZ,"MINERALES DE ORO Y PLATINO, Y SUS CONCENTRADOS",AYAPEL,CORDOBA,23068,23068
SF_163,0125-68,CALIMINEROS S.A.S.,ORO,CALIFORNIA,SANTANDER,68132,68132
SF_164,JG1-15371,JOHN RICARDO GONZALEZ BOTERO,MINERALES DE ORO Y SUS CONCENTRADOS,AYAPEL,CORDOBA,23068,23068
SF_167,KAQ-11061,PEDRO EUSEBIO VALENCIA HINESTROZA,"MINERALES DE ORO Y PLATINO, Y SUS CONCENTRADOS",TIMBIQUÍ,CAUCA,19809,19809
SF_17,H6325005,YOFRE YAN ESCUDERO PEREZ,ORO,REMEDIOS,ANTIOQUIA,5604,05604
SF_173,KAS-14461,BEATRIZ ELENA HINESTROZA GARCIA,MINERALES DE ORO Y SUS CONCENTRADOS,UNIÓN PANAMERICANA ( Animas),CHOCO,27810,27810
SF_174,KAS-14461,CARLOS MANUEL MARTINEZ DIAZ,MINERALES DE ORO Y SUS CONCENTRADOS,UNIÓN PANAMERICANA ( Animas),CHOCO,27810,27810
SF_176,KAQ-11061,PEDRO FLOREZ BONILLA,"MINERALES DE ORO Y PLATINO, Y SUS CONCENTRADOS",TIMBIQUÍ,CAUCA,19809,19809
SF_177,KAQ-11061,YIDUAR GRANJA FLOREZ,"MINERALES DE ORO Y PLATINO, Y SUS CONCENTRADOS",TIMBIQUÍ,CAUCA,19809,19809
SF_178,KAQ-11061,WILMAN GARCIA ALEGRIA,"MINERALES DE ORO Y PLATINO, Y SUS CONCENTRADOS",TIMBIQUÍ,CAUCA,19809,19809
SF_179,KAQ-11061,JOHN HAROLD SINISTERRA CARABALI,"MINERALES DE ORO Y PLATINO, Y SUS CONCENTRADOS",TIMBIQUÍ,CAUCA,19809,19809
SF_180,KAQ-11061,ADALBERTO ARRECHEA DIAZ,"MINERALES DE ORO Y PLATINO, Y SUS CONCENTRADOS",TIMBIQUÍ,CAUCA,19809,19809
SF_181,KAQ-11061,JULIO CESAR RODRIGUEZ HURTADO,"MINERALES DE ORO Y PLATINO, Y SUS CONCENTRADOS",TIMBIQUÍ,CAUCA,19809,19809
SF_183,KAQ-11061,HAROLD HERNANDO MONTAÑO HINESTROZA,"MINERALES DE ORO Y PLATINO, Y SUS CONCENTRADOS",TIMBIQUÍ,CAUCA,19809,19809
SF_184,KAQ-11061,RICAUTE VALENCIA PINILLO,"MINERALES DE ORO Y PLATINO, Y SUS CONCENTRADOS",TIMBIQUÍ,CAUCA,19809,19809
SF_185,KAQ-11061,HUMBERTO AMU VENTE,"MINERALES DE ORO Y PLATINO, Y SUS CONCENTRADOS",TIMBIQUÍ,CAUCA,19809,19809
SF_186,KB2-15561,WILMER FERNEY SINISTERRA BONILLA,"MINERALES DE ORO Y PLATINO, Y SUS CONCENTRADOS",TIMBIQUÍ,CAUCA,19809,19809
SF_187,KB2-15561,MARIO ZUÑIGA CHALA,"MINERALES DE ORO Y PLATINO, Y SUS CONCENTRADOS",TIMBIQUÍ,CAUCA,19809,19809
SF_191,B7474005,HARBEY DE JESUS RAMIREZ ARANGO,"MINERALES DE ORO Y PLATINO, Y SUS CONCENTRADOS",MUTATÁ,ANTIOQUIA,5480,05480
SF_193,B7474005,JESUS AMADO ASPRILLA VALENCIA,"MINERALES DE ORO Y PLATINO, Y SUS CONCENTRADOS",MUTATÁ,ANTIOQUIA,5480,05480
SF_20,JGV-14401,OSCAR DARIO QUIROZ  PARRA,MINERALES DE ORO Y SUS CONCENTRADOS,DON MATÍAS,ANTIOQUIA,5237,05237
SF_202,KB2-15561,HELEODORO ANGULO ARRECHEA,"MINERALES DE ORO Y PLATINO, Y SUS CONCENTRADOS",TIMBIQUÍ,CAUCA,19809,19809
SF_21,JGV-14401,JOSE YAMID LOPEZ ZAPATA,MINERALES DE ORO Y SUS CONCENTRADOS,DON MATÍAS,ANTIOQUIA,5237,05237
SF_21,JGV-14401,BERTULFO LOPEZ,MINERALES DE ORO Y SUS CONCENTRADOS,DON MATÍAS,ANTIOQUIA,5237,05237
SF_210,IJO-11291,JOSE ARMANDO PEREZ OLMOS,MINERALES DE ORO Y SUS CONCENTRADOS,CÁCERES,ANTIOQUIA,5120,05120
SF_213,B6195005,SOCIEDAD COMERCIAL Y MINERA EL MANDARINO S.A.S.,MINERALES DE ORO Y SUS CONCENTRADOS,SANTO DOMINGO,ANTIOQUIA,5690,05690
SF_214,B6195005,MINA PLAYAS VERDES S.A.S.,MINERALES DE ORO Y SUS CONCENTRADOS,SANTO DOMINGO,ANTIOQUIA,5690,05690
SF_215,IJO-11291,ELVER ARGEMIRO QUINTERO QUINTERO,MINERALES DE ORO Y SUS CONCENTRADOS,CÁCERES,ANTIOQUIA,5120,05120
SF_22,JJ9-08091,MIGUEL ENRIQUE TEHERAN  MENDOZA,"MINERALES DE ORO Y PLATINO, Y SUS CONCENTRADOS",PUERTO LIBERTADOR,CORDOBA,23580,23580
SF_22,JJ9-08091,RAFAEL ENRIQUE TERAN MENDOZA,"MINERALES DE ORO Y PLATINO, Y SUS CONCENTRADOS",PUERTO LIBERTADOR,CORDOBA,23580,23580
SF_22,JJ9-08091,ISMAEL ENRIQUE TERAN MENDOZA,"MINERALES DE ORO Y PLATINO, Y SUS CONCENTRADOS",PUERTO LIBERTADOR,CORDOBA,23580,23580
SF_22,JJ9-08091,DANITH DEL SOCORRO TEHERAN MENDOZA,"MINERALES DE ORO Y PLATINO, Y SUS CONCENTRADOS",PUERTO LIBERTADOR,CORDOBA,23580,23580
SF_222,20321,BARREINA S.A.S.,ORO,NEIVA,HUILA,41001,41001
SF_223,HHPO-06,JORGE ELIECER MORA TORO,ORO,ANORÍ,ANTIOQUIA,5040,05040
SF_223,HHPO-06,JORGE ELIECER MORA TORO,ORO,AMALFI,ANTIOQUIA,5031,05031
SF_228,B6195005,MINA AZUL GOLD S.A.S.,MINERALES DE ORO Y SUS CONCENTRADOS,SANTO DOMINGO,ANTIOQUIA,5690,05690
SF_228,B6195005,MINA AZUL GOLD S.A.S.,MINERALES DE ORO Y SUS CONCENTRADOS,SAN ROQUE,ANTIOQUIA,5670,05670
SF_229,B6195005,ABIGAIL GOLD S.A.S.,MINERALES DE ORO Y SUS CONCENTRADOS,SANTO DOMINGO,ANTIOQUIA,5690,05690
SF_23,HJID-01,SOCIEDAD MINERA LA PANELERA  S.A.S.,ORO,REMEDIOS,ANTIOQUIA,5604,05604
SF_233,KB2-15561,JUAN DAVID GRUESO SINISTERRA,"MINERALES DE ORO Y PLATINO, Y SUS CONCENTRADOS",TIMBIQUÍ,CAUCA,19809,19809
SF_235,HJCL-02,UPM LA ROCA S.A.S.,ORO,SANTO DOMINGO,ANTIOQUIA,5690,05690
SF_236,HJCL-02,SOCIEDAD DE MINEROS SANTA ANA S.A.S.,ORO,SANTO DOMINGO,ANTIOQUIA,5690,05690
SF_237,KAQ-11061,EUCLIDES SINISTERRA VALENCIA,"MINERALES DE ORO Y PLATINO, Y SUS CONCENTRADOS",TIMBIQUÍ,CAUCA,19809,19809
SF_238,KB2-15561,LUIS FERNANDO HERNANDEZ GRACIANO,"MINERALES DE ORO Y PLATINO, Y SUS CONCENTRADOS",TIMBIQUÍ,CAUCA,19809,19809
SF_239,678-17,IVAN ALEJANDRO DIAZ MORENO,ORO,SUPIA,CALDAS,17777,17777
SF_24,H6756005,ELKIN DE JESUS  SUAREZ,ORO,DON MATÍAS,ANTIOQUIA,5237,05237
SF_241,HIBJ-24,EXCAVACIONES Y REFORMAS FUTURO S.A.S.,ORO,SEGOVIA,ANTIOQUIA,5736,05736
SF_241,HIBJ-24,EXCAVACIONES Y REFORMAS FUTURO S.A.S.,ORO,ZARAGOZA,ANTIOQUIA,5895,05895
SF_242,KEI-08161,MINA PATIO BONITO S.A.S.,MINERALES DE ORO Y SUS CONCENTRADOS,PUERTO BERRÍO,ANTIOQUIA,5579,05579
SF_243,T14292011,MINEROS EL PROGRESO S.A.S.,MINERALES DE ORO Y SUS CONCENTRADOS,SAN ROQUE,ANTIOQUIA,5670,05670
SF_244,T14292011,MINERA LA CAROLINA S.A.S.,MINERALES DE ORO Y SUS CONCENTRADOS,SAN ROQUE,ANTIOQUIA,5670,05670
SF_246,IJO-11291,HENRY JIMENEZ CARACAS,MINERALES DE ORO Y SUS CONCENTRADOS,CÁCERES,ANTIOQUIA,5120,05120
SF_247,B7474005,JOSE HEVER CASTELLANOS SANCHEZ,"MINERALES DE ORO Y PLATINO, Y SUS CONCENTRADOS",MUTATÁ,ANTIOQUIA,5480,05480
SF_248,B7474005,JUAN CARLOS MARTINEZ MARQUEZ,"MINERALES DE ORO Y PLATINO, Y SUS CONCENTRADOS",MUTATÁ,ANTIOQUIA,5480,05480
SF_25,LA8-15111,FRANCISCO ANTONIO AGUILAR,"MINERALES DE ORO Y PLATINO, Y SUS CONCENTRADOS",CONDOTO,CHOCO,27205,27205
SF_259,JBJ-08321,JERFERSON VELASQUEZ GARCIA,MINERALES DE ORO Y SUS CONCENTRADOS,CÁCERES,ANTIOQUIA,5120,05120
SF_26,LA8-15111,WILLIAM GOMEZ MOSQUERA,"MINERALES DE ORO Y PLATINO, Y SUS CONCENTRADOS",CONDOTO,CHOCO,27205,27205
SF_260,JBJ-08321,DIDIA ESTER RICARDO MACEA,MINERALES DE ORO Y SUS CONCENTRADOS,CÁCERES,ANTIOQUIA,5120,05120
SF_261,JBJ-08321,MARCIAL MORENO CORDOBA,MINERALES DE ORO Y SUS CONCENTRADOS,CÁCERES,ANTIOQUIA,5120,05120
SF_262,JBJ-08321,CRESENCIO ROA MORENO,MINERALES DE ORO Y SUS CONCENTRADOS,CÁCERES,ANTIOQUIA,5120,05120
SF_263,B7371005,ANDRES FELIPE DIOSA CARDENAS,MINERALES DE ORO Y SUS CONCENTRADOS,CÁCERES,ANTIOQUIA,5120,05120
SF_264,HHXK-01,CEMINING S.A.S.,ORO,CAUCASIA,ANTIOQUIA,5154,05154
SF_265,HHXK-01,MONTE SION FIRE S.A.S.,ORO,NECHÍ,ANTIOQUIA,5495,05495
SF_266,HHXK-01,MINA LA VILLA S.A.S.,ORO,NECHÍ,ANTIOQUIA,5495,05495
SF_267,HHXK-01,TITANIUM DORADO S.A.S.,ORO,CAUCASIA,ANTIOQUIA,5154,05154
SF_268,HHXK-01,MINEMAR S.A.S.,ORO,CAUCASIA,ANTIOQUIA,5154,05154
SF_269,HHXK-01,GABAON AIR S.A.S.,ORO,CAUCASIA,ANTIOQUIA,5154,05154
SF_27,HF7-081,JOSE MARCELINO MOSQUERA MOSQUERA,MINERALES DE ORO Y SUS CONCENTRADOS,CONDOTO,CHOCO,27205,27205
SF_270,L4783005,CARLOS ALFONSO ROJAS MEJIA,MINERALES DE ORO Y SUS CONCENTRADOS,ZARAGOZA,ANTIOQUIA,5895,05895
SF_271,KEI-08031,PLAYA RICA DEL NORDESTE S.A.S.,"MINERALES DE ORO Y PLATINO, Y SUS CONCENTRADOS",VEGACHÍ,ANTIOQUIA,5858,05858
SF_272,JIT-08261,EIDER MARIO PATINO MOLINA,"MINERALES DE ORO Y PLATINO, Y SUS CONCENTRADOS",YOLOMBÓ,ANTIOQUIA,5890,05890
SF_272,JIT-08261,EIDER MARIO PATINO MOLINA,"MINERALES DE ORO Y PLATINO, Y SUS CONCENTRADOS",YALÍ,ANTIOQUIA,5885,05885
SF_273,T14292011,INVERSIONES AGROFORESTA Y MINERA LA FORTUNA S.A.S.,MINERALES DE ORO Y SUS CONCENTRADOS,SAN ROQUE,ANTIOQUIA,5670,05670
SF_275,B5912B005,SOCIEDAD LOS OLIVARES S.A.S.,ORO,CARAMANTA,ANTIOQUIA,5145,05145
SF_277,HHJP-32,WILMAR ALEXANDER LONDONO PELAEZ,ORO,ZARAGOZA,ANTIOQUIA,5895,05895
SF_279,T14292011,SOCIEDAD MINERA LA SOLEDAD ARCOIRIS S.A.S,MINERALES DE ORO Y SUS CONCENTRADOS,YOLOMBÓ,ANTIOQUIA,5890,05890
SF_28,HF7-081,EULICER MOSQUERA MOSQUERA,MINERALES DE ORO Y SUS CONCENTRADOS,CONDOTO,CHOCO,27205,27205
SF_280,HCA-082,JOSE DARLINTON AGUALIMPIA MOSQUERA,ORO,NÓVITA,CHOCO,27491,27491
SF_280,HCA-082,JOSE DARLINTON AGUALIMPIA MOSQUERA,ORO,CONDOTO,CHOCO,27205,27205
SF_282,HFN-082,CRISTIAN DAVID MORENO TRUJILLO,ORO,LÉRIDA,TOLIMA,73408,73408
SF_283,LDL-09001,ENDER ALDRUVAL DIAZ CORCHO,MINERALES DE ORO Y SUS CONCENTRADOS,NORCASIA,CALDAS,17997,17997
SF_283,LDL-09001,ENDER ALDRUVAL DIAZ CORCHO,MINERALES DE ORO Y SUS CONCENTRADOS,SONSÓN,ANTIOQUIA,5756,05756
SF_285,IJO-11293X,EMPRESA MINERA EL ORO SAGRADO S.A.S.,MINERALES DE ORO Y SUS CONCENTRADOS,TARAZÁ,ANTIOQUIA,5790,05790
SF_286,HHPO-06,ADOLFO LEON LOPEZ PATIÑO,ORO,ANORÍ,ANTIOQUIA,5040,05040
SF_286,HHPO-06,ADOLFO LEON LOPEZ PATIÑO,ORO,AMALFI,ANTIOQUIA,5031,05031
SF_287,B7474005,ELVIS ESTEBAN PIEDRAHITA BOLIVAR,"MINERALES DE ORO Y PLATINO, Y SUS CONCENTRADOS",MUTATÁ,ANTIOQUIA,5480,05480
SF_288,HJCL-02,SOCIEDAD SAN ROQUE GOLD S.A.S.,ORO,SAN ROQUE,ANTIOQUIA,5670,05670
SF_289,L4783005,YANILE SAAVEDRA SOTELO,MINERALES DE ORO Y SUS CONCENTRADOS,ZARAGOZA,ANTIOQUIA,5895,05895
SF_289,L4783005,LEONARDO DE JESUS MENOYOS ALVAREZ,MINERALES DE ORO Y SUS CONCENTRADOS,ZARAGOZA,ANTIOQUIA,5895,05895
SF_29,HF7-081,PEDRO PABLO RUIZ HURTADO,MINERALES DE ORO Y SUS CONCENTRADOS,CONDOTO,CHOCO,27205,27205
SF_290,HCA-082,TAMANA GOLD S.A.S.,ORO,CONDOTO,CHOCO,27205,27205
SF_290,HCA-082,TAMANA GOLD S.A.S.,ORO,NÓVITA,CHOCO,27491,27491
SF_291,HCA-082,JAIME HUMBERTO SALCEDO HURTADO,ORO,NÓVITA,CHOCO,27491,27491
SF_292,HCA-082,FRANCISCO ANTONIO MORENO,ORO,CONDOTO,CHOCO,27205,27205
SF_292,HCA-082,FRANCISCO ANTONIO MORENO,ORO,NÓVITA,CHOCO,27491,27491
SF_293,HCA-082,WILLIAM MENDOZA RIVAS,ORO,NÓVITA,CHOCO,27491,27491
SF_294,HCA-082,VICTOR MIGUEL MORENO MURILLO,ORO,NÓVITA,CHOCO,27491,27491
SF_295,HCA-082,FELIX RAMIREZ AGUILAR,ORO,NÓVITA,CHOCO,27491,27491
SF_295,HCA-082,FELIX RAMIREZ AGUILAR,ORO,CONDOTO,CHOCO,27205,27205
SF_296,JG7-10261,DIEGO VILLA PEREZ,MINERALES DE ORO Y SUS CONCENTRADOS,NEIRA,CALDAS,17486,17486
SF_297,JG1-15371,JAIRO DE JESUS CIFUENTES CORREA,"MINERALES DE ORO Y PLATINO, Y SUS CONCENTRADOS",AYAPEL,CORDOBA,23068,23068
SF_298,JG1-15371,DAIRON DE JESUS TUBERQUIA TUBERQUIA,"MINERALES DE ORO Y PLATINO, Y SUS CONCENTRADOS",AYAPEL,CORDOBA,23068,23068
SF_302,573-17,VICTOR HUGO GIRALDO RAMIREZ,ORO,NEIRA,CALDAS,17486,17486
SF_302,573-17,VICTOR HUGO GIRALDO RAMIREZ,ORO,QUINCHÍA,RISARALDA,66594,66594
SF_303,JG4-16531,SOCIEDAD MINERA DEL CARIBONA SOMINCAR S.A.S.,ORO,MONTECRISTO,BOLIVAR,13458,13458
SF_304,JG4-16531,MINEROS DEL ALTO CARIBONA S.A.S.,ORO,MONTECRISTO,BOLIVAR,13458,13458
SF_305,JG4-16531,INVERSIONES AGROMINERA LOS CIGARRILLOS S.A.S.,ORO,MONTECRISTO,BOLIVAR,13458,13458
SF_306,JG4-16531,ASOCALUNGO S.A.S.,ORO,MONTECRISTO,BOLIVAR,13458,13458
SF_307,KIP-15441,LUIS ALEXANDER GARCES ASPRILLA,"MINERALES DE ORO Y PLATINO, Y SUS CONCENTRADOS",CONDOTO,CHOCO,27205,27205
SF_309,JG7-10261,RAMIRO VERGARA VALENCIA,MINERALES DE ORO Y SUS CONCENTRADOS,ANSERMA,CALDAS,17042,17042
SF_309,JG7-10261,RAMIRO VERGARA VALENCIA,MINERALES DE ORO Y SUS CONCENTRADOS,NEIRA,CALDAS,17486,17486
SF_31,P7495011,SOCIEDAD NARANJO GOLD MINE  S.A.S.,MINERALES DE ORO Y SUS CONCENTRADOS,BURITICÁ,ANTIOQUIA,5113,05113
SF_33,P7495011,SOCIEDAD MINERA HIGABRA  S.A.S.,MINERALES DE ORO Y SUS CONCENTRADOS,BURITICÁ,ANTIOQUIA,5113,05113
SF_35,LEQ-15161,GLEDIS MARIA MONTIEL RAMOS,MINERALES DE ORO Y SUS CONCENTRADOS,PUERTO LIBERTADOR,CORDOBA,23580,23580
SF_35,LEQ-15161,PEDRO MANUEL MONTIEL RAMOS,MINERALES DE ORO Y SUS CONCENTRADOS,PUERTO LIBERTADOR,CORDOBA,23580,23580
SF_37,JGV-14401,RAFAEL ANTONIO BERNAL SALINAS,ORO,DON MATÍAS,ANTIOQUIA,5237,05237
SF_38,JJE-08037X,SOCIEDAD MINERA SAN PEDRO 2  S.A.S.,ORO,REMEDIOS,ANTIOQUIA,5604,05604
SF_39,JG4-16531,MINA FLOREZ S. A. S.,ORO,MONTECRISTO,BOLIVAR,13458,13458
SF_40,JG4-16531,MINA WALTER S.A.S.,ORO,SANTA ROSA DEL SUR,BOLIVAR,13688,13688
SF_42,JJE-08034,SOCIEDAD MINERA EL EDEN  S.A.S.,"MINERALES DE ORO Y PLATINO, Y SUS CONCENTRADOS",REMEDIOS,ANTIOQUIA,5604,05604
SF_43,HJID-04,SOCIEDAD MINERA DEL RIO SAS,ORO,ZARAGOZA,ANTIOQUIA,5895,05895
SF_43,HJID-04,SOCIEDAD MINERA DEL RIO SAS,ORO,ANORÍ,ANTIOQUIA,5040,05040
SF_47,KD1-14151,LUIS EDUARDO DEDE AGUIRRE,MINERALES DE ORO Y SUS CONCENTRADOS,ZARAGOZA,ANTIOQUIA,5895,05895
SF_50,JG4-16531,MINA SARCO S.A.S.,ORO,MONTECRISTO,BOLIVAR,13458,13458
SF_51,GJI-093,LEONEL SUAREZ MANTILLA,MINERALES DE ORO Y SUS CONCENTRADOS,RIONEGRO,SANTANDER,68615,68615
SF_51,GJI-093,LEONEL SUAREZ MANTILLA,MINERALES DE ORO Y SUS CONCENTRADOS,LEBRIJA,SANTANDER,68406,68406
SF_52,123-98M,INES CELINA MORALES RAMIREZ,ORO,MARMATO,CALDAS,17442,17442
SF_53,118-98M,JULIAN MAURICIO GUEVARA MORALES,ORO,MARMATO,CALDAS,17442,17442
SF_55,JG1-15371,RAFAEL BERNARDO ARRUBLA ARRUBLA,MINERALES DE ORO Y SUS CONCENTRADOS,AYAPEL,CORDOBA,23068,23068
SF_56,131-98M,RUBEN DARIO PATIÑO VALENCIA,ORO,MARMATO,CALDAS,17442,17442
SF_59,KD1-14151,JOHN JADER VALIENTE BERRIO,MINERALES DE ORO Y SUS CONCENTRADOS,ANORÍ,ANTIOQUIA,5040,05040
SF_59,KD1-14151,JOHN JADER VALIENTE BERRIO,MINERALES DE ORO Y SUS CONCENTRADOS,ZARAGOZA,ANTIOQUIA,5895,05895
SF_60,JIT-08261,LA DORADA OPERACIONES MINERAS S.A.S.,"MINERALES DE ORO Y PLATINO, Y SUS CONCENTRADOS",YALÍ,ANTIOQUIA,5885,05885
SF_65,ICQ-080725X,DIEGO HERNAN  GIRALDO LOPEZ,MINERALES DE ORO Y SUS CONCENTRADOS,CÁCERES,ANTIOQUIA,5120,05120
SF_72,KAS-14461,JHOANDRY AMARY LUNA GARCIA,MINERALES DE ORO Y SUS CONCENTRADOS,UNIÓN PANAMERICANA ( Animas),CHOCO,27810,27810
SF_73,KIA-11461,CADANTA S.A.S,MINERALES DE ORO Y SUS CONCENTRADOS,CÁCERES,ANTIOQUIA,5120,05120
SF_75,KAS-14461,SANDRA PATRICIA DIAZ MOSQUERA,MINERALES DE ORO Y SUS CONCENTRADOS,UNIÓN PANAMERICANA ( Animas),CHOCO,27810,27810
SF_76,KAS-14461,JESUS MERCEDES SALAZAR GONZALEZ,MINERALES DE ORO Y SUS CONCENTRADOS,UNIÓN PANAMERICANA ( Animas),CHOCO,27810,27810
SF_77,LDL-09001,LUIS HUMBERTO CORREA  CORDOBA,MINERALES DE ORO Y SUS CONCENTRADOS,SONSÓN,ANTIOQUIA,5756,05756
SF_78,T14292011,MINEROS LA MARIA  S.A.S.,MINERALES DE ORO Y SUS CONCENTRADOS,SAN ROQUE,ANTIOQUIA,5670,05670
SF_82,HJBF-25,MINERALES SANTA ISABEL S.A.S.,ORO,REMEDIOS,ANTIOQUIA,5604,05604
SF_83,HJID-01,ALUVIONES PLAYA RICA S.A.S.,ORO,VEGACHÍ,ANTIOQUIA,5858,05858
SF_89,KAS-14461,JHON CARLOS MARTINEZ DIAZ,MINERALES DE ORO Y SUS CONCENTRADOS,UNIÓN PANAMERICANA ( Animas),CHOCO,27810,27810
SF_94,B7257005C5,RICHAR ALEXANDER RAMOS CARDONA,MINERALES DE ORO Y SUS CONCENTRADOS,CÁCERES,ANTIOQUIA,5120,05120
SF_94,B7257005C5,JORGE OLIMPO MENESES MORA,MINERALES DE ORO Y SUS CONCENTRADOS,CÁCERES,ANTIOQUIA,5120,05120
SF_96,B7257005C5,NOLBERTO ENRIQUE LOPERA LOPERA,MINERALES DE ORO Y SUS CONCENTRADOS,CÁCERES,ANTIOQUIA,5120,05120
SF_99,B7257005C1,OSCAR SENEN PEREZ PIEDRAHITA,MINERALES DE ORO Y SUS CONCENTRADOS,CÁCERES,ANTIOQUIA,5120,05120
