codigo_dane,n_titulos_oro,n_titulares_titulos_oro,n_solicitudes_oro,n_titulares_solicitudes_oro,n_subcontratos_oro,n_titulares_subcontratos_oro,n_titulos_oro_con_anotacion_2023_2025
05004,1,3,0,0,0,0,3
05031,9,20,0,0,3,3,40
05034,2,5,5,12,0,0,5
05040,8,8,1,1,4,4,12
05042,1,2,0,0,0,0,2
05044,1,2,0,0,0,0,4
05079,3,7,1,1,1,2,10
05086,2,23,0,0,0,0,46
05088,1,1,0,0,0,0,1
05091,0,0,1,1,0,0,0
05093,1,2,0,0,0,0,4
05113,1,2,0,0,2,2,4
05120,11,17,3,6,18,19,23
05138,0,0,1,1,0,0,0
05142,0,0,1,1,0,0,0
05145,0,0,0,0,1,1,0
05154,5,20,2,3,4,4,20
05190,1,2,0,0,0,0,2
05212,1,1,0,0,0,0,1
05234,1,3,0,0,0,0,3
05237,2,8,0,0,5,7,11
05250,2,4,0,0,0,0,9
05264,5,26,0,0,0,0,118
05284,1,1,0,0,0,0,1
05308,2,3,0,0,0,0,3
05310,2,5,2,6,0,0,5
05315,1,5,0,0,0,0,5
05425,1,1,0,0,0,0,1
05480,2,3,0,0,5,5,3
05483,1,2,0,0,0,0,2
05495,2,6,2,4,5,5,6
05579,2,12,0,0,3,3,12
05604,26,58,2,3,8,8,80
05649,1,2,0,0,0,0,2
05670,1,1,1,1,13,13,1
05674,1,2,0,0,0,0,2
05686,7,40,0,0,0,0,109
05690,3,3,0,0,6,6,6
05736,4,13,0,0,1,1,13
05756,0,0,1,1,2,2,0
05761,2,4,0,0,0,0,4
05790,6,10,1,1,1,1,14
05847,0,0,1,1,0,0,0
05854,1,2,1,1,0,0,2
05856,1,2,0,0,0,0,0
05858,2,4,0,0,2,2,4
05885,1,1,0,0,3,3,1
05890,2,6,3,8,4,4,6
05895,9,12,1,1,14,15,20
13030,3,6,0,0,0,0,6
13042,7,5,1,5,0,0,13
13074,7,17,0,0,0,0,17
13300,2,3,0,0,0,0,3
13458,16,18,3,3,6,6,28
13473,5,2,0,0,0,0,10
13490,6,22,6,19,0,0,24
13600,3,9,1,5,0,0,9
13655,0,0,1,1,0,0,0
13667,8,53,3,7,0,0,54
13688,6,7,3,7,1,1,8
13744,0,0,0,0,1,1,0
13810,3,7,0,0,0,0,8
15572,0,0,0,0,1,1,0
17001,1,3,0,0,0,0,3
17013,1,6,1,1,0,0,6
17042,3,8,0,0,2,2,9
17380,3,3,0,0,0,0,3
17442,20,20,3,6,3,3,28
17486,1,1,0,0,4,4,1
17513,1,1,0,0,0,0,1
17541,1,3,0,0,0,0,3
17614,0,0,1,2,0,0,0
17777,3,9,3,5,1,1,9
17867,2,2,0,0,0,0,2
17997,0,0,0,0,1,1,0
18029,0,0,1,1,0,0,0
18756,0,0,2,27,0,0,0
19001,2,2,0,0,0,0,2
19100,1,1,0,0,0,0,1
19110,3,2,1,2,0,0,6
19212,1,3,0,0,0,0,3
19256,6,18,1,1,0,0,23
19318,1,1,4,6,0,0,1
19392,1,1,2,2,0,0,1
19532,0,0,1,1,0,0,0
19622,1,5,0,0,0,0,5
19701,2,15,2,2,0,0,15
19780,4,5,2,3,0,0,5
19809,2,177,6,7,16,16,353
20383,2,3,0,0,0,0,4
20517,2,4,0,0,0,0,5
20550,3,5,0,0,0,0,7
23001,1,1,0,0,0,0,1
23068,0,0,1,1,8,8,0
23466,3,6,0,0,1,1,6
23555,1,1,0,0,0,0,1
23580,3,6,0,0,4,9,6
23682,1,1,0,0,0,0,1
27001,2,3,1,2,0,0,3
27050,0,0,1,1,0,0,0
27073,1,2,0,0,0,0,2
27135,0,0,2,3,0,0,0
27150,0,0,1,1,0,0,0
27160,0,0,2,4,0,0,0
27205,4,6,1,2,11,11,8
27361,4,6,1,2,0,0,7
27425,0,0,1,2,0,0,0
27450,1,2,2,3,0,0,2
27491,0,0,3,5,7,7,0
27580,1,2,0,0,0,0,2
27600,0,0,1,2,0,0,0
27615,0,0,1,1,0,0,0
27745,0,0,1,2,0,0,0
27787,3,4,3,9,0,0,4
27810,5,44,3,5,10,10,44
41001,1,3,0,0,1,1,3
41132,2,3,0,0,0,0,4
41357,1,1,1,2,0,0,2
41483,0,0,1,2,0,0,0
41524,3,4,0,0,1,1,5
41615,1,2,0,0,0,0,2
41797,1,3,1,2,0,0,3
44110,1,1,0,0,0,0,1
44650,1,1,0,0,0,0,1
52079,0,0,15,20,0,0,0
52385,3,4,1,1,0,0,7
52418,1,6,0,0,0,0,6
52435,1,3,3,6,0,0,3
52621,0,0,2,2,0,0,0
52696,0,0,1,2,0,0,0
52699,0,0,3,5,0,0,0
54001,1,3,0,0,0,0,3
63401,1,2,0,0,0,0,2
66045,1,4,0,0,0,0,4
66456,0,0,1,2,0,0,0
66594,1,7,1,2,2,2,7
66682,0,0,1,1,0,0,0
66687,1,4,0,0,0,0,4
68132,5,16,0,0,1,1,18
68406,1,3,0,0,1,1,3
68615,1,3,0,0,1,1,3
68867,2,4,0,0,0,0,4
73055,1,3,0,0,0,0,3
73067,1,2,0,0,0,0,2
73168,2,4,0,0,0,0,4
73217,1,1,0,0,0,0,1
73270,1,3,0,0,0,0,3
73408,0,0,0,0,1,1,0
73411,4,10,0,0,1,1,14
73483,0,0,1,2,0,0,0
73686,3,2,0,0,0,0,3
73870,1,3,0,0,0,0,3
76109,0,0,1,2,0,0,0
76364,1,1,0,0,0,0,1
76403,1,2,0,0,0,0,2
86001,1,1,0,0,0,0,1
86571,1,1,0,0,0,0,1
86573,0,0,2,27,0,0,0
86885,1,1,0,0,0,0,1
