codigo_expediente,n_anotaciones_2023_2025,primera_anotacion,ultima_anotacion,anotacion_en_ventana,modalidad,tipos
0-250,2,2023-01-20,2025-04-10,1,CONTRATO DE CONCESIÓN (L 685),ACLARACION/MODIFICACION DE TITULO; APROBACIÓN INSTRUMENTO TÉCNICO
0-439,3,2023-01-20,2025-04-10,1,CONTRATO DE CONCESIÓN (L 685),ACLARACION/MODIFICACION DE TITULO; APROBACIÓN INSTRUMENTO TÉCNICO
0-551,2,2023-01-20,2025-04-10,1,CONTRATO DE CONCESIÓN (L 685),ACLARACION/MODIFICACION DE TITULO; APROBACIÓN INSTRUMENTO TÉCNICO
0-561,2,2023-01-20,2025-04-10,1,CONTRATO DE CONCESIÓN (L 685),ACLARACION/MODIFICACION DE TITULO; APROBACIÓN INSTRUMENTO TÉCNICO
0-581,2,2023-01-20,2025-04-10,1,CONTRATO DE CONCESIÓN (L 685),ACLARACION/MODIFICACION DE TITULO; APROBACIÓN INSTRUMENTO TÉCNICO
00211-27,2,2023-01-20,2025-04-25,1,CONTRATO DE CONCESIÓN (L 685),ACLARACION/MODIFICACION DE TITULO; APROBACIÓN INSTRUMENTO TÉCNICO
0032-68,4,2023-01-20,2025-09-25,1,CONTRATO DE CONCESIÓN (L 685),ACLARACION/MODIFICACION DE TITULO; SUSPENSION POR FUERZA MAYOR O CASO FORTUITO
0057,2,2023-01-20,2025-04-10,1,CONTRATO DE CONCESIÓN (L 685),ACLARACION/MODIFICACION DE TITULO; APROBACIÓN INSTRUMENTO TÉCNICO
0099-68,4,2023-01-20,2025-03-06,1,LICENCIA DE EXPLOTACIÓN,ACLARACION/MODIFICACION DE TITULO; APROBACIÓN INSTRUMENTO TÉCNICO; CAMBIO DE TITULAR POR ABSORCIÓN Y/O FUSIÓN; SUSPENSION POR FUERZA MAYOR O CASO FORTUITO
0105-68,1,2023-01-20,2023-01-20,1,CONTRATO DE CONCESIÓN (L 685),ACLARACION/MODIFICACION DE TITULO
0125-68,3,2023-01-20,2025-07-28,1,CONTRATO DE CONCESIÓN (L 685),ACLARACION DE NOMBRES/RAZON SOCIAL; ACLARACION/MODIFICACION DE TITULO; APROBACIÓN INSTRUMENTO TÉCNICO
014-89M,2,2023-01-20,2023-09-11,1,CONTRATO EN VIRTUD DE APORTE,ACLARACION DE NOMBRES/RAZON SOCIAL; ACLARACION/MODIFICACION DE TITULO
0144-68,3,2023-01-20,2025-05-06,1,LICENCIA DE EXPLOTACIÓN,ACLARACION DE NOMBRES/RAZON SOCIAL; ACLARACION/MODIFICACION DE TITULO; SUSPENSION POR FUERZA MAYOR O CASO FORTUITO
030-98M,1,2023-01-20,2023-01-20,1,CONTRATO EN VIRTUD DE APORTE,ACLARACION/MODIFICACION DE TITULO
036-98M,1,2023-01-20,2023-01-20,1,CONTRATO EN VIRTUD DE APORTE,ACLARACION/MODIFICACION DE TITULO
041-98M,1,2023-01-20,2023-01-20,1,CONTRATO DE CONCESIÓN (D 2655),ACLARACION/MODIFICACION DE TITULO
065-98M,1,2023-01-20,2023-01-20,1,CONTRATO DE CONCESIÓN (D 2655),ACLARACION/MODIFICACION DE TITULO
091-98M,1,2023-01-20,2023-01-20,1,CONTRATO EN VIRTUD DE APORTE,ACLARACION/MODIFICACION DE TITULO
092-98M,1,2023-01-20,2023-01-20,1,CONTRATO DE CONCESIÓN (D 2655),ACLARACION/MODIFICACION DE TITULO
095-98M,1,2023-01-20,2023-01-20,1,CONTRATO DE CONCESIÓN (D 2655),ACLARACION/MODIFICACION DE TITULO
126-98M,1,2023-01-20,2023-01-20,1,CONTRATO DE CONCESIÓN (D 2655),ACLARACION/MODIFICACION DE TITULO
131-98M,2,2023-01-20,2025-09-22,1,CONTRATO DE CONCESIÓN (D 2655),ACLARACION/MODIFICACION DE TITULO; TERMINACIÓN SUBCONTRATO DE FORMALIZACIÓN
13922,2,2023-01-20,2025-07-30,1,CONTRATO DE CONCESIÓN (L 685),ACLARACION/MODIFICACION DE TITULO; APROBACIÓN INSTRUMENTO TÉCNICO
14007,3,2023-01-20,2025-05-05,1,CONTRATO DE CONCESIÓN (L 685),ACLARACION/MODIFICACION DE TITULO; APROBACIÓN INSTRUMENTO TÉCNICO; SUSPENSION POR FUERZA MAYOR O CASO FORTUITO
14008,4,2023-01-20,2025-05-05,1,CONTRATO DE CONCESIÓN (L 685),ACLARACION/MODIFICACION DE TITULO; APROBACIÓN INSTRUMENTO TÉCNICO; SUSPENSION POR FUERZA MAYOR O CASO FORTUITO
14083,2,2023-01-20,2025-03-04,1,CONTRATO DE CONCESIÓN (L 685),ACLARACION/MODIFICACION DE TITULO; APROBACIÓN INSTRUMENTO TÉCNICO
14207,2,2023-01-20,2025-03-04,1,CONTRATO DE CONCESIÓN (L 685),ACLARACION/MODIFICACION DE TITULO; APROBACIÓN INSTRUMENTO TÉCNICO
14305,2,2023-01-20,2025-04-11,1,CONTRATO DE CONCESIÓN (L 685),ACLARACION/MODIFICACION DE TITULO; APROBACIÓN INSTRUMENTO TÉCNICO
14833,3,2023-01-20,2025-07-30,1,CONTRATO DE CONCESIÓN (L 685),ACLARACION/MODIFICACION DE TITULO; APROBACIÓN INSTRUMENTO TÉCNICO; DESEMBARGO DE TITULOS
152-98M,2,2023-01-20,2024-09-19,1,CONTRATO DE CONCESIÓN (D 2655),ACLARACION/MODIFICACION DE TITULO; ACLARACIÓN ANOTACIÓN
156-98M,1,2023-01-20,2023-01-20,1,CONTRATO DE CONCESIÓN (D 2655),ACLARACION/MODIFICACION DE TITULO
159-98M,2,2023-01-20,2023-03-08,1,CONTRATO EN VIRTUD DE APORTE,ACLARACION/MODIFICACION DE TITULO; LEVANTAMIENTO MEDIDA CAUTELAR
164-98M,1,2023-01-20,2023-01-20,1,CONTRATO DE CONCESIÓN (D 2655),ACLARACION/MODIFICACION DE TITULO
166-98M,1,2023-01-20,2023-01-20,1,CONTRATO DE CONCESIÓN (D 2655),ACLARACION/MODIFICACION DE TITULO
16727,5,2023-01-20,2025-07-22,1,CONTRATO DE CONCESIÓN (D 2655),ACLARACION/MODIFICACION DE TITULO; APROBACIÓN INSTRUMENTO TÉCNICO; DESEMBARGO DE TITULOS; EMBARGO DE TITULOS
16902,2,2023-01-20,2025-04-11,1,CONTRATO DE CONCESIÓN (L 685),ACLARACION/MODIFICACION DE TITULO; APROBACIÓN INSTRUMENTO TÉCNICO
172-98M,1,2023-01-20,2023-01-20,1,CONTRATO DE CONCESIÓN (D 2655),ACLARACION/MODIFICACION DE TITULO
173-98M,1,2023-01-20,2023-01-20,1,CONTRATO DE CONCESIÓN (D 2655),ACLARACION/MODIFICACION DE TITULO
18112,1,2023-01-20,2023-01-20,1,LICENCIA DE EXPLOTACIÓN,ACLARACION/MODIFICACION DE TITULO
18113,2,2023-01-20,2025-04-10,1,CONTRATO DE CONCESIÓN (L 685),ACLARACION/MODIFICACION DE TITULO; APROBACIÓN INSTRUMENTO TÉCNICO
18114,1,2023-01-20,2023-01-20,1,LICENCIA DE EXPLOTACIÓN,ACLARACION/MODIFICACION DE TITULO
18725,2,2023-01-20,2025-04-11,1,LICENCIA DE EXPLOTACIÓN,ACLARACION/MODIFICACION DE TITULO; APROBACIÓN INSTRUMENTO TÉCNICO
19140,1,2023-01-20,2023-01-20,1,LICENCIA DE EXPLOTACIÓN,ACLARACION/MODIFICACION DE TITULO
19141,1,2023-01-20,2023-01-20,1,LICENCIA DE EXPLOTACIÓN,ACLARACION/MODIFICACION DE TITULO
19142,1,2023-01-20,2023-01-20,1,LICENCIA DE EXPLOTACIÓN,ACLARACION/MODIFICACION DE TITULO
19221,4,2023-01-20,2025-11-19,1,CONTRATO DE CONCESIÓN (L 685),ACLARACION DE NOMBRES/RAZON SOCIAL; ACLARACION/MODIFICACION DE TITULO; APROBACIÓN INSTRUMENTO TÉCNICO
19465,2,2023-01-20,2025-04-11,1,CONTRATO DE CONCESIÓN (L 685),ACLARACION/MODIFICACION DE TITULO; APROBACIÓN INSTRUMENTO TÉCNICO
19468,3,2023-01-19,2025-04-11,1,CONTRATO DE CONCESIÓN (L 685),ACLARACION/MODIFICACION DE TITULO; APROBACIÓN INSTRUMENTO TÉCNICO; CAMBIO DE MODALIDAD
19471,2,2023-01-20,2025-04-11,1,CONTRATO DE CONCESIÓN (L 685),ACLARACION/MODIFICACION DE TITULO; APROBACIÓN INSTRUMENTO TÉCNICO
199,1,2023-01-20,2023-01-20,1,RECONOCIMIENTO PROPIEDAD PRIVADA,ACLARACION/MODIFICACION DE TITULO
19995,1,2023-01-20,2023-01-20,1,CONTRATO DE CONCESIÓN (L 685),ACLARACION/MODIFICACION DE TITULO
20002,2,2023-01-20,2025-04-11,1,CONTRATO DE CONCESIÓN (L 685),ACLARACION/MODIFICACION DE TITULO; APROBACIÓN INSTRUMENTO TÉCNICO
20006,2,2023-01-20,2025-04-11,1,CONTRATO DE CONCESIÓN (L 685),ACLARACION/MODIFICACION DE TITULO; APROBACIÓN INSTRUMENTO TÉCNICO
20007,2,2023-01-20,2025-04-11,1,CONTRATO DE CONCESIÓN (L 685),ACLARACION/MODIFICACION DE TITULO; APROBACIÓN INSTRUMENTO TÉCNICO
20010,2,2023-01-20,2025-04-11,1,CONTRATO DE CONCESIÓN (L 685),ACLARACION/MODIFICACION DE TITULO; APROBACIÓN INSTRUMENTO TÉCNICO
20149,3,2023-01-20,2025-04-11,1,CONTRATO DE CONCESIÓN (L 685),ACLARACION/MODIFICACION DE TITULO; APROBACIÓN INSTRUMENTO TÉCNICO
20184,3,2023-01-20,2025-04-11,1,CONTRATO DE CONCESIÓN (L 685),ACLARACION/MODIFICACION DE TITULO; APROBACIÓN INSTRUMENTO TÉCNICO; EMBARGO DE TITULOS
214-17,3,2023-01-20,2025-09-24,1,CONTRATO DE CONCESIÓN (D 2655),ACLARACION/MODIFICACION DE TITULO; APROBACIÓN INSTRUMENTO TÉCNICO
21501,4,2023-01-20,2025-04-11,1,CONTRATO DE CONCESIÓN (D 2655),ACLARACION/MODIFICACION DE TITULO; ACLARACIÓN ANOTACIÓN; APROBACIÓN INSTRUMENTO TÉCNICO; EMBARGO DE TITULOS
21506,4,2023-01-20,2025-04-11,1,CONTRATO DE CONCESIÓN (D 2655),ACLARACION/MODIFICACION DE TITULO; APROBACIÓN INSTRUMENTO TÉCNICO; EMBARGO DE TITULOS; SUSPENSION POR FUERZA MAYOR O CASO FORTUITO
21850,2,2023-01-20,2025-03-20,1,LICENCIA DE EXPLOTACIÓN,ACLARACION/MODIFICACION DE TITULO; APROBACIÓN INSTRUMENTO TÉCNICO
21951,2,2023-01-20,2025-03-06,1,CONTRATO DE CONCESIÓN (L 685),ACLARACION/MODIFICACION DE TITULO; APROBACIÓN INSTRUMENTO TÉCNICO
22220,2,2023-01-20,2025-05-29,1,CONTRATO DE CONCESIÓN (L 685),ACLARACION/MODIFICACION DE TITULO; APROBACIÓN INSTRUMENTO TÉCNICO
22268,1,2023-01-20,2023-01-20,1,LICENCIA DE EXPLOTACIÓN,ACLARACION/MODIFICACION DE TITULO
2395,2,2023-01-20,2025-09-24,1,CONTRATO DE CONCESIÓN (D 2655),ACLARACION/MODIFICACION DE TITULO; APROBACIÓN INSTRUMENTO TÉCNICO
4676,2,2023-01-20,2025-04-11,1,CONTRATO DE CONCESIÓN (L 685),ACLARACION/MODIFICACION DE TITULO; APROBACIÓN INSTRUMENTO TÉCNICO
501760,5,2023-01-20,2025-04-11,1,CONTRATO DE CONCESIÓN (L 685),ACLARACION/MODIFICACION DE TITULO; ACLARACIÓN ANOTACIÓN; APROBACIÓN INSTRUMENTO TÉCNICO
502330,2,2023-01-20,2025-03-07,1,CONTRATO DE CONCESIÓN DIFERENCIAL,ACLARACION/MODIFICACION DE TITULO
651-17,1,2023-01-20,2023-01-20,1,CONTRATO DE CONCESIÓN (L 685),ACLARACION/MODIFICACION DE TITULO
734-17,2,2023-01-20,2025-09-25,1,CONTRATO DE CONCESIÓN (L 685),ACLARACION/MODIFICACION DE TITULO; APROBACIÓN INSTRUMENTO TÉCNICO
781-17,3,2023-01-20,2025-09-25,1,CONTRATO DE CONCESIÓN (L 685),ACLARACION/MODIFICACION DE TITULO; APROBACIÓN INSTRUMENTO TÉCNICO; SUSPENSION POR FUERZA MAYOR O CASO FORTUITO
791-17,3,2023-01-20,2025-09-25,1,CONTRATO DE CONCESIÓN (L 685),ACLARACION/MODIFICACION DE TITULO; APROBACIÓN INSTRUMENTO TÉCNICO; DESEMBARGO DE TITULOS
ARE-407,3,2023-12-20,2025-03-06,1,CONTRATO ESPECIAL DE CONCESIÓN,ACLARACIÓN ANOTACIÓN; APROBACIÓN INSTRUMENTO TÉCNICO; CONTRATO ESPECIAL DE CONCESION
ARE-SCG-08001X,3,2023-01-20,2025-04-28,1,CONTRATO ESPECIAL DE CONCESIÓN,ACLARACION/MODIFICACION DE TITULO; APROBACIÓN INSTRUMENTO TÉCNICO
ARE-SCG-08011X,2,2023-01-20,2025-04-28,1,CONTRATO ESPECIAL DE CONCESIÓN,ACLARACION/MODIFICACION DE TITULO; APROBACIÓN INSTRUMENTO TÉCNICO
ARE-SKM-08001X,2,2023-01-20,2025-04-30,1,CONTRATO ESPECIAL DE CONCESIÓN,ACLARACION/MODIFICACION DE TITULO; APROBACIÓN INSTRUMENTO TÉCNICO
ARE-SKM-08011X,2,2023-01-20,2023-08-16,1,CONTRATO ESPECIAL DE CONCESIÓN,ACLARACION/MODIFICACION DE TITULO
ARE-TB8-16011,3,2023-01-20,2025-03-06,1,CONTRATO ESPECIAL DE CONCESIÓN,ACLARACION DE NOMBRES; ACLARACION/MODIFICACION DE TITULO; APROBACIÓN INSTRUMENTO TÉCNICO
ARE-TE7-11331,2,2023-01-20,2025-04-25,1,CONTRATO ESPECIAL DE CONCESIÓN,ACLARACION/MODIFICACION DE TITULO; APROBACIÓN INSTRUMENTO TÉCNICO
ARE-TGJ-08002X,1,2023-01-20,2023-01-20,1,CONTRATO ESPECIAL DE CONCESIÓN,ACLARACION/MODIFICACION DE TITULO
ARE-TGJ-14151,2,2023-02-07,2023-04-25,1,CONTRATO ESPECIAL DE CONCESIÓN,ACLARACION/MODIFICACION DE TITULO; CONTRATO ESPECIAL DE CONCESION
B7560005,6,2023-01-20,2025-04-25,1,CONTRATO DE CONCESIÓN (L 685),ACLARACION/MODIFICACION DE TITULO; ACLARACIÓN ANOTACIÓN; APROBACIÓN INSTRUMENTO TÉCNICO; CESION  DE DERECHOS; DESEMBARGO DE TITULOS
BAE-112,2,2023-01-20,2025-04-25,1,LICENCIA ESPECIAL PARA COMUNIDAD,ACLARACION/MODIFICACION DE TITULO; APROBACIÓN INSTRUMENTO TÉCNICO
BFJ-111,3,2023-01-20,2025-03-21,1,LICENCIA DE EXPLOTACIÓN,ACLARACION/MODIFICACION DE TITULO; APROBACIÓN INSTRUMENTO TÉCNICO; CESION  DE DERECHOS
C3921011,2,2023-01-20,2025-04-28,1,CONTRATO DE CONCESIÓN (L 685),ACLARACION/MODIFICACION DE TITULO; APROBACIÓN INSTRUMENTO TÉCNICO
CAO-152,3,2023-01-20,2024-02-19,1,CONTRATO DE CONCESIÓN (L 685),ACLARACION/MODIFICACION DE TITULO; SUSPENSION POR FUERZA MAYOR O CASO FORTUITO
CCC-111,2,2023-01-20,2025-05-08,1,CONTRATO DE CONCESIÓN (L 685),ACLARACION/MODIFICACION DE TITULO; APROBACIÓN INSTRUMENTO TÉCNICO
DIR-072,2,2023-01-20,2025-04-25,1,CONTRATO DE CONCESIÓN (L 685),ACLARACION/MODIFICACION DE TITULO; APROBACIÓN INSTRUMENTO TÉCNICO
DIR-07311X,2,2023-01-20,2025-04-25,1,CONTRATO DE CONCESIÓN (L 685),ACLARACION/MODIFICACION DE TITULO; APROBACIÓN INSTRUMENTO TÉCNICO
DIR-075,2,2023-01-20,2025-04-25,1,CONTRATO DE CONCESIÓN (L 685),ACLARACION/MODIFICACION DE TITULO; APROBACIÓN INSTRUMENTO TÉCNICO
DIR-076,2,2023-01-20,2025-04-25,1,CONTRATO DE CONCESIÓN (L 685),ACLARACION/MODIFICACION DE TITULO; APROBACIÓN INSTRUMENTO TÉCNICO
DK1-152,3,2023-01-20,2025-04-11,1,CONTRATO DE CONCESIÓN (D 2655),ACLARACION/MODIFICACION DE TITULO; APROBACIÓN INSTRUMENTO TÉCNICO; EMBARGO DE TITULOS
EB-0003,7,2023-01-20,2025-08-15,1,CONTRATO DE CONCESIÓN (L 685),ACLARACION/MODIFICACION DE TITULO; APROBACIÓN INSTRUMENTO TÉCNICO; EMBARGO DE TITULOS; SUBCONTRATO DE FORMALIZACIÓN
EB-0008,3,2023-01-20,2025-04-11,1,CONTRATO DE CONCESIÓN (L 685),ACLARACION/MODIFICACION DE TITULO; APROBACIÓN INSTRUMENTO TÉCNICO; PRÓRROGA DE TITULO
EBA-091,3,2023-01-20,2025-03-06,1,CONTRATO DE CONCESIÓN (L 685),ACLARACION MINERALES; ACLARACION/MODIFICACION DE TITULO; APROBACIÓN INSTRUMENTO TÉCNICO
EC7-152,1,2023-01-20,2023-01-20,1,CONTRATO DE CONCESIÓN (L 685),ACLARACION/MODIFICACION DE TITULO
EDLD-01,1,2023-01-20,2023-01-20,1,RECONOCIMIENTO PROPIEDAD PRIVADA,ACLARACION/MODIFICACION DE TITULO
EE2-111,2,2023-01-20,2025-03-11,1,CONTRATO DE CONCESIÓN (L 685),ACLARACION/MODIFICACION DE TITULO; APROBACIÓN INSTRUMENTO TÉCNICO
EE6-091,3,2023-01-20,2025-05-08,1,CONTRATO DE CONCESIÓN (L 685),ACLARACION/MODIFICACION DE TITULO; APROBACIÓN INSTRUMENTO TÉCNICO; SUSPENSION POR FUERZA MAYOR O CASO FORTUITO
EEK-152,2,2023-01-20,2024-02-20,1,CONTRATO DE CONCESIÓN (L 685),ACLARACION/MODIFICACION DE TITULO; SUSPENSION POR FUERZA MAYOR O CASO FORTUITO
EET-143,2,2023-01-20,2023-08-03,1,CONTRATO DE CONCESIÓN (L 685),ACLARACION/MODIFICACION DE TITULO
EKE-151,1,2023-01-20,2023-01-20,1,CONTRATO DE CONCESIÓN (L 685),ACLARACION/MODIFICACION DE TITULO
FE3-113,1,2023-01-20,2023-01-20,1,CONTRATO DE CONCESIÓN (L 685),ACLARACION/MODIFICACION DE TITULO
FI7-161,2,2023-01-20,2025-05-08,1,CONTRATO DE CONCESIÓN (L 685),ACLARACION/MODIFICACION DE TITULO; APROBACIÓN INSTRUMENTO TÉCNICO
FKJ-083,2,2023-01-20,2025-04-23,1,CONTRATO DE CONCESIÓN (L 685),ACLARACION/MODIFICACION DE TITULO; APROBACIÓN INSTRUMENTO TÉCNICO
FLN-093,2,2023-01-20,2023-08-25,1,CONTRATO DE CONCESIÓN (L 685),ACLARACION/MODIFICACION DE TITULO; CESION  DE DERECHOS
FLR-115,3,2023-01-20,2025-04-25,1,CONTRATO DE CONCESIÓN (L 685),ACLARACION/MODIFICACION DE TITULO; APROBACIÓN INSTRUMENTO TÉCNICO; CESION  DE DERECHOS
FLV-09V,2,2023-01-20,2025-05-09,1,CONTRATO DE CONCESIÓN (L 685),ACLARACION/MODIFICACION DE TITULO; APROBACIÓN INSTRUMENTO TÉCNICO
G5897005,5,2023-01-20,2025-10-16,1,CONTRATO DE CONCESIÓN (L 685),ACLARACION/MODIFICACION DE TITULO; APROBACIÓN INSTRUMENTO TÉCNICO; SUSPENSION POR FUERZA MAYOR O CASO FORTUITO
G5931005,2,2023-01-20,2025-04-30,1,CONTRATO DE CONCESIÓN (L 685),ACLARACION/MODIFICACION DE TITULO; APROBACIÓN INSTRUMENTO TÉCNICO
G5945005,2,2023-01-20,2025-04-30,1,CONTRATO DE CONCESIÓN (L 685),ACLARACION/MODIFICACION DE TITULO; APROBACIÓN INSTRUMENTO TÉCNICO
G5993005,2,2023-01-20,2025-04-30,1,CONTRATO DE CONCESIÓN (L 685),ACLARACION/MODIFICACION DE TITULO; APROBACIÓN INSTRUMENTO TÉCNICO
G6180005,2,2023-01-20,2025-04-28,1,CONTRATO DE CONCESIÓN (L 685),ACLARACION/MODIFICACION DE TITULO; APROBACIÓN INSTRUMENTO TÉCNICO
G6184005,2,2023-01-20,2025-03-11,1,CONTRATO DE CONCESIÓN (L 685),ACLARACION/MODIFICACION DE TITULO; APROBACIÓN INSTRUMENTO TÉCNICO
G6305005,2,2023-01-20,2025-04-29,1,CONTRATO DE CONCESIÓN (L 685),ACLARACION/MODIFICACION DE TITULO; APROBACIÓN INSTRUMENTO TÉCNICO
GC7-103,3,2023-01-20,2025-06-16,1,CONTRATO DE CONCESIÓN (L 685),ACLARACION/MODIFICACION DE TITULO; APROBACIÓN INSTRUMENTO TÉCNICO; DESEMBARGO DE TITULOS
GCF-081,4,2023-01-20,2025-05-06,1,CONTRATO DE CONCESIÓN (L 685),ACLARACION/MODIFICACION DE TITULO; APROBACIÓN INSTRUMENTO TÉCNICO; LEVANTAMIENTO MEDIDA CAUTELAR; MEDIDAS CAUTELARES
GCT-081,3,2023-01-20,2025-04-11,1,CONTRATO DE CONCESIÓN (L 685),ACLARACION/MODIFICACION DE TITULO; APROBACIÓN INSTRUMENTO TÉCNICO
GEPO-02,2,2023-01-20,2025-09-25,1,CONTRATO DE CONCESIÓN (D 2655),ACLARACION/MODIFICACION DE TITULO; APROBACIÓN INSTRUMENTO TÉCNICO
GI2-101,2,2023-01-20,2025-05-06,1,CONTRATO DE CONCESIÓN (L 685),ACLARACION/MODIFICACION DE TITULO; APROBACIÓN INSTRUMENTO TÉCNICO
H5814005,2,2023-01-20,2025-04-30,1,CONTRATO DE CONCESIÓN (L 685),ACLARACION/MODIFICACION DE TITULO; APROBACIÓN INSTRUMENTO TÉCNICO
H5895005,2,2023-01-20,2025-04-29,1,CONTRATO DE CONCESIÓN (L 685),ACLARACION/MODIFICACION DE TITULO; APROBACIÓN INSTRUMENTO TÉCNICO
H5913005,1,2023-01-20,2023-01-20,1,CONTRATO DE CONCESIÓN (D 2655),ACLARACION/MODIFICACION DE TITULO
H5953005,5,2023-01-20,2025-04-30,1,CONTRATO DE CONCESIÓN (D 2655),ACLARACION/MODIFICACION DE TITULO; APROBACIÓN INSTRUMENTO TÉCNICO; CADUCIDAD; REACTIVAR TITULO; SUSPENSION POR FUERZA MAYOR O CASO FORTUITO
H5974005,2,2023-01-20,2025-04-29,1,CONTRATO DE CONCESIÓN (L 685),ACLARACION/MODIFICACION DE TITULO; APROBACIÓN INSTRUMENTO TÉCNICO
H5980005,3,2023-01-20,2025-04-10,1,CONTRATO DE CONCESIÓN (L 685),ACLARACION/MODIFICACION DE TITULO; APROBACIÓN INSTRUMENTO TÉCNICO
H5997005,2,2023-01-20,2025-04-29,1,CONTRATO DE CONCESIÓN (L 685),ACLARACION/MODIFICACION DE TITULO; APROBACIÓN INSTRUMENTO TÉCNICO
H6045005,3,2023-01-20,2025-04-28,1,CONTRATO DE CONCESIÓN (L 685),ACLARACION DE NOMBRES/RAZON SOCIAL; ACLARACION/MODIFICACION DE TITULO; APROBACIÓN INSTRUMENTO TÉCNICO
H6048005,6,2023-01-20,2025-06-18,1,CONTRATO DE CONCESIÓN (L 685),ACLARACION DE NOMBRES/RAZON SOCIAL; ACLARACION/MODIFICACION DE TITULO; APROBACIÓN INSTRUMENTO TÉCNICO; ELIMINACION DE TITULAR
H6142005,3,2023-01-20,2025-11-07,1,CONTRATO DE CONCESIÓN (L 685),ACLARACION/MODIFICACION DE TITULO; ACLARACIÓN ANOTACIÓN; APROBACIÓN INSTRUMENTO TÉCNICO
H6173005,3,2023-01-20,2025-05-28,1,CONTRATO DE CONCESIÓN (L 685),ACLARACION/MODIFICACION DE TITULO; ACLARACIÓN ANOTACIÓN; APROBACIÓN INSTRUMENTO TÉCNICO
H6325005,2,2023-01-20,2025-04-29,1,CONTRATO DE CONCESIÓN (L 685),ACLARACION/MODIFICACION DE TITULO; APROBACIÓN INSTRUMENTO TÉCNICO
H6459005,2,2023-01-20,2025-04-28,1,CONTRATO DE CONCESIÓN (L 685),ACLARACION/MODIFICACION DE TITULO; APROBACIÓN INSTRUMENTO TÉCNICO
H6611005,2,2023-01-20,2025-04-28,1,CONTRATO DE CONCESIÓN (L 685),ACLARACION/MODIFICACION DE TITULO; APROBACIÓN INSTRUMENTO TÉCNICO
H6756005,5,2023-01-20,2025-11-13,1,CONTRATO DE CONCESIÓN (D 2655),ACLARACION/MODIFICACION DE TITULO; APROBACIÓN INSTRUMENTO TÉCNICO; CESION  DE DERECHOS; TERMINACIÓN SUBCONTRATO DE FORMALIZACIÓN
H7055005,2,2023-01-20,2025-04-30,1,CONTRATO DE CONCESIÓN (D 2655),ACLARACION/MODIFICACION DE TITULO; APROBACIÓN INSTRUMENTO TÉCNICO
H7130005,2,2023-01-20,2025-04-29,1,CONTRATO DE CONCESIÓN (L 685),ACLARACION/MODIFICACION DE TITULO; APROBACIÓN INSTRUMENTO TÉCNICO
H7414005,2,2023-01-20,2025-04-29,1,CONTRATO DE CONCESIÓN (L 685),ACLARACION/MODIFICACION DE TITULO; APROBACIÓN INSTRUMENTO TÉCNICO
HAJ-082,3,2023-01-20,2025-05-13,1,CONTRATO DE CONCESIÓN (L 685),ACLARACION/MODIFICACION DE TITULO; APROBACIÓN INSTRUMENTO TÉCNICO; SUSPENSION POR FUERZA MAYOR O CASO FORTUITO
HB7-101,1,2023-01-20,2023-01-20,1,CONTRATO DE CONCESIÓN (L 685),ACLARACION/MODIFICACION DE TITULO
HBN-091,2,2023-01-20,2025-05-06,1,CONTRATO DE CONCESIÓN (D 2655),ACLARACION/MODIFICACION DE TITULO; APROBACIÓN INSTRUMENTO TÉCNICO
HCIN-03,3,2023-01-20,2025-11-04,1,CONTRATO DE CONCESIÓN (L 685),ACLARACION/MODIFICACION DE TITULO; APROBACIÓN INSTRUMENTO TÉCNICO; SUBCONTRATO DE FORMALIZACIÓN
HDH-152,2,2023-01-20,2025-04-25,1,CONTRATO DE CONCESIÓN (L 685),ACLARACION/MODIFICACION DE TITULO; APROBACIÓN INSTRUMENTO TÉCNICO
HDQ-081,3,2023-01-20,2025-03-21,1,CONTRATO DE CONCESIÓN (L 685),ACLARACION/MODIFICACION DE TITULO; APROBACIÓN INSTRUMENTO TÉCNICO; CESION  DE DERECHOS
HEA-121,2,2023-01-20,2025-05-06,1,CONTRATO DE CONCESIÓN (L 685),ACLARACION/MODIFICACION DE TITULO; APROBACIÓN INSTRUMENTO TÉCNICO
HEQJ-01,2,2023-01-20,2025-04-30,1,CONTRATO DE CONCESIÓN (L 685),ACLARACION/MODIFICACION DE TITULO; APROBACIÓN INSTRUMENTO TÉCNICO
HGSI-02,4,2023-01-20,2025-09-12,1,CONTRATO DE CONCESIÓN (L 685),ACLARACION/MODIFICACION DE TITULO; APROBACIÓN INSTRUMENTO TÉCNICO; EMBARGO DE TITULOS; LEVANTAMIENTO MEDIDA CAUTELAR
HHII-12,2,2023-01-20,2025-04-28,1,CONTRATO DE CONCESIÓN (L 685),ACLARACION/MODIFICACION DE TITULO; APROBACIÓN INSTRUMENTO TÉCNICO
HHXK-01,3,2023-01-20,2025-04-30,1,CONTRATO DE CONCESIÓN (L 685),ACLARACION/MODIFICACION DE TITULO; APROBACIÓN INSTRUMENTO TÉCNICO; CAMBIO DE TITULAR POR ABSORCIÓN Y/O FUSIÓN
HIBJ-43,3,2023-01-20,2025-05-29,1,CONTRATO DE CONCESIÓN (L 685),ACLARACION/MODIFICACION DE TITULO; APROBACIÓN INSTRUMENTO TÉCNICO; SUSPENSION POR FUERZA MAYOR O CASO FORTUITO
HIDJ-02,2,2023-01-20,2025-04-30,1,CONTRATO DE CONCESIÓN (L 685),ACLARACION/MODIFICACION DE TITULO; APROBACIÓN INSTRUMENTO TÉCNICO
HIT-11443X,2,2023-01-20,2025-09-25,1,CONTRATO DE CONCESIÓN (L 685),ACLARACION/MODIFICACION DE TITULO; APROBACIÓN INSTRUMENTO TÉCNICO
HJA-08011,2,2023-01-20,2025-05-06,1,CONTRATO DE CONCESIÓN (L 685),ACLARACION/MODIFICACION DE TITULO; APROBACIÓN INSTRUMENTO TÉCNICO
HJCL-08,2,2023-01-20,2025-04-28,1,CONTRATO DE CONCESIÓN (L 685),ACLARACION/MODIFICACION DE TITULO; APROBACIÓN INSTRUMENTO TÉCNICO
HJID-03,4,2023-01-20,2025-04-28,1,CONTRATO DE CONCESIÓN (L 685),ACLARACION/MODIFICACION DE TITULO; APROBACIÓN INSTRUMENTO TÉCNICO; CESION  DE DERECHOS; MEDIDAS CAUTELARES
HJLI-02,2,2023-01-20,2025-05-02,1,CONTRATO DE CONCESIÓN (L 685),ACLARACION/MODIFICACION DE TITULO; APROBACIÓN INSTRUMENTO TÉCNICO
ICQ-080216X,2,2023-01-20,2025-05-06,1,CONTRATO DE CONCESIÓN (L 685),ACLARACION/MODIFICACION DE TITULO; APROBACIÓN INSTRUMENTO TÉCNICO
ICQ-081319X,4,2023-01-20,2025-05-06,1,CONTRATO DE CONCESIÓN (L 685),ACLARACION/MODIFICACION DE TITULO; APROBACIÓN INSTRUMENTO TÉCNICO; DESEMBARGO DE TITULOS; EMBARGO DE TITULOS
ICQ-08149X,2,2023-01-20,2025-05-06,1,CONTRATO DE CONCESIÓN (L 685),ACLARACION/MODIFICACION DE TITULO; APROBACIÓN INSTRUMENTO TÉCNICO
IDR-10331,2,2023-01-20,2025-05-06,1,CONTRATO DE CONCESIÓN (L 685),ACLARACION/MODIFICACION DE TITULO; APROBACIÓN INSTRUMENTO TÉCNICO
IEV-16061,6,2023-01-20,2025-09-02,1,CONTRATO DE CONCESIÓN (L 685),ACLARACION/MODIFICACION DE TITULO; ACLARACIÓN ANOTACIÓN; APROBACIÓN INSTRUMENTO TÉCNICO; DESEMBARGO DE TITULOS; EMBARGO DE TITULOS; LEVANTAMIENTO MEDIDA CAUTELAR
IF5-11131,4,2023-01-20,2025-07-31,1,CONTRATO DE CONCESIÓN (L 685),ACLARACION/MODIFICACION DE TITULO; APROBACIÓN INSTRUMENTO TÉCNICO; EMBARGO DE TITULOS
IH2-09262X,4,2023-01-20,2025-04-30,1,CONTRATO DE CONCESIÓN (L 685),ACLARACION/MODIFICACION DE TITULO; APROBACIÓN INSTRUMENTO TÉCNICO; EMBARGO DE TITULOS
IH8-10541,1,2023-01-20,2023-01-20,1,CONTRATO DE CONCESIÓN (L 685),ACLARACION/MODIFICACION DE TITULO
IIS-15111,1,2023-01-20,2023-01-20,1,CONTRATO DE CONCESIÓN (L 685),ACLARACION/MODIFICACION DE TITULO
JBM-14171X,2,2023-01-20,2025-07-09,1,CONTRATO DE CONCESIÓN (L 685),ACLARACION/MODIFICACION DE TITULO; SUSPENSION POR FUERZA MAYOR O CASO FORTUITO
JC3-09491,2,2023-01-20,2023-11-28,1,CONTRATO DE CONCESIÓN (L 685),ACLARACION/MODIFICACION DE TITULO; DERECHO DE PREFERENCIA POR CAUSA DE MUERTE
JD4-15221,2,2023-01-20,2025-04-21,1,CONTRATO DE CONCESIÓN (L 685),ACLARACION/MODIFICACION DE TITULO; APROBACION POLIZA DE CUMPLIMIENTO
JD4-15222,2,2023-01-20,2025-04-30,1,CONTRATO DE CONCESIÓN (L 685),ACLARACION/MODIFICACION DE TITULO; APROBACIÓN INSTRUMENTO TÉCNICO
JDG-14191,4,2023-01-20,2025-07-02,1,CONTRATO DE CONCESIÓN (L 685),ACLARACION/MODIFICACION DE TITULO; APROBACIÓN INSTRUMENTO TÉCNICO; EMBARGO DE TITULOS
JDG-16061,2,2023-01-20,2025-04-30,1,CONTRATO DE CONCESIÓN (L 685),ACLARACION/MODIFICACION DE TITULO; APROBACIÓN INSTRUMENTO TÉCNICO
JG3-16392,1,2023-01-20,2023-01-20,1,CONTRATO DE CONCESIÓN (L 685),ACLARACION/MODIFICACION DE TITULO
JG4-16531,6,2023-01-20,2025-04-21,1,CONTRATO DE CONCESIÓN (L 685),ACLARACION/MODIFICACION DE TITULO; APROBACIÓN INSTRUMENTO TÉCNICO; SUBCONTRATO DE FORMALIZACIÓN
JGE-11221,2,2023-01-20,2025-04-21,1,CONTRATO DE CONCESIÓN (L 685),ACLARACION/MODIFICACION DE TITULO; APROBACIÓN INSTRUMENTO TÉCNICO
JGF-09412,2,2023-01-20,2025-04-21,1,CONTRATO DE CONCESIÓN (L 685),ACLARACION/MODIFICACION DE TITULO; APROBACIÓN INSTRUMENTO TÉCNICO
JIM-14382,2,2023-01-20,2025-11-19,1,CONTRATO DE CONCESIÓN (L 685),ACLARACION/MODIFICACION DE TITULO; APROBACIÓN INSTRUMENTO TÉCNICO
JJE-080413X,2,2023-01-20,2025-04-29,1,CONTRATO DE CONCESIÓN (L 685),ACLARACION/MODIFICACION DE TITULO; APROBACIÓN INSTRUMENTO TÉCNICO
KB5-15371,2,2023-01-20,2025-04-28,1,CONTRATO DE CONCESIÓN (L 685),ACLARACION/MODIFICACION DE TITULO; APROBACIÓN INSTRUMENTO TÉCNICO
KEE-11211,2,2023-01-20,2025-03-20,1,CONTRATO DE CONCESIÓN (L 685),ACLARACION/MODIFICACION DE TITULO; APROBACIÓN INSTRUMENTO TÉCNICO
L2662005,3,2023-01-20,2025-04-30,1,CONTRATO DE CONCESIÓN (L 685),ACLARACION/MODIFICACION DE TITULO; APROBACIÓN INSTRUMENTO TÉCNICO; MEDIDAS CAUTELARES
L315005,4,2023-01-20,2025-04-04,1,CONTRATO DE CONCESIÓN (L 685),ACLARACION/MODIFICACION DE TITULO; SUSPENSION DE TERMINOS; SUSPENSION POR FUERZA MAYOR O CASO FORTUITO
L4439005,2,2023-01-20,2025-04-29,1,CONTRATO DE CONCESIÓN (L 685),ACLARACION/MODIFICACION DE TITULO; APROBACIÓN INSTRUMENTO TÉCNICO
L4804005,3,2023-01-20,2025-03-10,1,CONTRATO DE CONCESIÓN (D 2655),ACLARACION/MODIFICACION DE TITULO; APROBACIÓN INSTRUMENTO TÉCNICO; EMBARGO DE TITULOS
L5176005,2,2023-01-20,2025-04-30,1,CONTRATO DE CONCESIÓN (L 685),ACLARACION/MODIFICACION DE TITULO; APROBACIÓN INSTRUMENTO TÉCNICO
L5186005,3,2023-01-20,2025-04-28,1,CONTRATO DE CONCESIÓN (D 2655),ACLARACION MINERALES; ACLARACION/MODIFICACION DE TITULO; APROBACIÓN INSTRUMENTO TÉCNICO
L5293005,2,2023-01-20,2025-04-29,1,CONTRATO DE CONCESIÓN (L 685),ACLARACION/MODIFICACION DE TITULO; APROBACIÓN INSTRUMENTO TÉCNICO
L5419005,7,2023-01-20,2024-12-31,1,CONTRATO DE CONCESIÓN (L 685),ACLARACION/MODIFICACION DE TITULO; INTEGRACION DE AREAS; SUBCONTRATO DE FORMALIZACIÓN
L5682005,4,2023-01-20,2025-04-30,1,CONTRATO DE CONCESIÓN (L 685),ACLARACION/MODIFICACION DE TITULO; APROBACIÓN INSTRUMENTO TÉCNICO; DESEMBARGO DE TITULOS; EMBARGO DE TITULOS
L5707005,2,2023-01-20,2025-04-30,1,LICENCIA DE EXPLOTACIÓN,ACLARACION/MODIFICACION DE TITULO; APROBACIÓN INSTRUMENTO TÉCNICO
L853005,3,2023-01-20,2024-11-18,1,CONTRATO EN VIRTUD DE APORTE,ACLARACION/MODIFICACION DE TITULO
LFL-08551,3,2023-01-20,2025-03-20,1,CONTRATO DE CONCESIÓN (L 685),ACLARACION/MODIFICACION DE TITULO; APROBACIÓN INSTRUMENTO TÉCNICO; CESION  DE DERECHOS
LH0071-17,1,2023-01-20,2023-01-20,1,CONTRATO DE CONCESIÓN (L 685),ACLARACION/MODIFICACION DE TITULO
LH2-11461,2,2023-01-20,2023-09-07,1,CONTRATO DE CONCESIÓN (L 685),ACLARACION/MODIFICACION DE TITULO; CONTRATO DE CONCESION
LIR-08431,3,2023-01-20,2025-03-20,1,CONTRATO DE CONCESIÓN (L 685),ACLARACION/MODIFICACION DE TITULO; APROBACIÓN INSTRUMENTO TÉCNICO; CESION  DE DERECHOS
LSB-06,4,2023-01-20,2025-06-13,1,CONTRATO DE CONCESIÓN (L 685),ACLARACION DE NOMBRES/RAZON SOCIAL; ACLARACION/MODIFICACION DE TITULO; APROBACIÓN INSTRUMENTO TÉCNICO; CESION  DE DERECHOS
LSB-07,3,2023-01-20,2025-04-21,1,CONTRATO DE CONCESIÓN (L 685),ACLARACION DE TITULARES; ACLARACION/MODIFICACION DE TITULO; APROBACIÓN INSTRUMENTO TÉCNICO
LSB-14,3,2023-01-20,2025-04-21,1,CONTRATO DE CONCESIÓN (L 685),ACLARACION/MODIFICACION DE TITULO; APROBACIÓN INSTRUMENTO TÉCNICO
LSB-15,3,2023-01-20,2025-04-21,1,CONTRATO DE CONCESIÓN (L 685),ACLARACION/MODIFICACION DE TITULO; APROBACIÓN INSTRUMENTO TÉCNICO
LSB-17,3,2023-01-20,2025-04-21,1,CONTRATO DE CONCESIÓN (L 685),ACLARACION/MODIFICACION DE TITULO; APROBACIÓN INSTRUMENTO TÉCNICO
LSB-19,3,2023-01-20,2025-04-21,1,CONTRATO DE CONCESIÓN (L 685),ACLARACION/MODIFICACION DE TITULO; APROBACIÓN INSTRUMENTO TÉCNICO
LSB-2,3,2023-01-20,2025-04-21,1,CONTRATO DE CONCESIÓN (L 685),ACLARACION/MODIFICACION DE TITULO; APROBACIÓN INSTRUMENTO TÉCNICO
LSB-20,3,2023-01-20,2025-04-21,1,CONTRATO DE CONCESIÓN (L 685),ACLARACION/MODIFICACION DE TITULO; APROBACIÓN INSTRUMENTO TÉCNICO
LSB-22,3,2023-01-20,2025-04-21,1,CONTRATO DE CONCESIÓN (L 685),ACLARACION/MODIFICACION DE TITULO; APROBACIÓN INSTRUMENTO TÉCNICO
LSB-3,3,2023-01-20,2025-04-21,1,CONTRATO DE CONCESIÓN (L 685),ACLARACION/MODIFICACION DE TITULO; APROBACIÓN INSTRUMENTO TÉCNICO
LSB-4,3,2023-01-20,2025-04-21,1,CONTRATO DE CONCESIÓN (L 685),ACLARACION/MODIFICACION DE TITULO; APROBACIÓN INSTRUMENTO TÉCNICO
LSB-41,2,2023-01-20,2025-04-21,1,CONTRATO DE CONCESIÓN (L 685),ACLARACION/MODIFICACION DE TITULO; APROBACIÓN INSTRUMENTO TÉCNICO
LSB-74,2,2023-01-20,2025-04-21,1,CONTRATO DE CONCESIÓN (L 685),ACLARACION/MODIFICACION DE TITULO; APROBACIÓN INSTRUMENTO TÉCNICO
NFR-10021,2,2023-01-20,2025-04-21,1,CONTRATO DE CONCESIÓN (L 685),ACLARACION/MODIFICACION DE TITULO; APROBACIÓN INSTRUMENTO TÉCNICO
NFT-10041,1,2023-01-20,2023-01-20,1,CONTRATO DE CONCESIÓN (L 685),ACLARACION/MODIFICACION DE TITULO
NHR-16512,3,2023-01-20,2025-03-21,1,CONTRATO DE CONCESIÓN (L 685),ACLARACION/MODIFICACION DE TITULO; APROBACIÓN INSTRUMENTO TÉCNICO; CONTRATO DE CONCESION
NK7-09291,4,2023-01-20,2025-04-30,1,CONTRATO DE CONCESIÓN (L 685),ACLARACION/MODIFICACION DE TITULO; APROBACIÓN INSTRUMENTO TÉCNICO; CONTRATO DE CONCESION
OE6-10081,3,2023-01-20,2025-05-02,1,CONTRATO DE CONCESIÓN (L 685),ACLARACION/MODIFICACION DE TITULO; APROBACIÓN INSTRUMENTO TÉCNICO; CONTRATO DE CONCESION
OE8-08532,2,2023-01-20,2024-11-29,1,CONTRATO DE CONCESIÓN (L 685),ACLARACION/MODIFICACION DE TITULO; CONTRATO DE CONCESION
OEA-16122,3,2023-01-20,2025-04-21,1,CONTRATO DE CONCESIÓN (L 685),ACLARACION/MODIFICACION DE TITULO; APROBACIÓN INSTRUMENTO TÉCNICO; CONTRATO DE CONCESION
OG3-08482,2,2023-01-20,2025-03-10,1,CONTRATO DE CONCESIÓN (L 685),ACLARACION/MODIFICACION DE TITULO; APROBACIÓN INSTRUMENTO TÉCNICO
P1994011,4,2023-01-20,2025-04-28,1,CONTRATO DE CONCESIÓN (L 685),ACLARACION/MODIFICACION DE TITULO; APROBACIÓN INSTRUMENTO TÉCNICO; DERECHO DE PREFERENCIA POR CAUSA DE MUERTE; MEDIDAS CAUTELARES
P6192011,2,2023-01-20,2024-12-09,1,CONTRATO DE CONCESIÓN (L 685),ACLARACION/MODIFICACION DE TITULO; MEDIDAS CAUTELARES
P7299011,2,2023-01-20,2025-04-30,1,CONTRATO DE CONCESIÓN (L 685),ACLARACION/MODIFICACION DE TITULO; APROBACIÓN INSTRUMENTO TÉCNICO
P7495011,3,2023-01-20,2025-05-30,1,CONTRATO DE CONCESIÓN (L 685),ACLARACION/MODIFICACION DE TITULO; INTEGRACION DE AREAS; TERMINACIÓN SUBCONTRATO DE FORMALIZACIÓN
P8717011,2,2023-01-20,2023-11-03,1,PERMISO,ACLARACION/MODIFICACION DE TITULO; CESION  DE DERECHOS
QB3-08021,2,2023-01-20,2025-03-10,1,CONTRATO DE CONCESIÓN (L 685),ACLARACION/MODIFICACION DE TITULO; APROBACIÓN INSTRUMENTO TÉCNICO
R12011,1,2023-01-20,2023-01-20,1,RECONOCIMIENTO PROPIEDAD PRIVADA,ACLARACION/MODIFICACION DE TITULO
R140011,2,2023-01-20,2023-05-18,1,RECONOCIMIENTO PROPIEDAD PRIVADA,ACLARACION DE NOMBRES/RAZON SOCIAL; ACLARACION/MODIFICACION DE TITULO
R14011,3,2023-01-20,2025-05-29,1,RECONOCIMIENTO PROPIEDAD PRIVADA,ACLARACION/MODIFICACION DE TITULO; DESEMBARGO DE TITULOS; EMBARGO DE TITULOS
R220A11,1,2023-01-20,2023-01-20,1,RECONOCIMIENTO PROPIEDAD PRIVADA,ACLARACION/MODIFICACION DE TITULO
R220B11,1,2023-01-20,2023-01-20,1,RECONOCIMIENTO PROPIEDAD PRIVADA,ACLARACION/MODIFICACION DE TITULO
R220C11,1,2023-01-20,2023-01-20,1,RECONOCIMIENTO PROPIEDAD PRIVADA,ACLARACION/MODIFICACION DE TITULO
R220D11,1,2023-01-20,2023-01-20,1,RECONOCIMIENTO PROPIEDAD PRIVADA,ACLARACION/MODIFICACION DE TITULO
R220E11,1,2023-01-20,2023-01-20,1,RECONOCIMIENTO PROPIEDAD PRIVADA,ACLARACION/MODIFICACION DE TITULO
R220F11,1,2023-01-20,2023-01-20,1,RECONOCIMIENTO PROPIEDAD PRIVADA,ACLARACION/MODIFICACION DE TITULO
R260A11,1,2023-01-20,2023-01-20,1,RECONOCIMIENTO PROPIEDAD PRIVADA,ACLARACION/MODIFICACION DE TITULO
R260B11,1,2023-01-20,2023-01-20,1,RECONOCIMIENTO PROPIEDAD PRIVADA,ACLARACION/MODIFICACION DE TITULO
R260C11,1,2023-01-20,2023-01-20,1,RECONOCIMIENTO PROPIEDAD PRIVADA,ACLARACION/MODIFICACION DE TITULO
R260D11,1,2023-01-20,2023-01-20,1,RECONOCIMIENTO PROPIEDAD PRIVADA,ACLARACION/MODIFICACION DE TITULO
R260E11,1,2023-01-20,2023-01-20,1,RECONOCIMIENTO PROPIEDAD PRIVADA,ACLARACION/MODIFICACION DE TITULO
R50011,2,2023-01-20,2025-04-29,1,RECONOCIMIENTO PROPIEDAD PRIVADA,ACLARACION/MODIFICACION DE TITULO; APROBACIÓN INSTRUMENTO TÉCNICO
R57011C4,2,2023-01-20,2024-12-30,1,RECONOCIMIENTO PROPIEDAD PRIVADA,ACLARACION/MODIFICACION DE TITULO; SUBCONTRATO DE FORMALIZACIÓN
RPP-357,2,2023-01-20,2025-05-19,1,RECONOCIMIENTO PROPIEDAD PRIVADA,ACLARACION/MODIFICACION DE TITULO; LEVANTAMIENTO MEDIDA CAUTELAR
S-LSB-28,4,2023-01-20,2025-04-22,1,CONTRATO DE CONCESIÓN (L 685),ACLARACION/MODIFICACION DE TITULO; APROBACIÓN INSTRUMENTO TÉCNICO; EMBARGO DE TITULOS; SUSPENSION POR FUERZA MAYOR O CASO FORTUITO
S-LSB-36,1,2023-01-20,2023-01-20,1,CONTRATO DE CONCESIÓN (L 685),ACLARACION/MODIFICACION DE TITULO
S-LSB-5,2,2023-01-20,2025-04-22,1,CONTRATO DE CONCESIÓN (L 685),ACLARACION/MODIFICACION DE TITULO; APROBACIÓN INSTRUMENTO TÉCNICO
SAP-08001,2,2023-01-20,2025-03-11,1,CONTRATO DE CONCESIÓN (L 685),ACLARACION/MODIFICACION DE TITULO; APROBACIÓN INSTRUMENTO TÉCNICO
T1092005,3,2023-01-20,2025-04-30,1,LICENCIA DE EXPLOTACIÓN,ACLARACION/MODIFICACION DE TITULO; APROBACIÓN INSTRUMENTO TÉCNICO; MEDIDAS CAUTELARES
T13635011,4,2023-01-20,2025-06-25,1,CONTRATO DE CONCESIÓN (L 685),ACLARACION MINERALES; ACLARACION/MODIFICACION DE TITULO; SUSPENSION POR FUERZA MAYOR O CASO FORTUITO
T1403005,1,2023-01-20,2023-01-20,1,CONTRATO DE CONCESIÓN (L 685),ACLARACION/MODIFICACION DE TITULO
T1498005,2,2023-01-20,2025-04-29,1,CONTRATO DE CONCESIÓN (L 685),ACLARACION/MODIFICACION DE TITULO; APROBACIÓN INSTRUMENTO TÉCNICO
T189005,1,2023-01-20,2023-01-20,1,LICENCIA DE EXPLOTACIÓN,ACLARACION/MODIFICACION DE TITULO
T1935005,2,2023-01-20,2025-03-10,1,CONTRATO DE CONCESIÓN (L 685),ACLARACION/MODIFICACION DE TITULO; APROBACIÓN INSTRUMENTO TÉCNICO
T1936005,4,2023-01-20,2025-04-30,1,CONTRATO DE CONCESIÓN (L 685),ACLARACION/MODIFICACION DE TITULO; APROBACIÓN INSTRUMENTO TÉCNICO; LEVANTAMIENTO MEDIDA CAUTELAR
T1967005,1,2023-01-20,2023-01-20,1,LICENCIA DE EXPLOTACIÓN,ACLARACION/MODIFICACION DE TITULO
T306005,2,2023-01-20,2025-04-28,1,CONTRATO DE CONCESIÓN (L 685),ACLARACION/MODIFICACION DE TITULO; APROBACIÓN INSTRUMENTO TÉCNICO
T3873005,2,2023-01-20,2025-04-29,1,CONTRATO DE CONCESIÓN (L 685),ACLARACION/MODIFICACION DE TITULO; APROBACIÓN INSTRUMENTO TÉCNICO
T4132005,4,2023-01-20,2025-04-30,1,CONTRATO DE CONCESIÓN (D 2655),ACLARACION DE NOMBRES; ACLARACION/MODIFICACION DE TITULO; APROBACIÓN INSTRUMENTO TÉCNICO
T4395005,2,2023-01-20,2025-03-10,1,CONTRATO DE CONCESIÓN (L 685),ACLARACION/MODIFICACION DE TITULO; APROBACIÓN INSTRUMENTO TÉCNICO
T4508005,3,2023-01-20,2025-04-28,1,LICENCIA DE EXPLOTACIÓN,ACLARACION/MODIFICACION DE TITULO; APROBACIÓN INSTRUMENTO TÉCNICO; DERECHO DE PREFERENCIA POR CAUSA DE MUERTE
T4554005,2,2023-01-20,2025-03-10,1,CONTRATO DE CONCESIÓN (L 685),ACLARACION/MODIFICACION DE TITULO; APROBACIÓN INSTRUMENTO TÉCNICO
T4578005,2,2023-01-20,2025-04-30,1,CONTRATO DE CONCESIÓN (L 685),ACLARACION/MODIFICACION DE TITULO; APROBACIÓN INSTRUMENTO TÉCNICO
T4638005,6,2023-01-20,2025-06-04,1,CONTRATO DE CONCESIÓN (L 685),ACLARACION/MODIFICACION DE TITULO; APROBACIÓN INSTRUMENTO TÉCNICO; CESION  DE DERECHOS; LEVANTAMIENTO MEDIDA CAUTELAR; SUSPENSION POR FUERZA MAYOR O CASO FORTUITO
T4815005,3,2023-01-20,2025-04-29,1,CONTRATO DE CONCESIÓN (L 685),ACLARACION/MODIFICACION DE TITULO; APROBACIÓN INSTRUMENTO TÉCNICO
T4830005,1,2023-01-20,2023-01-20,1,CONTRATO DE CONCESIÓN (L 685),ACLARACION/MODIFICACION DE TITULO
T4941005,5,2023-01-20,2025-06-13,1,LICENCIA DE EXPLOTACIÓN,ACLARACION DE NOMBRES; ACLARACION/MODIFICACION DE TITULO; APROBACIÓN INSTRUMENTO TÉCNICO; CESION  DE DERECHOS; ELIMINACION DE TITULAR
T5163B05,2,2023-01-20,2025-04-29,1,CONTRATO DE CONCESIÓN (L 685),ACLARACION/MODIFICACION DE TITULO; APROBACIÓN INSTRUMENTO TÉCNICO
T5170005,5,2023-01-20,2025-04-30,1,CONTRATO DE CONCESIÓN (L 685),ACLARACION/MODIFICACION DE TITULO; APROBACIÓN INSTRUMENTO TÉCNICO; CAMBIO DE MODALIDAD; EMBARGO DE TITULOS
T5570005,2,2023-01-20,2025-04-30,1,LICENCIA DE EXPLOTACIÓN,ACLARACION/MODIFICACION DE TITULO; APROBACIÓN INSTRUMENTO TÉCNICO
T5630005,1,2023-01-20,2023-01-20,1,CONTRATO DE CONCESIÓN (L 685),ACLARACION/MODIFICACION DE TITULO
T59005,2,2023-01-20,2025-02-24,1,LICENCIA DE EXPLOTACIÓN,ACLARACION/MODIFICACION DE TITULO; EMBARGO DE TITULOS
T823005,2,2023-01-20,2025-04-29,1,LICENCIA DE EXPLOTACIÓN,ACLARACION/MODIFICACION DE TITULO; APROBACIÓN INSTRUMENTO TÉCNICO
