anio,peso_neto_kg,valor_fob_usd,clasificacion_hs,nota
2010,62824,2094561515,H3,legacy sin desglose modal
2011,66520,2774917603,H3,legacy sin desglose modal
2012,76583,3385287134,H4,legacy sin desglose modal
2013,57309,2226458429,H4,legacy sin desglose modal
2014,47962,1581809673,H4,legacy sin desglose modal
2015,36535,1089940368,H4,legacy sin desglose modal
2016,46828,1522109499,H4,legacy sin desglose modal
2017,54291.37,1740971659.66,H5,mot0 C00
2018,45391.49,1421678443.03,H5,mot0 C00
2019,52199.55,1746835077.90,H5,mot0 C00
2020,68876.48,2901983481.07,H5,mot0 C00
2021,79447.95,3132366785.59,H5,mot0 C00
2022,70678.96,2976116302.42,H6,mot0 C00
2023,71704.79,3403928661.75,H6,mot0 C00
2024,69885.78,4103524728.69,H6,mot0 C00
2025,57158.10,4615648164.48,H6,mot0 C00
