anio,flujo,subpartida_hs6,equivalente_dian_10dig,peso_neto_kg,valor_usd,tipo_valor
2010,X,710812,7108120000,59827.0,1997239827.0,FOB
2010,X,710813,7108130000,2996.0,97321688.0,FOB
2010,X,710820,7108200000,0.0,0.0,FOB
2010,X,261690,2616901000 (+2616909000),598.0,25566519.0,FOB
2010,M,710812,7108120000,0.0,0.0,CIF
2010,M,710813,7108130000,26.0,15952.0,CIF
2010,M,710820,7108200000,0.0,0.0,CIF
2010,M,261690,2616901000 (+2616909000),56.0,12778.0,CIF
2011,X,710812,7108120000,60144.0,2591714120.0,FOB
2011,X,710813,7108130000,6376.0,183203483.0,FOB
2011,X,710820,7108200000,0.0,0.0,FOB
2011,X,261690,2616901000 (+2616909000),537.0,24466659.0,FOB
2011,M,710812,7108120000,0.0,2233.0,CIF
2011,M,710813,7108130000,4.0,2216.0,CIF
2011,M,710820,7108200000,0.0,0.0,CIF
2011,M,261690,2616901000 (+2616909000),954.0,79501.0,CIF
2012,X,710812,7108120000,69845.0,3190547140.0,FOB
2012,X,710813,7108130000,6739.0,194739995.0,FOB
2012,X,710820,7108200000,0.0,0.0,FOB
2012,X,261690,2616901000 (+2616909000),327.0,12713194.0,FOB
2012,M,710812,7108120000,0.0,0.0,CIF
2012,M,710813,7108130000,36.0,120293.0,CIF
2012,M,710820,7108200000,0.0,0.0,CIF
2012,M,261690,2616901000 (+2616909000),4818.0,39237.0,CIF
2013,X,710812,7108120000,52317.0,2078942433.0,FOB
2013,X,710813,7108130000,4992.0,147515996.0,FOB
2013,X,710820,7108200000,0.0,0.0,FOB
2013,X,261690,2616901000 (+2616909000),170.0,6421357.0,FOB
2013,M,710812,7108120000,0.0,0.0,CIF
2013,M,710813,7108130000,20.0,532351.0,CIF
2013,M,710820,7108200000,0.0,0.0,CIF
2013,M,261690,2616901000 (+2616909000),101.0,12526.0,CIF
2014,X,710812,7108120000,42069.0,1440824033.0,FOB
2014,X,710813,7108130000,5893.0,140985640.0,FOB
2014,X,710820,7108200000,0.0,0.0,FOB
2014,X,261690,2616901000 (+2616909000),0.0,0.0,FOB
2014,M,710812,7108120000,0.0,13267.0,CIF
2014,M,710813,7108130000,18.0,8482.0,CIF
2014,M,710820,7108200000,0.0,0.0,CIF
2014,M,261690,2616901000 (+2616909000),142.0,16907.0,CIF
2015,X,710812,7108120000,30960.0,956814303.0,FOB
2015,X,710813,7108130000,5575.0,133126065.0,FOB
2015,X,710820,7108200000,0.0,0.0,FOB
2015,X,261690,2616901000 (+2616909000),96718.0,140608.0,FOB
2015,M,710812,7108120000,2.0,2359.0,CIF
2015,M,710813,7108130000,35.0,1587.0,CIF
2015,M,710820,7108200000,0.0,0.0,CIF
2015,M,261690,2616901000 (+2616909000),2.0,145.0,CIF
2016,X,710812,7108120000,42051.0,1392339628.0,FOB
2016,X,710813,7108130000,4777.0,129769871.0,FOB
2016,X,710820,7108200000,0.0,0.0,FOB
2016,X,261690,2616901000 (+2616909000),133506.0,408838.0,FOB
2016,M,710812,7108120000,19.0,686321.0,CIF
2016,M,710813,7108130000,1.0,8728.0,CIF
2016,M,710820,7108200000,0.0,0.0,CIF
2016,M,261690,2616901000 (+2616909000),1.0,73.0,CIF
2017,X,710812,7108120000,48712.06,1560474478.73,FOB
2017,X,710813,7108130000,5579.31,180497180.93,FOB
2017,X,710820,7108200000,0.0,0.0,FOB
2017,X,261690,2616901000 (+2616909000),602862.6,620790.55,FOB
2017,M,710812,7108120000,2.74,3246.29,CIF
2017,M,710813,7108130000,1.09,6055.21,CIF
2017,M,710820,7108200000,0.0,0.0,CIF
2017,M,261690,2616901000 (+2616909000),100.0,32.42,CIF
2018,X,710812,7108120000,40794.46,1284738961.31,FOB
2018,X,710813,7108130000,4597.03,136939481.72,FOB
2018,X,710820,7108200000,0.0,0.0,FOB
2018,X,261690,2616901000 (+2616909000),2399784.0,3726046.24,FOB
2018,M,710812,7108120000,20.917,15666.3,CIF
2018,M,710813,7108130000,0.06,2331.99,CIF
2018,M,710820,7108200000,0.0,0.0,CIF
2018,M,261690,2616901000 (+2616909000),0.0,0.0,CIF
2019,X,710812,7108120000,48700.71,1647862920.82,FOB
2019,X,710813,7108130000,3498.84,98972157.08,FOB
2019,X,710820,7108200000,0.0,0.0,FOB
2019,X,261690,2616901000 (+2616909000),4207841.5,9074927.83,FOB
2019,M,710812,7108120000,0.1,3530.68,CIF
2019,M,710813,7108130000,18.09,71391.16,CIF
2019,M,710820,7108200000,0.0,0.0,CIF
2019,M,261690,2616901000 (+2616909000),0.0,0.0,CIF
2020,X,710812,7108120000,65673.34,2767011952.9,FOB
2020,X,710813,7108130000,3203.14,134971528.17,FOB
2020,X,710820,7108200000,0.0,0.0,FOB
2020,X,261690,2616901000 (+2616909000),6680184.42,25264988.76,FOB
2020,M,710812,7108120000,0.41,26991.95,CIF
2020,M,710813,7108130000,6.47,23035.84,CIF
2020,M,710820,7108200000,0.0,0.0,CIF
2020,M,261690,2616901000 (+2616909000),20.0,2123.0,CIF
2021,X,710812,7108120000,76843.58,2997669163.51,FOB
2021,X,710813,7108130000,2604.37,134697622.08,FOB
2021,X,710820,7108200000,0.0,0.0,FOB
2021,X,261690,2616901000 (+2616909000),13662621.13,69575030.34,FOB
2021,M,710812,7108120000,0.07,895.58,CIF
2021,M,710813,7108130000,3.17,32745.7,CIF
2021,M,710820,7108200000,0.0,0.0,CIF
2021,M,261690,2616901000 (+2616909000),20.0,1361.59,CIF
2022,X,710812,7108120000,67510.44,2812440632.55,FOB
2022,X,710813,7108130000,3168.52,163675669.87,FOB
2022,X,710820,7108200000,0.0,0.0,FOB
2022,X,261690,2616901000 (+2616909000),23485792.1,158123426.17,FOB
2022,M,710812,7108120000,0.02,5911.84,CIF
2022,M,710813,7108130000,1.46,6815.93,CIF
2022,M,710820,7108200000,0.0,0.0,CIF
2022,M,261690,2616901000 (+2616909000),0.0,0.0,CIF
2023,X,710812,7108120000,68487.2,3221994083.18,FOB
2023,X,710813,7108130000,3217.59,181934578.57,FOB
2023,X,710820,7108200000,0.0,0.0,FOB
2023,X,261690,2616901000 (+2616909000),38383402.07,300954573.02,FOB
2023,M,710812,7108120000,0.41,22835.4,CIF
2023,M,710813,7108130000,8.62,22979.48,CIF
2023,M,710820,7108200000,0.0,0.0,CIF
2023,M,261690,2616901000 (+2616909000),0.18,9059.94,CIF
2024,X,710812,7108120000,67020.76,3906666640.66,FOB
2024,X,710813,7108130000,2865.02,196858088.03,FOB
2024,X,710820,7108200000,0.0,0.0,FOB
2024,X,261690,2616901000 (+2616909000),32269763.65,142737954.44,FOB
2024,M,710812,7108120000,0.0,0.0,CIF
2024,M,710813,7108130000,1.91,22970.0,CIF
2024,M,710820,7108200000,0.0,0.0,CIF
2024,M,261690,2616901000 (+2616909000),49.0,8907.0,CIF
2025,X,710812,7108120000,57014.34,4604408997.17,FOB
2025,X,710813,7108130000,143.76,11239167.31,FOB
2025,X,710820,7108200000,0.0,0.0,FOB
2025,X,261690,2616901000 (+2616909000),53398650.65,451167324.83,FOB
2025,M,710812,7108120000,0.18,7764.96,CIF
2025,M,710813,7108130000,2.18,26920.49,CIF
2025,M,710820,7108200000,0.0,0.0,CIF
2025,M,261690,2616901000 (+2616909000),0.0,0.0,CIF
