anio,codigo_m49,destino,peso_neto_kg,valor_fob_usd
2023,842,Estados Unidos,24398.68,1369278177.25
2023,380,Italia,15013.69,454278314.46
2023,838,Zonas francas (partner especial Comtrade),8925.16,467880751.06
2023,699,India,8848.53,486126182.12
2023,344,Hong Kong RAE,7679.07,259570472.03
2023,784,Emiratos Arabes Unidos,4203.18,228770262.22
2023,757,Suiza,1783.56,100234509.23
2023,36,Australia,239.92,12523057.26
2023,156,China,222.28,5970087.52
2023,124,Canada,181.84,7687667.31
2023,251,Francia,143.38,7931026.28
2023,792,Turquia,28.31,1545067.72
2023,899,Areas no especificadas,15.53,853527.51
2023,591,Panama,12.01,719729.33
2023,724,Espana,6.45,381512.05
2023,214,Republica Dominicana,3.00,167335.50
2023,826,Reino Unido,0.20,10982.90
