anio,flujo,subpartida_hs6,socio_codigo,socio,peso_neto_kg,valor_usd
2010,M,261690,554,Nueva Zelanda,50,4919
2010,M,261690,380,Italia,5,575
2010,M,261690,710,Sudafrica,1,7284
2010,M,710813,842,Estados Unidos,25,3259
2010,M,710813,32,Argentina,0,12692
2010,X,261690,842,Estados Unidos,459,19982082
2010,X,261690,757,Suiza,140,5584437
2010,X,710812,842,Estados Unidos,42313,1369756901
2010,X,710812,757,Suiza,17303,620917432
2010,X,710812,380,Italia,106,3546586
2010,X,710812,784,Emiratos Arabes Unidos,96,2665358
2010,X,710812,591,Panama,5,187161
2010,X,710812,724,Espana,2,78583
2010,X,710812,826,Reino Unido,2,77419
2010,X,710812,490,Otros Asia nep (Taiwan),0,10388
2010,X,710813,757,Suiza,2984,97053895
2010,X,710813,380,Italia,5,212100
2010,X,710813,208,Dinamarca,3,18028
2010,X,710813,124,Canada,1,8207
2010,X,710813,276,Alemania,1,4841
2010,X,710813,392,Japon,1,4809
2010,X,710813,724,Espana,1,2869
2010,X,710813,752,Suecia,1,6898
2010,X,710813,764,Tailandia,1,10042
2011,M,261690,554,Nueva Zelanda,532,42245
2011,M,261690,124,Canada,244,23561
2011,M,261690,36,Australia,132,13006
2011,M,261690,380,Italia,46,690
2011,M,710812,757,Suiza,0,2233
2011,M,710813,842,Estados Unidos,4,1648
2011,M,710813,380,Italia,0,568
2011,X,261690,842,Estados Unidos,438,19588262
2011,X,261690,757,Suiza,99,4878398
2011,X,710812,842,Estados Unidos,43922,1852516578
2011,X,710812,757,Suiza,16027,730343060
2011,X,710812,380,Italia,133,5873860
2011,X,710812,344,Hong Kong,29,1432265
2011,X,710812,591,Panama,17,747012
2011,X,710812,531,Curazao,16,763727
2011,X,710812,251,Francia,1,21062
2011,X,710812,826,Reino Unido,1,3203
2011,X,710812,124,Canada,0,13353
2011,X,710813,757,Suiza,6364,183056721
2011,X,710813,826,Reino Unido,9,80448
2011,X,710813,380,Italia,2,21757
2011,X,710813,251,Francia,0,15138
2011,X,710813,276,Alemania,0,15916
2011,X,710813,392,Japon,0,10092
2011,X,710813,842,Estados Unidos,0,3411
2012,M,261690,604,Peru,4455,3716
2012,M,261690,36,Australia,218,21341
2012,M,261690,554,Nueva Zelanda,145,14180
2012,M,710813,724,Espana,34,1080
2012,M,710813,842,Estados Unidos,2,119212
2012,X,261690,757,Suiza,291,11945558
2012,X,261690,842,Estados Unidos,35,767637
2012,X,710812,842,Estados Unidos,58787,2658207880
2012,X,710812,757,Suiza,10177,490875912
2012,X,710812,699,India,772,37654108
2012,X,710812,380,Italia,68,2128723
2012,X,710812,344,Hong Kong,16,683767
2012,X,710812,591,Panama,14,637487
2012,X,710812,124,Canada,9,325000
2012,X,710812,724,Espana,1,11049
2012,X,710812,826,Reino Unido,1,23213
2012,X,710813,757,Suiza,6648,191127536
2012,X,710813,842,Estados Unidos,86,3420996
2012,X,710813,276,Alemania,1,73526
2012,X,710813,380,Italia,1,51171
2012,X,710813,392,Japon,1,51271
2012,X,710813,826,Reino Unido,1,15495
2013,M,261690,554,Nueva Zelanda,100,12353
2013,M,261690,380,Italia,1,173
2013,M,710813,724,Espana,11,843
2013,M,710813,170,Colombia (reimportacion),9,530844
2013,M,710813,842,Estados Unidos,0,664
2013,X,261690,757,Suiza,170,6421357
2013,X,710812,842,Estados Unidos,42579,1673076634
2013,X,710812,757,Suiza,6836,285915254
2013,X,710812,699,India,2010,85547663
2013,X,710812,784,Emiratos Arabes Unidos,804,31065544
2013,X,710812,380,Italia,50,1807129
2013,X,710812,344,Hong Kong,22,897371
2013,X,710812,591,Panama,16,632838
2013,X,710813,757,Suiza,4978,147036934
2013,X,710813,531,Curazao,10,319855
2013,X,710813,842,Estados Unidos,4,129818
2013,X,710813,251,Francia,1,24389
2013,X,710813,826,Reino Unido,0,5000
2014,M,261690,36,Australia,122,14787
2014,M,261690,554,Nueva Zelanda,20,2121
2014,M,710812,484,Mexico,0,8301
2014,M,710812,842,Estados Unidos,0,4966
2014,M,710813,842,Estados Unidos,17,4856
2014,M,710813,380,Italia,1,3625
2014,X,710812,842,Estados Unidos,32323,1082273027
2014,X,710812,757,Suiza,8909,329226491
2014,X,710812,699,India,511,17680941
2014,X,710812,792,Turquia,114,3819717
2014,X,710812,380,Italia,55,2220611
2014,X,710812,56,Belgica,46,1573738
2014,X,710812,251,Francia,45,1638792
2014,X,710812,784,Emiratos Arabes Unidos,39,1257643
2014,X,710812,344,Hong Kong,17,728640
2014,X,710812,591,Panama,7,237641
2014,X,710812,724,Espana,4,166792
2014,X,710813,757,Suiza,5451,124228326
2014,X,710813,699,India,430,16272401
2014,X,710813,842,Estados Unidos,13,484913
2015,M,261690,757,Suiza,2,145
2015,M,710812,842,Estados Unidos,2,2359
2015,M,710813,842,Estados Unidos,35,1587
2015,X,261690,156,China,96718,140608
2015,X,710812,842,Estados Unidos,21386,660347388
2015,X,710812,757,Suiza,7257,244556792
2015,X,710812,699,India,2106,44949639
2015,X,710812,56,Belgica,60,1884643
2015,X,710812,380,Italia,58,2226085
2015,X,710812,251,Francia,29,1000290
2015,X,710812,591,Panama,24,641041
2015,X,710812,344,Hong Kong,21,792658
2015,X,710812,838,Zonas francas,19,368712
2015,X,710812,724,Espana,1,47055
2015,X,710813,757,Suiza,5548,132237656
2015,X,710813,842,Estados Unidos,22,701643
2015,X,710813,251,Francia,4,129368
2015,X,710813,152,Chile,1,16220
2015,X,710813,380,Italia,1,41178
2016,M,261690,380,Italia,1,73
2016,M,710812,899,Areas nep,19,668119
2016,M,710812,757,Suiza,0,6508
2016,M,710812,842,Estados Unidos,0,11693
2016,M,710813,826,Reino Unido,1,920
2016,M,710813,380,Italia,0,6550
2016,M,710813,899,Areas nep,0,1258
2016,X,261690,156,China,133500,177157
2016,X,261690,842,Estados Unidos,6,231681
2016,X,710812,842,Estados Unidos,25621,815825091
2016,X,710812,838,Zonas francas,9751,338034274
2016,X,710812,757,Suiza,5629,204165459
2016,X,710812,699,India,698,22771207
2016,X,710812,784,Emiratos Arabes Unidos,169,5565097
2016,X,710812,380,Italia,72,2598229
2016,X,710812,591,Panama,49,1243042
2016,X,710812,251,Francia,30,1096859
2016,X,710812,344,Hong Kong,15,551481
2016,X,710812,56,Belgica,9,288824
2016,X,710812,276,Alemania,5,135218
2016,X,710812,724,Espana,2,64849
2016,X,710813,757,Suiza,4742,128556956
2016,X,710813,842,Estados Unidos,34,1190379
2016,X,710813,838,Zonas francas,1,22536
2017,M,261690,156,China,100,32.42
2017,M,710812,899,Areas nep,2.4,842.26
2017,M,710812,842,Estados Unidos,0.34,2404.03
2017,M,710813,380,Italia,0.9,2623.28
2017,M,710813,276,Alemania,0.14,1617.69
2017,M,710813,842,Estados Unidos,0.05,1814.24
2017,X,261690,604,Peru,404196.6,386808.77
2017,X,261690,156,China,158866,205649.48
2017,X,261690,344,Hong Kong,39800,28332.3
2017,X,710812,842,Estados Unidos,28388.42,870515563.84
2017,X,710812,838,Zonas francas,12643.06,423468267.7
2017,X,710812,757,Suiza,5220.64,190705318.1
2017,X,710812,124,Canada,800.77,18773363.95
2017,X,710812,699,India,759.6,26496720.71
2017,X,710812,56,Belgica,310.93,10899966.8
2017,X,710812,784,Emiratos Arabes Unidos,222.26,7774487.59
2017,X,710812,591,Panama,180.52,4926007.91
2017,X,710812,251,Francia,51.44,1984855.84
2017,X,710812,380,Italia,50.88,2018192.7
2017,X,710812,792,Turquia,32.21,1219165.99
2017,X,710812,724,Espana,28.54,902836.31
2017,X,710812,20,Andorra,8.84,284307
2017,X,710812,344,Hong Kong,5.76,226984.19
2017,X,710812,826,Reino Unido,4.12,137452.77
2017,X,710812,643,Rusia,4.07,140987.33
2017,X,710813,757,Suiza,3419.55,106139597.31
2017,X,710813,842,Estados Unidos,2075.05,71356468.34
2017,X,710813,792,Turquia,73.85,2568601.86
2017,X,710813,591,Panama,8.96,358351.91
2017,X,710813,838,Zonas francas,1.9,74161.51
2018,M,710812,899,Areas nep,17.06,12040.84
2018,M,710812,826,Reino Unido,3.13,912.22
2018,M,710812,842,Estados Unidos,0.727,2713.24
2018,M,710813,842,Estados Unidos,0.06,1582.46
2018,M,710813,490,Otros Asia nep (Taiwan),0,749.53
2018,X,261690,604,Peru,1293386,1299253.52
2018,X,261690,156,China,958640,703499.75
2018,X,261690,344,Hong Kong,83969,129409.89
2018,X,261690,702,Singapur,63747,44492.08
2018,X,261690,838,Zonas francas,42,1549391
2018,X,710812,842,Estados Unidos,12987.67,444394979.44
2018,X,710812,124,Canada,8197.52,203134996.41
2018,X,710812,757,Suiza,5960.12,224598782.71
2018,X,710812,838,Zonas francas,5628,192021193.74
2018,X,710812,52,Barbados,2429,55740745.31
2018,X,710812,380,Italia,2091.71,50817012.75
2018,X,710812,784,Emiratos Arabes Unidos,1244.51,44304301.38
2018,X,710812,56,Belgica,904.37,31738305.1
2018,X,710812,699,India,876.26,21542957.51
2018,X,710812,792,Turquia,339.56,12099566.57
2018,X,710812,591,Panama,57.47,1571778.53
2018,X,710812,251,Francia,38.23,1408681.63
2018,X,710812,643,Rusia,18.6,619817.51
2018,X,710812,724,Espana,12.79,363016
2018,X,710812,344,Hong Kong,8.65,382826.72
2018,X,710813,842,Estados Unidos,3078.41,93309604.64
2018,X,710813,757,Suiza,1472.31,41990162.36
2018,X,710813,380,Italia,18.76,691855.2
2018,X,710813,784,Emiratos Arabes Unidos,16.64,580605.2
2018,X,710813,792,Turquia,6.41,196377
2018,X,710813,591,Panama,4,151200
2018,X,710813,838,Zonas francas,0.5,19677.32
2019,M,710812,380,Italia,0.1,3530.68
2019,M,710813,380,Italia,16,2105.78
2019,M,710813,124,Canada,1.15,35999.58
2019,M,710813,862,Venezuela,0.89,29524.1
2019,M,710813,842,Estados Unidos,0.05,3761.7
2019,X,261690,156,China,2286571.5,2409696.36
2019,X,261690,458,Malasia,1025390,3361737.55
2019,X,261690,604,Peru,741130,2815521.21
2019,X,261690,344,Hong Kong,154742,179404.71
2019,X,261690,838,Zonas francas,8,308568
2019,X,710812,380,Italia,17840.42,452476480.17
2019,X,710812,842,Estados Unidos,12068.36,471067167.57
2019,X,710812,838,Zonas francas,7939.48,300419671.41
2019,X,710812,784,Emiratos Arabes Unidos,3749.11,148061812.87
2019,X,710812,56,Belgica,2206.61,85149858.94
2019,X,710812,757,Suiza,1887.18,74697684.96
2019,X,710812,792,Turquia,1273.98,51013820.68
2019,X,710812,699,India,739.73,28017525.73
2019,X,710812,36,Australia,722.18,25935616.35
2019,X,710812,724,Espana,132.7,5645216.66
2019,X,710812,251,Francia,72.38,2869825.96
2019,X,710812,591,Panama,49.15,1696242.14
2019,X,710812,410,Corea del Sur,12.11,507424.71
2019,X,710812,344,Hong Kong,7.32,304572.67
2019,X,710813,757,Suiza,1947.27,54381225.85
2019,X,710813,842,Estados Unidos,1488.95,42093798.06
2019,X,710813,380,Italia,49.71,1944318.39
2019,X,710813,784,Emiratos Arabes Unidos,12.51,536857.04
2019,X,710813,838,Zonas francas,0.4,15957.74
2020,M,261690,124,Canada,20,2123
2020,M,710812,699,India,0.4,25079.52
2020,M,710812,842,Estados Unidos,0.01,1912.43
2020,M,710813,842,Estados Unidos,5.81,11423.81
2020,M,710813,826,Reino Unido,0.65,7704.34
2020,M,710813,276,Alemania,0.01,3907.69
2020,X,261690,156,China,4900001,11586183.96
2020,X,261690,528,Paises Bajos,759585,2806195.16
2020,X,261690,604,Peru,525048.42,9150201.07
2020,X,261690,276,Alemania,399650,1423957.08
2020,X,261690,392,Japon,95900,298451.49
2020,X,710812,842,Estados Unidos,20611.14,1056067817.23
2020,X,710812,380,Italia,19823.64,668925166.3
2020,X,710812,838,Zonas francas,11241.97,544271146.54
2020,X,710812,344,Hong Kong,6332.92,118732197.31
2020,X,710812,784,Emiratos Arabes Unidos,3395.88,164842012.1
2020,X,710812,36,Australia,1731.02,83798108.94
2020,X,710812,757,Suiza,1118.38,58109443.37
2020,X,710812,792,Turquia,498.33,24648936.85
2020,X,710812,699,India,490.46,25202947.54
2020,X,710812,724,Espana,300.39,16670391.7
2020,X,710812,251,Francia,43.22,1921172.02
2020,X,710812,56,Belgica,41.78,1906764.91
2020,X,710812,156,China,25.8,822356.52
2020,X,710812,276,Alemania,15.25,924531.16
2020,X,710812,826,Reino Unido,3.16,168960.41
2020,X,710813,842,Estados Unidos,2124.24,87391469.2
2020,X,710813,757,Suiza,1053.2,46417521.78
2020,X,710813,380,Italia,12.86,609992.02
2020,X,710813,784,Emiratos Arabes Unidos,12.84,552545.17
2021,M,261690,124,Canada,20,1361.59
2021,M,710812,842,Estados Unidos,0.07,895.58
2021,M,710813,380,Italia,3.09,28873.51
2021,M,710813,842,Estados Unidos,0.08,3872.19
2021,X,261690,156,China,10987248.25,34886003.32
2021,X,261690,490,Otros Asia nep (Taiwan),746866,793645.29
2021,X,261690,784,Emiratos Arabes Unidos,639157.97,17318366.05
2021,X,261690,276,Alemania,590290,2703491.39
2021,X,261690,604,Peru,372271.8,12315232.71
2021,X,261690,344,Hong Kong,276937,427787.33
2021,X,261690,36,Australia,24933.26,693314.81
2021,X,261690,842,Estados Unidos,24916.85,437189.44
2021,X,710812,842,Estados Unidos,22550.49,1161061323.67
2021,X,710812,380,Italia,17694.96,499136525.87
2021,X,710812,344,Hong Kong,14853.56,322383934.12
2021,X,710812,838,Zonas francas,10820.35,532991867.37
2021,X,710812,699,India,2747.43,137290531.77
2021,X,710812,36,Australia,2567.21,130507184.91
2021,X,710812,784,Emiratos Arabes Unidos,1950.02,96333974.46
2021,X,710812,156,China,1248.91,21713617.82
2021,X,710812,757,Suiza,1204.85,63732202.01
2021,X,710812,124,Canada,1049.12,24085836.01
2021,X,710812,724,Espana,79.28,4350167.55
2021,X,710812,792,Turquia,44.98,2381877.02
2021,X,710812,591,Panama,10.18,501576.14
2021,X,710812,251,Francia,9.44,514574.82
2021,X,710812,826,Reino Unido,5.38,289594.58
2021,X,710812,152,Chile,3.24,178310.11
2021,X,710812,899,Areas nep,3.02,155664.84
2021,X,710812,56,Belgica,1.16,60400.44
2021,X,710813,757,Suiza,1382.28,71092180.42
2021,X,710813,842,Estados Unidos,1197.02,62291798.4
2021,X,710813,838,Zonas francas,19.65,1023851.17
2021,X,710813,276,Alemania,5.42,289792.09
2022,M,710812,842,Estados Unidos,0.02,5911.84
2022,M,710813,380,Italia,1.31,4059.56
2022,M,710813,276,Alemania,0.1,644.9
2022,M,710813,842,Estados Unidos,0.05,2111.47
2022,X,261690,156,China,9795574,31153838.75
2022,X,261690,276,Alemania,9020150,39308495.47
2022,X,261690,784,Emiratos Arabes Unidos,1796967.29,44109413.87
2022,X,261690,490,Otros Asia nep (Taiwan),705465,995635.38
2022,X,261690,604,Peru,569173.8,17984153.7
2022,X,261690,842,Estados Unidos,541745.17,11755134.87
2022,X,261690,344,Hong Kong,413940,307687.28
2022,X,261690,702,Singapur,331670,9597825.68
2022,X,261690,36,Australia,123071.84,2737188.9
2022,X,261690,458,Malasia,123000,99362.9
2022,X,261690,410,Corea del Sur,65035,74689.37
2022,X,710812,842,Estados Unidos,17566.39,909749931.17
2022,X,710812,380,Italia,16567.77,462962544.05
2022,X,710812,838,Zonas francas,8196.17,403550347.34
2022,X,710812,699,India,7598.72,383040881.73
2022,X,710812,344,Hong Kong,4527.73,136352572.95
2022,X,710812,124,Canada,4004.38,111844372.57
2022,X,710812,784,Emiratos Arabes Unidos,3371.33,173880651.71
2022,X,710812,36,Australia,3229.77,166685415.21
2022,X,710812,156,China,2152.57,51921975.37
2022,X,710812,757,Suiza,165.26,5761419.79
2022,X,710812,251,Francia,60.55,3022779.54
2022,X,710812,792,Turquia,32.11,1680323.99
2022,X,710812,826,Reino Unido,27.97,1419807.51
2022,X,710812,724,Espana,7.62,450069.43
2022,X,710812,899,Areas nep,2.1,117540.19
2022,X,710813,757,Suiza,1722.64,88656204.05
2022,X,710813,842,Estados Unidos,1411.92,73246945.03
2022,X,710813,838,Zonas francas,33.96,1772520.79
2023,M,261690,591,Panama,0.18,9059.94
2023,M,710812,48,Bahrein,0.25,17261.28
2023,M,710812,842,Estados Unidos,0.16,5574.12
2023,M,710813,826,Reino Unido,5.07,333.24
2023,M,710813,380,Italia,3.17,15436.8
2023,M,710813,842,Estados Unidos,0.38,7209.44
2023,X,261690,156,China,13616478,42066835.42
2023,X,261690,702,Singapur,7299692,138953861.14
2023,X,261690,276,Alemania,5570750,28763352.14
2023,X,261690,458,Malasia,2208545,5195176.24
2023,X,261690,699,India,2201718,46498357.21
2023,X,261690,604,Peru,1430646,2157050.96
2023,X,261690,608,Filipinas,1157770,1488685.37
2023,X,261690,784,Emiratos Arabes Unidos,1142830.2,25281545.73
2023,X,261690,757,Suiza,861786.5,1000343.24
2023,X,261690,490,Otros Asia nep (Taiwan),844344,1000802.49
2023,X,261690,344,Hong Kong,819256,616256.57
2023,X,261690,842,Estados Unidos,451500,443890.26
2023,X,261690,56,Belgica,385901.47,5914529.11
2023,X,261690,838,Zonas francas,255700,173753.13
2023,X,261690,410,Corea del Sur,136444.9,1367105.16
2023,X,261690,380,Italia,40,33028.85
2023,X,710812,842,Estados Unidos,22754.62,1276115464.99
2023,X,710812,380,Italia,15013.69,454278314.46
2023,X,710812,838,Zonas francas,8925.16,467880751.06
2023,X,710812,699,India,8848.53,486126182.12
2023,X,710812,344,Hong Kong,7679.07,259570472.03
2023,X,710812,784,Emiratos Arabes Unidos,4203.18,228770262.22
2023,X,710812,36,Australia,239.92,12523057.26
2023,X,710812,156,China,222.28,5970087.52
2023,X,710812,757,Suiza,210.03,11462642.92
2023,X,710812,124,Canada,181.84,7687667.31
2023,X,710812,251,Francia,143.38,7931026.28
2023,X,710812,792,Turquia,28.31,1545067.72
2023,X,710812,899,Areas nep,15.53,853527.51
2023,X,710812,591,Panama,12.01,719729.33
2023,X,710812,724,Espana,6.45,381512.05
2023,X,710812,214,Rep. Dominicana,3,167335.5
2023,X,710812,826,Reino Unido,0.2,10982.9
2023,X,710813,842,Estados Unidos,1644.06,93162712.26
2023,X,710813,757,Suiza,1573.53,88771866.31
2024,M,261690,124,Canada,49,8907
2024,M,710813,842,Estados Unidos,1.11,11388.08
2024,M,710813,100,Bulgaria,0.55,1525.37
2024,M,710813,591,Panama,0.25,10056.55
2024,X,261690,156,China,10399892.12,18227245.97
2024,X,261690,604,Peru,8053935.67,25980634.12
2024,X,261690,608,Filipinas,3325959,3089451.67
2024,X,261690,276,Alemania,2968150,15585200.45
2024,X,261690,699,India,2459411.91,35227752.8
2024,X,261690,784,Emiratos Arabes Unidos,2121385.86,35983818.64
2024,X,261690,458,Malasia,1211566,5520336.56
2024,X,261690,757,Suiza,765615.5,1214226.72
2024,X,261690,838,Zonas francas,470090,324603.6
2024,X,261690,344,Hong Kong,230760,227110.99
2024,X,261690,702,Singapur,100000,34506
2024,X,261690,484,Mexico,66520,36402.8
2024,X,261690,410,Corea del Sur,62583.21,954984.31
2024,X,261690,591,Panama,25900,18688.05
2024,X,261690,56,Belgica,7808.53,141849.36
2024,X,261690,380,Italia,103.18,88374.01
2024,X,261690,620,Portugal,82.67,82768.39
2024,X,710812,842,Estados Unidos,21552.46,1434629445.21
2024,X,710812,380,Italia,12723.55,477060865.47
2024,X,710812,838,Zonas francas,8589.87,554866252.16
2024,X,710812,699,India,8431.87,580941963.01
2024,X,710812,344,Hong Kong,7968.87,355131697.29
2024,X,710812,784,Emiratos Arabes Unidos,6221.83,429611189.26
2024,X,710812,757,Suiza,1454.86,69232705.68
2024,X,710812,251,Francia,31.12,1885059.09
2024,X,710812,792,Turquia,27.59,1949323.57
2024,X,710812,591,Panama,13,936000
2024,X,710812,724,Espana,5.44,403539.92
2024,X,710812,152,Chile,0.3,18600
2024,X,710813,842,Estados Unidos,1436.58,97832323.4
2024,X,710813,757,Suiza,1427.94,98989914.63
2024,X,710813,344,Hong Kong,0.5,35850
2025,M,710812,842,Estados Unidos,0.18,7764.96
2025,M,710813,380,Italia,1,5037.87
2025,M,710813,124,Canada,0.8,6772.8
2025,M,710813,156,China,0.21,767.43
2025,M,710813,490,Otros Asia nep (Taiwan),0.1,8156.6
2025,M,710813,842,Estados Unidos,0.07,6185.79
2025,X,261690,604,Peru,20540617.93,112537026.82
2025,X,261690,156,China,12549034.68,29440255.31
2025,X,261690,784,Emiratos Arabes Unidos,3941828.27,45551004.09
2025,X,261690,699,India,3813095.79,76715205.66
2025,X,261690,152,Chile,2546747.48,47915835.07
2025,X,261690,702,Singapur,2337521.16,61695690.59
2025,X,261690,268,Georgia,2174653,36537093.14
2025,X,261690,454,Malaui,1894536.25,11491791.09
2025,X,261690,56,Belgica,1418313.95,25501105.19
2025,X,261690,710,Sudafrica,1302559.41,2797237.72
2025,X,261690,608,Filipinas,797750,392700
2025,X,261690,724,Espana,80752.7,156282.9
2025,X,261690,380,Italia,1232,2800
2025,X,261690,404,Kenia,5.47,422456.07
2025,X,261690,842,Estados Unidos,2.56,10841.18
2025,X,710812,842,Estados Unidos,15077.83,1441673577.54
2025,X,710812,124,Canada,12911.46,781061925.62
2025,X,710812,784,Emiratos Arabes Unidos,8074.04,759062450.79
2025,X,710812,380,Italia,6279.34,378660408.32
2025,X,710812,710,Sudafrica,4480.58,317310560.13
2025,X,710812,838,Zonas francas,4314.99,396995194.89
2025,X,710812,699,India,3870.61,398222424.3
2025,X,710812,344,Hong Kong,1223.64,65254171.51
2025,X,710812,36,Australia,694.27,58900510.17
2025,X,710812,792,Turquia,73.64,5838446.77
2025,X,710812,251,Francia,10.15,971955.92
2025,X,710812,591,Panama,2.79,351886.86
2025,X,710812,724,Espana,1,105484.35
2025,X,710813,842,Estados Unidos,142.99,11132503.01
2025,X,710813,699,India,0.77,106664.3
