nit,razon,anio,sub,n_registros,n_formularios,kg_neto,usd_fob,destinos,aduanas
890902070,C.I. J. GUTIERREZ Y CIA S.A.,2009,7108120000,1,1,115.35,3550923.0,ESTADOS UNIDOS,Aduanas de Medellín
890902070,C.I. J. GUTIERREZ Y CIA S.A.,2010,7108120000,2,2,189.10999999999999,6376458.0,ESTADOS UNIDOS; SUIZA,Aduanas de Medellín
811030022,C. I. GOLDEX S.A.,2010,7108120000,2,2,166.39000000000001,4990638.0,ESTADOS UNIDOS,Aduanas de Medellín
811031214,COMERCIALIZADORA INTERNACIONAL MACEDONIA S.A.,2010,7108120000,3,2,142.25,3861367.34,ESTADOS UNIDOS,Aduanas de Medellín
805020091,C. I. GIRALDO & DUQUE LTDA.,2010,7108120000,2,1,116.82,3200770.5,ESTADOS UNIDOS,Aduanas de Cali
900049564,SOCIEDAD DE COMERCIALIZACION INTERNACIONAL C. I. DHOWS CONGO S. A.,2010,7108120000,4,4,88.16,2840398.91,ESTADOS UNIDOS; SUIZA,Aduanas de Medellín
900118612,COMERCIALIZADORA INTERNACIONAL DE METALES PRECIOSOS DE COLOMBIA S.A.,2010,7108120000,2,2,74.59,2330000.0,ESTADOS UNIDOS,Aduanas de Medellín
805017701,C.I FUNDICION RAMIREZ  S.A.,2010,7108120000,1,1,58.11,1915955.51,ESTADOS UNIDOS,Aduanas de Cali
900165320,C.I. METALES HERMANOS S.A.,2010,7108120000,1,1,35.03,1329175.54,ESTADOS UNIDOS,Aduanas de Medellín
804015212,C.I. MINEROS  EXPORTADORES  S.A.,2010,7108120000,2,1,24.2,780000.0,SUIZA,Aduanas de Bogota - Aeropuerto El Dorado
811009244,COMERCIALIZADORA INTENACIONAL DE METALES PRECIOSOS Y METALES COMUNES INVERSIONES GENERALES S.A.,2011,7108120000,2,2,172.20999999999998,9397906.26,ESTADOS UNIDOS,Aduanas de Medellín
890914525,MINEROS S.A,2011,7108130000,1,1,107.99,5452912.0,SUIZA,Aduanas de Medellín
900254804,SOCIEDAD DE COMERCIALIZACION INTERNACIONAL DEL NORDESTE ANTIOQUEÑO LTDA,2011,7108120000,2,1,94.76,4127564.0,ESTADOS UNIDOS,Aduanas de Medellín
811030022,C. I. GOLDEX S.A.,2011,7108120000,1,1,80.21,3791715.78,ESTADOS UNIDOS,Aduanas de Medellín
805017701,C.I FUNDICION RAMIREZ  S.A.,2011,7108120000,1,1,55.03,2531398.34,ESTADOS UNIDOS,Aduanas de Cali
900118612,COMERCIALIZADORA INTERNACIONAL DE METALES PRECIOSOS DE COLOMBIA S.A.,2011,7108120000,1,1,50.64,2230000.0,ESTADOS UNIDOS,Aduanas de Medellín
900049564,SOCIEDAD DE COMERCIALIZACION INTERNACIONAL C. I. DHOWS CONGO S. A.,2011,7108120000,2,2,40.730000000000004,1792160.6600000001,ESTADOS UNIDOS,Aduanas de Medellín
900165320,C.I. METALES HERMANOS S.A.,2011,7108120000,1,1,38.87,1481393.25,ESTADOS UNIDOS,Aduanas de Medellín
900353983,SOCIEDAD DE COMERCIALIZACION INTERNACIONAL S & JIL S.A.S.,2011,7108120000,1,1,31.92,1067942.82,ESTADOS UNIDOS,Aduanas de Medellín
890305124,RAMIREZ JIMENEZ Y CIA S.A.,2011,7108120000,4,1,6.2,232173.83999999997,PANAMA,Aduanas de Bogota - Aeropuerto El Dorado
900165320,C.I. METALES HERMANOS S.A.,2012,7108120000,2,2,119.47999999999999,5282324.76,ESTADOS UNIDOS,Aduanas de Medellín
900118612,COMERCIALIZADORA INTERNACIONAL DE METALES PRECIOSOS DE COLOMBIA S.A.,2012,7108120000,1,1,91.72,4405000.0,ESTADOS UNIDOS,Aduanas de Medellín
900353983,SOCIEDAD DE COMERCIALIZACION INTERNACIONAL S & JIL S.A.S.,2012,7108120000,1,1,76.85,3393744.58,ESTADOS UNIDOS,Aduanas de Medellín
900049564,SOCIEDAD DE COMERCIALIZACION INTERNACIONAL C. I. DHOWS CONGO S. A.,2012,7108120000,3,3,49.84,2293324.35,SUIZA,Aduanas de Medellín
811009244,COMERCIALIZADORA INTENACIONAL DE METALES PRECIOSOS Y METALES COMUNES INVERSIONES GENERALES S.A.,2012,7108120000,1,1,47.49,2394104.4,ESTADOS UNIDOS,Aduanas de Medellín
830514995,FUNDACION BIODIVERSA,2012,7108130000,1,1,0.1,5706.75,ITALIA,Aduanas de Bogota - Aeropuerto El Dorado
900118612,COMERCIALIZADORA INTERNACIONAL DE METALES PRECIOSOS DE COLOMBIA S.A.,2013,7108120000,1,1,133.01,4480799.98,ESTADOS UNIDOS,Aduanas de Medellín
900332718,SOCIEDAD DE COMERCIALIZACION INTERNACIONAL ANTIOQUEÑA DE EXPORTACIONES S.A.S,2013,7108120000,2,2,114.4,4674964.94,ESTADOS UNIDOS,Aduanas de Medellín
900462120,C.I.  NTR METALS COLOMBIA SAS,2013,7108120000,2,1,74.22,3288075.24,ESTADOS UNIDOS,Aduanas de Cali
811009244,COMERCIALIZADORA INTERNACIONAL DE METALES PRECIOSOS Y METALES COMUNES INVERSIONES GENERALES S.A.,2013,7108120000,1,1,51.49,2045627.43,EMIRATOS ARABES UNID,Aduanas de Medellín
900254804,SOCIEDAD DE COMERCIALIZACION INTERNACIONAL DEL NORDESTE ANTIOQUEÑO S.A.S.,2013,7108120000,1,1,39.7,1580965.49,ESTADOS UNIDOS,Aduanas de Medellín
805020091,C. I. GIRALDO & DUQUE LTDA.,2013,7108120000,1,1,27.1,1191860.0,ESTADOS UNIDOS,Aduanas de Cali
900141475,MINERALES DEL ALTO MAGDALENA LTDA,2013,7108120000,1,1,0.8,29054.39,ESTADOS UNIDOS,Aduanas de Bogota - Aeropuerto El Dorado
900657461,BUSINESS GROUP VEGA GRANADA S.A.S,2013,7108130000,1,1,0.29,12799.95,ESTADOS UNIDOS,Aduanas de Bogota - Aeropuerto El Dorado
900118612,COMERCIALIZADORA INTERNACIONAL DE METALES PRECIOSOS DE COLOMBIA S.A.,2014,7108120000,1,1,28.03,932000.01,ESTADOS UNIDOS,Aduanas de Medellín
830134585,VALERIANO S . A. S.,2014,7108120000,1,1,1.08,41995.12,ESPAÑA,Aduanas de Bogota - Aeropuerto El Dorado
890902070,C.I. J. GUTIERREZ Y CIA S.A.,2015,7108120000,1,1,238.54,7617437.0,ESTADOS UNIDOS,Aduanas de Medellín
900118612,COMERCIALIZADORA INTERNACIONAL DE METALES PRECIOSOS DE COLOMBIA S.A.,2015,7108120000,1,1,56.32,1798000.0,ESTADOS UNIDOS,Aduanas de Medellín
900657461,BUSINESS GROUP VEGA GRANADA S.A.S,2015,7108130000,1,1,0.33,11238.03,ESTADOS UNIDOS,Aduanas de Bogota - Aeropuerto El Dorado
900118612,COMERCIALIZADORA INTERNACIONAL DE METALES PRECIOSOS DE COLOMBIA S.A.,2016,7108120000,3,3,354.96,10915977.41,ESTADOS UNIDOS,Aduanas de Medellín
900332718,SOCIEDAD DE COMERCIALIZACION INTERNACIONAL ANTIOQUEÑA DE EXPORTACIONES S.A.S,2016,7108120000,3,1,65.46000000000001,2265648.9000000004,ESTADOS UNIDOS,Aduanas de Medellín
900818759,COMERCIALIZADORA  DE  METALES  GOLD  CENTER  S.A.S,2016,7108120000,1,1,4.9,115150.0,PANAMA,Aduanas de Barranquilla
890902070,C.I. J. GUTIERREZ Y CIA S.A.,2017,7108120000,4,1,555.5999999999999,20865170.0,SUIZA,Aduanas de Medellín
900479267,FUNDICION RAMIREZ ZONA FRANCA SAS,2017,7108120000,1,1,45.7,1614514.87,ESTADOS UNIDOS,Aduanas de Cali
900118612,COMERCIALIZADORA INTERNACIONAL DE METALES PRECIOSOS DE COLOMBIA S.A.,2017,7108120000,1,1,25.61,950558.55,ESTADOS UNIDOS,Aduanas de Medellín
900555885,XQUADRA S.A.S.,2017,7108120000,1,1,20.4,656075.42,ESTADOS UNIDOS,Aduanas de Medellín
811009244,COMERCIALIZADORA INTERNACIONAL DE METALES PRECIOSOS Y METALES COMUNES INVERSIONES GENERALES S.A.S CIIGSA,2017,7108120000,1,1,12.42,435269.32,ESTADOS UNIDOS,Aduanas de Medellín
900461735,C. I.  OPERADORA COLOMBIANA DE EXPLOTACIONES  MINERAS   S. A. S,2017,7108120000,1,1,9.99,399353.08,ESTADOS UNIDOS,Aduanas de Bogota - Aeropuerto El Dorado
900461735,C. I. OPERADORA COLOMBIANA DE EXPLOTACIONES MINERAS S. A. S,2017,7108120000,1,1,7.0,287350.0,ESTADOS UNIDOS,Aduanas de Bogota - Aeropuerto El Dorado
900780269,INVERSIONES Y NEGOCIOS R.C ASOCIADOS S.A.S,2017,7108120000,2,2,6.470000000000001,216935.83,COLOMBIA,Aduanas de Medellín
4861028,MURILLO LUIS ALBERTO,2017,7108120000,1,1,4.69,157576.71,COLOMBIA,Aduanas de Medellín
900605783,METALES PROCESADOS INDUSTRIALES SAS,2017,7108120000,3,3,2.27,149885.87,ESTADOS UNIDOS,Aduanas de Bogota - Aeropuerto El Dorado
830134585,VALERIANO S . A. S.,2017,7108120000,2,2,1.56,61556.350000000006,ESPAÑA; ESTADOS UNIDOS,Aduanas de Bogota - Aeropuerto El Dorado
901175053,APROVECHAMIENTOS INDUSTRIALES DE LA COSTA S.A.S,2018,7108120000,1,1,6280.0,174018.8,PANAMA,Aduanas de Barranquilla
900627644,C.I SEASIF PACIFIC S.A.S.,2018,7108120000,2,1,64.34,2164477.92,ESTADOS UNIDOS,Aduanas de Cali
811009244,COMERCIALIZADORA INTERNACIONAL DE METALES PRECIOSOS Y METALES COMUNES INVERSIONES GENERALES S.A.S CIIGSA,2018,7108120000,3,3,52.64,1861452.8599999999,CANADA; ITALIA,Aduanas de Medellín
900818223,RED EAGLE MINING DE COLOMBIA S.A.S.,2018,7108120000,1,1,37.08,800497.11,ESTADOS UNIDOS,Aduanas de Medellín
900479267,FUNDICION RAMIREZ ZONA FRANCA SAS,2018,7108120000,1,1,36.92,1358564.15,ESTADOS UNIDOS,Aduanas de Cali
900466237,INVERSIONES WGM S.A.S,2018,7108120000,2,2,21.71,766358.03,ESTADOS UNIDOS,Aduanas de Medellín
900887637,LATRANS GRUPO LOGISTICO S.A.S.,2018,7108120000,1,1,19.5,755040.0,COLOMBIA,Impuestos y Aduanas de Bucaramanga
901019586,COMERCIALLIZADORA INTERNACIONAL ESLOP SAS,2018,7108120000,1,1,15.43,571330.14,EMIRATOS ARABES UNID,Aduanas de Medellín
901109330,MITAYOS ZONA FRANCA S.A.S,2018,7108120000,1,1,13.82,462218.34,ESTADOS UNIDOS,Aduanas de Medellín
901000769,FENIX PRECIOUS METALS SAS,2018,7108120000,1,1,8.33,287591.52,EMIRATOS ARABES UNID,Aduanas de Medellín
900605783,METALES PROCESADOS INDUSTRIALES SAS,2018,7108130000,1,1,2.5,99761.0,ESTADOS UNIDOS,Aduanas de Bogota - Aeropuerto El Dorado
900306309,GRAN COLOMBIA GOLD SEGOVIA SUCURSAL COLOMBIA,2019,7108120000,1,1,378.64,9585019.81,ITALIA,Aduanas de Medellín
890914525,MINEROS S.A,2019,7108130000,1,1,144.94,3821978.84,SUIZA,Aduanas de Medellín
900118612,COMERCIALIZADORA INTERNACIONAL DE METALES PRECIOSOS DE COLOMBIA S.A.,2019,7108120000,2,2,83.91,3174389.96,BELGICA; ESTADOS UNIDOS,Aduanas de Medellín
901109330,MITAYOS ZONA FRANCA S.A.S,2019,7108120000,2,2,37.78,1442866.08,ESTADOS UNIDOS; ITALIA,Aduanas de Medellín
900466237,INVERSIONES WGM S.A.S,2019,7108120000,3,3,29.95,1170358.0,ESTADOS UNIDOS,Aduanas de Medellín
811009244,COMERCIALIZADORA INTERNACIONAL DE METALES PRECIOSOS Y METALES COMUNES INVERSIONES GENERALES S.A.S CIIGSA,2019,7108120000,1,1,25.94,947280.54,TURQUIA,Aduanas de Medellín
900627644,C.I SEASIF PACIFIC S.A.S.,2019,7108120000,2,1,22.38,789398.26,ESTADOS UNIDOS,Aduanas de Cali
901083424,IMPORTEXP LOGISTICS C.I. SAS,2019,7108120000,1,1,12.15,462644.24,ESTADOS UNIDOS,Aduanas de Medellín
900564754,COMPRAVENTA EL PRIMO REMEDIOS S.A.S,2019,7108120000,1,1,4.86,152273.32,COLOMBIA,Aduanas de Medellín
901039869,LANDGREEN S.A.S.,2019,7108120000,1,1,4.49,164830.1,COLOMBIA,Aduanas de Cali
PN,PERSONA NATURAL,2019,7108120000,1,1,3.36,140032.29,COLOMBIA,Aduanas de Cali
901222798,METALES PRECIOSOS DEL LLANO S.A.S.,2019,7108120000,1,1,2.23,74465.85,COLOMBIA,Aduanas de Medellín
901110195,CORPORACION AMBIENTAL ORO VERDE,2019,7108120000,1,1,1.33,49459.26,COLOMBIA,Aduanas de Cali
901124047,INVERSIONES GOMEZ DEL CAUCA S.A.S,2019,7108120000,1,1,1.15,47729.29,COLOMBIA,Aduanas de Cali
71388802,CARVAJAL RAMIREZ ANTONIO JOSE,2019,7108120000,1,1,1.08,42820.38,COLOMBIA,Aduanas de Cali
890914525,MINEROS S.A,2020,7108130000,4,1,402.58000000000004,14469793.36,ESTADOS UNIDOS,Aduanas de Medellín
900166687,CONTINENTAL GOLD LIMITED SUCURSAL COLOMBIA,2020,7108120000,1,1,306.77,7332884.12,HONG KONG,Aduanas de Medellín
811009244,COMERCIALIZADORA INTERNACIONAL DE METALES PRECIOSOS Y METALES COMUNES INVERSIONES GENERALES S.A.S CIIGSA,2020,7108120000,20,2,158.78,8234759.92,EMIRATOS ARABES UNID,Aduanas de Medellín
901019586,COMERCIALIZADORA INTERNACIONAL ESLOP SAS,2020,7108120000,3,1,101.97,4077463.9499999997,ESTADOS UNIDOS,Aduanas de Medellín
900118612,COMERCIALIZADORA INTERNACIONAL DE METALES PRECIOSOS DE COLOMBIA S.A.,2020,7108120000,1,1,70.04,3455724.95,ESTADOS UNIDOS,Aduanas de Medellín
890902070,C.I. J. GUTIERREZ Y CIA S.A.,2020,7108120000,1,1,67.34,3065774.25,ITALIA,Aduanas de Medellín
901180357,OSPREY METALS S.A.S.,2020,7108120000,1,1,56.89,3118796.04,ESTADOS UNIDOS,Aduanas de Medellín
900959087,SUMITRADE S.A.S.,2020,7108120000,3,2,50.370000000000005,3077076.7,ESTADOS UNIDOS,Aduanas de Medellín
900627644,C.I SEASIF PACIFIC S.A.S.,2020,7108120000,1,1,22.94,1183840.73,ESTADOS UNIDOS,Aduanas de Medellín
PN,PERSONA NATURAL,2020,7108120000,8,8,19.44,1015417.43,COLOMBIA,Aduanas de Cali; Aduanas de Medellín
890902070,C I J GUTIERREZ Y CIA S A (EN TOMA DE POSESION),2020,7108120000,1,1,16.23,823080.65,ITALIA,Aduanas de Medellín
901224359,SUMMINEROS SAS,2020,7108120000,1,1,7.9,392365.4,COLOMBIA,Aduanas de Medellín
901014557,INVERSIONES OSMIO S.A.S,2020,7108120000,1,1,6.97,296541.09,COLOMBIA,Aduanas de Medellín
901113424,TECNOGOLD SAS,2020,7108120000,1,1,5.54,294712.03,COLOMBIA,Aduanas de Cali
900294356,C.I. EXPERIENCIA Y TRADICIÓN S.A.S.,2020,7108120000,1,1,5.44,304430.21,COLOMBIA,Aduanas de Medellín
901300259,COOPERATIVA SI SE PUEDE DE BAREQUEROS DEL CHOC&#65533;,2020,7108120000,1,1,4.33,191656.07,COLOMBIA,Aduanas de Medellín
901120121,INVERSIONES MEJIA J.M S.A.S,2020,7108120000,1,1,3.58,187865.13,COLOMBIA,Aduanas de Medellín
900611794,C I GALEON CORP S A S,2020,7108120000,1,1,2.66,170136.55,COLOMBIA,Aduanas de Medellín
900187012,COMPAÑIA MINERA E & J S.A.S.,2020,7108120000,1,1,2.35,107400.07,COLOMBIA,Aduanas de Cali
900611923,SOCIEDAD DE COMERCIALIZACION INTERNACIONAL GLOBAL HANDING S.A.S.,2020,7108120000,1,1,1.3,56288.61,COLOMBIA,Aduanas de Medellín
900605783,CI METALES PROCESADOS INDUSTRIALES SAS,2020,7108120000,1,1,1.24,49761.0,ESTADOS UNIDOS,Aduanas de Bogota - Aeropuerto El Dorado
901022569,C.I. GOLD BY GOLD COLOMBIA S.A.S.,2021,7108120000,9,1,51.57,2425207.9499999997,EMIRATOS ARABES UNID,Aduanas de Medellín
811009244,C.I. COLOMBIAN MINT S.A.S,2021,7108120000,4,1,47.620000000000005,2269073.8200000003,AUSTRALIA,Aduanas de Medellín
901111609,NAPLES PRIME S.A.S  C.I.,2021,7108120000,1,1,42.95,2520248.58,ESTADOS UNIDOS,Aduanas de Medellín
900555885,XQUADRA S.A.S.,2021,7108120000,1,1,23.32,1127865.2,ESTADOS UNIDOS,Aduanas de Medellín
901168233,INGOTCOL S.A.S,2021,7108120000,1,1,17.01,988807.39,ESTADOS UNIDOS,Aduanas de Medellín
818002034,CONSEJO COMUNITARIO MAYOR DE ISTMINA Y MEDIO SAN JUAN,2021,7108120000,1,1,15.91,811753.46,ESTADOS UNIDOS,Aduanas de Medellín
900711201,INVERSIONES J. E. H. M. S.A.S.,2021,7108120000,1,1,9.38,467006.75,ESTADOS UNIDOS,Aduanas de Medellín
900684232,INVERSIONES LA PIEDRA DE AYAPEL S.A.S.,2021,7108120000,2,2,8.530000000000001,450906.49,COLOMBIA,Aduanas de Cali
901014557,INVERSIONES OSMIO S.A.S,2021,7108120000,1,1,7.37,375819.44,COLOMBIA,Aduanas de Medellín
900627106,JARABA & ASOCIADOS S.A.S.,2021,7108120000,1,1,6.84,342815.91,COLOMBIA,Aduanas de Medellín
900719550,INVERSIONES MARTINEZ MERCADO SAS,2021,7108120000,1,1,4.67,209932.39,COLOMBIA,Aduanas de Cali
900594874,INVERSIONES METALIFERAS S.A.S.,2021,7108120000,1,1,4.49,227725.87,COLOMBIA,Aduanas de Medellín
901062991,REPRESENTACIONES TRANSVERSAL S.A.S.,2021,7108120000,1,1,2.27,114076.58,COLOMBIA,Aduanas de Cali
900972976,INVERSIONES DUGALVIZ S.A.S,2021,7108120000,1,1,1.79,88787.35,COLOMBIA,Aduanas de Cali
PN,PERSONA NATURAL,2021,7108120000,1,1,1.65,85241.42,COLOMBIA,Aduanas de Cali
900408194,LOGISTICA AGIL S.A.S,2021,7108120000,1,1,1.49,74560.95,ESTADOS UNIDOS,Aduanas de Bogota - Aeropuerto El Dorado
39273308,JARABA ARISTIZABAL SANDRA YASMIN,2021,7108120000,1,1,1.19,58403.85,COLOMBIA,Aduanas de Cali
901222798,METALES PRECIOSOS DEL LLANO S.A.S.,2021,7108120000,1,1,1.13,64596.09,ESTADOS UNIDOS,Aduanas de Bogota - Aeropuerto El Dorado
900422494,COMERCIALIZADORA INTERNACIONAL COLTIC  SAS,2021,7108120000,1,1,1.0,56520.0,ESTADOS UNIDOS,Aduanas de Bogota - Aeropuerto El Dorado
901124047,INVERSIONES GOMEZ DEL CAUCA S.A.S,2021,7108120000,1,1,0.72,40459.06,COLOMBIA,Aduanas de Cali
890114642,CALDAS GOLD MARMATO S.A.S.,2022,7108120000,1,1,80.29,2023953.05,ITALIA,Aduanas de Medellín
900479267,FUNDICION RAMIREZ  ZONA FRANCA SAS,2022,7108120000,1,1,30.11,1370897.84,INDIA,Aduanas de Cali
901022569,C.I. GOLD BY GOLD COLOMBIA S.A.S.,2022,7108120000,1,1,27.55,1127737.81,EMIRATOS ARABES UNID,Aduanas de Medellín
901019586,COMERCIALIZADORA INTERNACIONAL ESLOP SAS,2022,7108120000,1,1,23.76,1139358.95,INDIA,Aduanas de Medellín
901443134,MANUFACTURAS FACERE SAS,2022,7108120000,1,1,22.18,1214487.56,INDIA,Aduanas de Medellín
900892043,GEO METALS S.A.S,2022,7108120000,1,1,12.69,610636.2,FRANCIA,Aduanas de Medellín
900932184,C.I. GESTION EL REAL S.A.S.,2022,7108120000,1,1,8.14,435567.32,ESTADOS UNIDOS,Aduanas de Medellín
71747587,MOSQUERA MOSQUERA CARLOS JULIO,2022,7108120000,1,1,7.89,397589.38,COLOMBIA,Aduanas de Medellín
900684307,INVERSIONES EL ROSAL DE AYAPEL S.A.S.,2022,7108120000,1,1,6.13,361968.16,COLOMBIA,Aduanas de Cali
1042769697,SUSERQUIA MAZO TATIANA ANDREA,2022,7108120000,1,1,3.62,171665.41,COLOMBIA,Aduanas de Cali
1117526328,RAMIREZ VARGAS CARLOS ALBERTO,2022,7108120000,1,1,2.87,135574.22,COLOMBIA,Aduanas de Medellín
900684232,INVERSIONES LA PIEDRA DE AYAPEL S.A.S.,2022,7108120000,1,1,1.82,96341.43,COLOMBIA,Aduanas de Cali
901218630,MINEROS ALUVIAL S.A.S. BIC,2023,7108130000,1,1,148.67,8256457.39,SUIZA,Aduanas de Medellín
900627644,C.I SEASIF PACIFIC S.A.S.,2023,7108120000,2,1,86.1,4411074.38,ESTADOS UNIDOS,Aduanas de Medellín
900118612,COMERCIALIZADORA INTERNACIONAL DE METALES PRECIOSOS DE COLOMBIA S.A.,2023,7108120000,1,1,83.56,4777897.22,ESTADOS UNIDOS,Aduanas de Medellín
901138612,C.I. GLOBAL MULTI COMMODITIES SAS,2023,7108120000,1,1,29.59,1659741.53,ESTADOS UNIDOS,Aduanas de Medellín
900892043,GEO METALS S.A.S,2023,7108120000,1,1,11.17,687924.67,ESTADOS UNIDOS,Aduanas de Medellín
8058127,ARISTIZABAL OSORNO MAURICIO ANDRES,2023,7108120000,2,2,8.86,440695.11,COLOMBIA,Aduanas de Cali
901575376,TRADE GOLD MEDELLIN SAS,2023,7108120000,1,1,8.06,476289.93,ITALIA,Aduanas de Medellín
900893377,C.I.  INTI MINING GROUP S A S,2023,7108120000,1,1,7.0,365845.14,ESTADOS UNIDOS,Aduanas de Bogota - Aeropuerto El Dorado
901559983,INVERSIONES DIAZ CEBALLOS & CIA S.A.S,2023,7108120000,1,1,6.02,321595.97,COLOMBIA,Aduanas de Cali
901028975,PACIFIC MINING PROJECTS S.A.S,2023,7108120000,1,1,6.0,355944.39,PANAMA,Aduanas de Bogota - Aeropuerto El Dorado
900618704,ICONYK S.A.S,2023,7108120000,1,1,5.69,318810.16,ESTADOS UNIDOS,Aduanas de Medellín
901039869,LANDGREEN S.A.S.,2023,7108120000,1,1,5.53,285315.23,ESTADOS UNIDOS,Aduanas de Medellín
900940425,M&MTRADING SAS,2023,7108120000,2,2,3.9299999999999997,209373.17,COLOMBIA,Aduanas de Medellín
1117526328,RAMIREZ VARGAS CARLOS ALBERTO,2023,7108120000,1,1,3.47,170575.07,COLOMBIA,Aduanas de Medellín
900922405,CI GS LOGISTIC S.A.S.,2023,7108120000,1,1,3.25,172550.59,ESTADOS UNIDOS,Aduanas de Medellín
900559060,CARBONTERRA MINERAL SAS. C.I,2023,7108120000,1,1,3.0,167335.5,REPUBLICA DOMINICANA,Aduanas de Bogota - Aeropuerto El Dorado
1042769697,SUSERQUIA MAZO TATIANA ANDREA,2023,7108120000,1,1,2.44,125503.4,COLOMBIA,Aduanas de Cali
901348315,ORIGEN ORO ARTESANAL SAS,2023,7108120000,1,1,2.37,125255.43,COLOMBIA,Aduanas de Medellín
39273553,DIAZ DIAZ EMILSE ISABEL,2023,7108120000,1,1,2.28,132154.98,COLOMBIA,Aduanas de Cali
901129827,C.I INMIRCOL S.A.S,2023,7108120000,1,1,1.99,106830.81,ESTADOS UNIDOS,Aduanas de Bogota - Aeropuerto El Dorado
70550098,RODRIGUEZ JARAMILLO IVAN,2023,7108120000,1,1,1.42,75319.43,COLOMBIA,Aduanas de Medellín
901180357,OSPREY METALS S.A.S.,2024,7108120000,5,2,284.82,18260549.22,ESTADOS UNIDOS,Aduanas de Medellín
901218630,MINEROS ALUVIAL S.A.S. BIC,2024,7108130000,1,1,121.57,8193899.54,SUIZA,Aduanas de Medellín
811009244,C.I. COLOMBIAN MINT S.A.S,2024,7108120000,2,2,83.44,6362094.59,EMIRATOS ARABES UNID; ESTADOS UNIDOS,Aduanas de Medellín
901683560,INVERSIONES GRUPO DIAZ S.A.S,2024,7108120000,2,1,55.98,4217911.9,COLOMBIA,Aduanas de Cali
900479267,FUNDICION RAMIREZ  ZONA FRANCA SAS,2024,7108120000,2,2,50.95,3303947.37,EMIRATOS ARABES UNID; INDIA,Aduanas de Cali
901575376,TRADE GOLD MEDELLIN SAS,2024,7108120000,1,1,27.56,1900292.44,EMIRATOS ARABES UNID,Aduanas de Medellín
901221049,FONTANA JOYERIA GCL S.A.S,2024,7108120000,1,1,15.88,1097627.6,ESTADOS UNIDOS,Aduanas de Medellín
900932184,C.I. GESTION EL REAL S.A.S.,2024,7108120000,1,1,12.78,1024896.32,ESTADOS UNIDOS,Aduanas de Medellín
901161864,EMPALME COMERCIALIZADORA EMPACOM SAS,2024,7108120000,2,2,9.26,629304.09,COLOMBIA,Aduanas de Medellín
39273961,SEGUANES BENITEZ GIOVANIS STELLA,2024,7108120000,1,1,8.33,528802.68,COLOMBIA,Aduanas de Cali
901598923,M & M METALS GOLD SAS,2024,7108120000,1,1,6.99,471911.97,COLOMBIA,Aduanas de Medellín
1117526328,RAMIREZ VARGAS CARLOS ALBERTO,2024,7108120000,1,1,6.36,408332.98,COLOMBIA,Aduanas de Medellín
901330988,GRUPO DE INVERSIONES L.A SAS,2024,7108120000,1,1,3.92,271082.56,COLOMBIA,Aduanas de Cali
901657108,GRUPO DE INVERSIONES TSM S.A.S.,2024,7108120000,1,1,3.26,209013.17,COLOMBIA,Aduanas de Cali
901521144,INVERSIONES AMITO & ASOCIADOS S.A.S.,2024,7108120000,1,1,2.97,203670.73,COLOMBIA,Aduanas de Medellín
901563648,AMC COSMOS SAS,2024,7108120000,1,1,2.86,235316.4,COLOMBIA,Aduanas de Medellín
900940917,BUILDER SAS,2024,7108120000,1,1,1.67,123745.95,COLOMBIA,Aduanas de Medellín
901812521,COMPANY INDUSTRY REAL SAS,2024,7108120000,1,1,1.66,122763.01,COLOMBIA,Aduanas de Medellín
901603839,INVERSIONES COBALEDA S.A.S,2024,7108120000,1,1,1.52,103262.76,COLOMBIA,Aduanas de Medellín
14136598,RODRIGUEZ BERNAL HUMBERNEY,2024,7108120000,1,1,1.13,73093.39,COLOMBIA,Aduanas de Cali
901427027,CE-METALCALDAS SAS,2024,7108120000,1,1,1.01,55274.86,COLOMBIA,Aduanas de Medellín
4666524,OROZCO EDGAR FERNEY,2024,7108120000,1,1,0.49,36825.82,COLOMBIA,Aduanas de Medellín
900932184,C.I. GESTION EL REAL S.A.S.,2025,7108120000,3,1,42.51,3714023.82,ESTADOS UNIDOS,Aduanas de Medellín
901480993,COMERCIALIZADORA INTERNACIONAL ROCAH S.A.S.,2025,7108120000,2,1,29.98,3627954.5,ESTADOS UNIDOS,Aduanas de Medellín
901682129,PRECOOPERATIVA DE TRABAJO ASOCIADO GRUPO EMPRESARIAL DE SANTANDER (AGOES),2025,7108120000,2,2,12.360000000000001,1170677.59,COLOMBIA,Aduanas de Medellín
901411164,JPR METALS S.A.S,2025,7108120000,1,1,9.38,1103431.62,ESTADOS UNIDOS,Aduanas de Medellín
901313002,JD CUARTAS SAS,2025,7108120000,1,1,7.54,631314.4,ESTADOS UNIDOS,Aduanas de Medellín
901347211,NEGOCIOS F Y M METALES S.A.S,2025,7108120000,1,1,5.74,550924.3,ESTADOS UNIDOS,Aduanas de Medellín
901276562,COMERCIALIZADORA OROCOL  S.A.S.,2025,7108120000,1,1,2.82,247459.95,ESTADOS UNIDOS,Aduanas de Bogota - Aeropuerto El Dorado
1117526328,RAMIREZ VARGAS CARLOS ALBERTO,2025,7108120000,1,1,2.11,152361.26,COLOMBIA,Aduanas de Medellín
901597862,EL MOHÁN DE QUITO S.A.S.,2026,7108120000,1,1,20.25,2293175.63,COLOMBIA,Aduanas de Medellín
901417281,INVERSIONES EL SAN JUAN SAS,2026,7108120000,1,1,16.53,1885411.33,COLOMBIA,Aduanas de Medellín
1108639167,RAMIREZ CASTAÑO ERICK DANIEL,2026,7108120000,3,1,14.399999999999999,2050617.5999999999,COLOMBIA,Aduanas de Medellín
901532453,JSW CORPORATION S.A.S,2026,7108120000,1,1,12.63,1577332.67,ESTADOS UNIDOS,Aduanas de Medellín
901682129,PRECOOPERATIVA DE TRABAJO ASOCIADO GRUPO EMPRESARIAL DE SANTANDER (AGOES),2026,7108120000,1,1,9.48,1201320.07,COLOMBIA,Aduanas de Medellín
901521144,INVERSIONES AMITO & ASOCIADOS S.A.S.,2026,7108120000,2,2,7.43,1008797.4199999999,COLOMBIA,Aduanas de Medellín
900479267,FUNDICION RAMIREZ  ZF S.A.S.,2026,7108120000,1,1,7.07,869342.08,EMIRATOS ARABES UNID,Aduanas de Cali
901768273,COMERCIALIZADORA PEREZ ALVAREZ & ASOCIADOS SAS,2026,7108120000,3,2,4.73,551249.8,COLOMBIA,Aduanas de Medellín
901726018,C&J COMERCIALIZADORA SAS,2026,7108120000,1,1,1.24,158748.35,COLOMBIA,Aduanas de Medellín
901478218,GEXGO S.A.S,2026,7108120000,1,1,1.01,168689.08,COLOMBIA,Aduanas de Medellín
70877718,RUIZ BARRERA VICTOR HUGO,2026,7108120000,1,1,0.34,41880.2,COLOMBIA,Aduanas de Medellín
