anio,sub,n_registros,n_formularios,n_exportadores,kg_neto,usd_fob
2009,7108120000,1,1,1,115.35,3550923.0
2010,7108120000,19,16,9,894.66,27624763.8
2011,7108120000,15,11,9,570.5699999999999,26652254.95
2011,7108130000,1,1,1,107.99,5452912.0
2012,7108120000,8,8,5,385.38,17768498.09
2012,7108130000,1,1,1,0.1,5706.75
2013,7108120000,9,8,7,440.72,17291347.47
2013,7108130000,1,1,1,0.29,12799.95
2014,7108120000,2,2,2,29.11,973995.13
2015,7108120000,2,2,2,294.86,9415437.0
2015,7108130000,1,1,1,0.33,11238.03
2016,7108120000,7,5,3,425.32,13296776.31
2017,7108120000,18,15,10,691.71,25794246.0
2018,7108120000,14,13,10,6549.77,9201548.87
2018,7108130000,1,1,1,2.5,99761.0
2019,7108120000,19,18,14,609.25,18243567.38
2019,7108130000,1,1,1,144.94,3821978.84
2020,7108120000,50,29,19,912.0799999999999,37435974.9
2020,7108130000,4,1,1,402.58000000000004,14469793.36
2021,7108120000,32,21,20,250.9,12799808.549999999
2022,7108120000,12,12,12,227.05,9085777.33
2023,7108120000,23,22,20,281.73,15386032.11
2023,7108130000,1,1,1,148.67,8256457.39
2024,7108120000,29,25,21,582.8399999999999,39639719.81
2024,7108130000,1,1,1,121.57,8193899.54
2025,7108120000,12,9,8,112.44,11198147.44
2026,7108120000,16,13,11,95.11,11806564.23
