nit,razon,anio_min,anio_max,n_registros,kg_neto,usd_fob,nombre_registro,tipos_registro,seccionales,vigente_2026,es_sci_vigente
901175053,APROVECHAMIENTOS INDUSTRIALES DE LA COSTA S.A.S,2018,2018,1,6280.0,174018.8,,,,False,False
890902070,C.I. J. GUTIERREZ Y CIA S.A.,2009,2020,9,1165.94,41475762.25,C I J GUTIERREZ Y CIA S A (EN TOMA DE POSESION),Sociedad de Comercialización Internacional,Nivel Nacional,True,True
900118612,COMERCIALIZADORA INTERNACIONAL DE METALES PRECIOSOS DE COLOMBIA S.A.,2010,2023,15,1052.39,39450348.08,COMERCIALIZADORA INTERNACIONAL DE METALES PRECIOSOS DE COLOMBIA S.A.,Sociedad de Comercialización Internacional,Nivel Nacional,True,True
890914525,MINEROS S.A,2011,2020,6,655.51,23744684.2,,,,False,False
900306309,GRAN COLOMBIA GOLD SEGOVIA SUCURSAL COLOMBIA,2019,2019,1,378.64,9585019.81,,,,False,False
901180357,OSPREY METALS S.A.S.,2020,2024,6,341.71,21379345.26,,,,False,False
900166687,CONTINENTAL GOLD LIMITED SUCURSAL COLOMBIA,2020,2020,1,306.77,7332884.12,,,,False,False
901218630,MINEROS ALUVIAL S.A.S. BIC,2023,2024,2,270.24,16450356.93,,,,False,False
811009244,COMERCIALIZADORA INTERNACIONAL DE METALES PRECIOSOS Y METALES COMUNES INVERSIONES GENERALES S.A.S CIIGSA,2017,2020,25,249.78,11478762.64,C.I. COLOMBIAN MINT S.A.S,Sociedad de Comercialización Internacional,Nivel Nacional,True,True
811030022,C. I. GOLDEX S.A.,2010,2011,3,246.6,8782353.78,,,,False,False
811009244,COMERCIALIZADORA INTENACIONAL DE METALES PRECIOSOS Y METALES COMUNES INVERSIONES GENERALES S.A.,2011,2012,3,219.7,11792010.66,C.I. COLOMBIAN MINT S.A.S,Sociedad de Comercialización Internacional,Nivel Nacional,True,True
900627644,C.I SEASIF PACIFIC S.A.S.,2018,2023,7,195.76,8548791.29,,,,False,False
900165320,C.I. METALES HERMANOS S.A.,2010,2012,4,193.38,8092893.550000001,,,,False,False
900332718,SOCIEDAD DE COMERCIALIZACION INTERNACIONAL ANTIOQUEÑA DE EXPORTACIONES S.A.S,2013,2016,5,179.86,6940613.84,,,,False,False
900049564,SOCIEDAD DE COMERCIALIZACION INTERNACIONAL C. I. DHOWS CONGO S. A.,2010,2012,9,178.73000000000002,6925883.92,,,,False,False
805020091,C. I. GIRALDO & DUQUE LTDA.,2010,2013,3,143.92,4392630.5,,,,False,False
811031214,COMERCIALIZADORA INTERNACIONAL MACEDONIA S.A.,2010,2010,3,142.25,3861367.34,,,,False,False
811009244,C.I. COLOMBIAN MINT S.A.S,2021,2024,6,131.06,8631168.41,C.I. COLOMBIAN MINT S.A.S,Sociedad de Comercialización Internacional,Nivel Nacional,True,True
901019586,COMERCIALIZADORA INTERNACIONAL ESLOP SAS,2020,2022,4,125.73,5216822.899999999,COMERCIALIZADORA INTERNACIONAL ESLOP SAS,Sociedad de Comercialización Internacional,Nivel Nacional,True,True
805017701,C.I FUNDICION RAMIREZ  S.A.,2010,2011,2,113.14,4447353.85,,,,False,False
900353983,SOCIEDAD DE COMERCIALIZACION INTERNACIONAL S & JIL S.A.S.,2011,2012,2,108.77,4461687.4,,,,False,False
900254804,SOCIEDAD DE COMERCIALIZACION INTERNACIONAL DEL NORDESTE ANTIOQUEÑO LTDA,2011,2011,2,94.76,4127564.0,,,,False,False
900479267,FUNDICION RAMIREZ ZONA FRANCA SAS,2017,2018,2,82.62,2973079.02,,,,False,False
900479267,FUNDICION RAMIREZ  ZONA FRANCA SAS,2022,2024,3,81.06,4674845.21,,,,False,False
890114642,CALDAS GOLD MARMATO S.A.S.,2022,2022,1,80.29,2023953.05,,,,False,False
901022569,C.I. GOLD BY GOLD COLOMBIA S.A.S.,2021,2022,10,79.12,3552945.76,C.I. GOLD BY GOLD COLOMBIA S.A.S.,Sociedad de Comercialización Internacional,Nivel Nacional,True,True
900462120,C.I.  NTR METALS COLOMBIA SAS,2013,2013,2,74.22,3288075.24,,,,False,False
900932184,C.I. GESTION EL REAL S.A.S.,2022,2025,5,63.43,5174487.46,C.I. GESTION EL REAL S.A.S.,Sociedad de Comercialización Internacional,Nivel Nacional,True,True
901683560,INVERSIONES GRUPO DIAZ S.A.S,2024,2024,2,55.98,4217911.9,,,,False,False
900466237,INVERSIONES WGM S.A.S,2018,2019,5,51.66,1936716.03,,,,False,False
901109330,MITAYOS ZONA FRANCA S.A.S,2018,2019,3,51.599999999999994,1905084.42,,,,False,False
811009244,COMERCIALIZADORA INTERNACIONAL DE METALES PRECIOSOS Y METALES COMUNES INVERSIONES GENERALES S.A.,2013,2013,1,51.49,2045627.43,C.I. COLOMBIAN MINT S.A.S,Sociedad de Comercialización Internacional,Nivel Nacional,True,True
900959087,SUMITRADE S.A.S.,2020,2020,3,50.370000000000005,3077076.7,,,,False,False
900555885,XQUADRA S.A.S.,2017,2021,2,43.72,1783940.62,,,,False,False
901111609,NAPLES PRIME S.A.S  C.I.,2021,2021,1,42.95,2520248.58,NAPLES PRIME S.A.S C.I.,Sociedad de Comercialización Internacional,Nivel Nacional,True,True
900254804,SOCIEDAD DE COMERCIALIZACION INTERNACIONAL DEL NORDESTE ANTIOQUEÑO S.A.S.,2013,2013,1,39.7,1580965.49,,,,False,False
900818223,RED EAGLE MINING DE COLOMBIA S.A.S.,2018,2018,1,37.08,800497.11,,,,False,False
901575376,TRADE GOLD MEDELLIN SAS,2023,2024,2,35.62,2376582.37,,,,False,False
901480993,COMERCIALIZADORA INTERNACIONAL ROCAH S.A.S.,2025,2025,2,29.98,3627954.5,COMERCIALIZADORA INTERNACIONAL ROCAH S.A.S.,Sociedad de Comercialización Internacional,Nivel Nacional,True,True
901138612,C.I. GLOBAL MULTI COMMODITIES SAS,2023,2023,1,29.59,1659741.53,C.I. GLOBAL MULTI COMMODITIES SAS,Sociedad de Comercialización Internacional,Nivel Nacional,True,True
804015212,C.I. MINEROS  EXPORTADORES  S.A.,2010,2010,2,24.2,780000.0,,,,False,False
900892043,GEO METALS S.A.S,2022,2023,2,23.86,1298560.87,,,,False,False
901443134,MANUFACTURAS FACERE SAS,2022,2022,1,22.18,1214487.56,,,,False,False
901682129,PRECOOPERATIVA DE TRABAJO ASOCIADO GRUPO EMPRESARIAL DE SANTANDER (AGOES),2025,2026,3,21.840000000000003,2371997.66,,,,False,False
901597862,EL MOHÁN DE QUITO S.A.S.,2026,2026,1,20.25,2293175.63,,,,False,False
900887637,LATRANS GRUPO LOGISTICO S.A.S.,2018,2018,1,19.5,755040.0,C.I. LATRANS GRUPO LOGÍSTICO S.A.S.,Sociedad de Comercialización Internacional,Nivel Nacional,True,True
901168233,INGOTCOL S.A.S,2021,2021,1,17.01,988807.39,,,,False,False
901417281,INVERSIONES EL SAN JUAN SAS,2026,2026,1,16.53,1885411.33,,,,False,False
890902070,C I J GUTIERREZ Y CIA S A (EN TOMA DE POSESION),2020,2020,1,16.23,823080.65,C I J GUTIERREZ Y CIA S A (EN TOMA DE POSESION),Sociedad de Comercialización Internacional,Nivel Nacional,True,True
818002034,CONSEJO COMUNITARIO MAYOR DE ISTMINA Y MEDIO SAN JUAN,2021,2021,1,15.91,811753.46,,,,False,False
901221049,FONTANA JOYERIA GCL S.A.S,2024,2024,1,15.88,1097627.6,,,,False,False
901019586,COMERCIALLIZADORA INTERNACIONAL ESLOP SAS,2018,2018,1,15.43,571330.14,COMERCIALIZADORA INTERNACIONAL ESLOP SAS,Sociedad de Comercialización Internacional,Nivel Nacional,True,True
1117526328,RAMIREZ VARGAS CARLOS ALBERTO,2022,2025,4,14.81,866843.53,,,,False,False
1108639167,RAMIREZ CASTAÑO ERICK DANIEL,2026,2026,3,14.399999999999999,2050617.5999999999,,,,False,False
901014557,INVERSIONES OSMIO S.A.S,2020,2021,2,14.34,672360.53,,,,False,False
901532453,JSW CORPORATION S.A.S,2026,2026,1,12.63,1577332.67,,,,False,False
901083424,IMPORTEXP LOGISTICS C.I. SAS,2019,2019,1,12.15,462644.24,,,,False,False
901521144,INVERSIONES AMITO & ASOCIADOS S.A.S.,2024,2026,3,10.4,1212468.15,,,,False,False
900684232,INVERSIONES LA PIEDRA DE AYAPEL S.A.S.,2021,2022,3,10.35,547247.92,,,,False,False
901039869,LANDGREEN S.A.S.,2019,2023,2,10.02,450145.32999999996,,,,False,False
900461735,C. I.  OPERADORA COLOMBIANA DE EXPLOTACIONES  MINERAS   S. A. S,2017,2017,1,9.99,399353.08,,,,False,False
901411164,JPR METALS S.A.S,2025,2025,1,9.38,1103431.62,,,,False,False
900711201,INVERSIONES J. E. H. M. S.A.S.,2021,2021,1,9.38,467006.75,,,,False,False
901161864,EMPALME COMERCIALIZADORA EMPACOM SAS,2024,2024,2,9.26,629304.09,,,,False,False
8058127,ARISTIZABAL OSORNO MAURICIO ANDRES,2023,2023,2,8.86,440695.11,,,,False,False
39273961,SEGUANES BENITEZ GIOVANIS STELLA,2024,2024,1,8.33,528802.68,,,,False,False
901000769,FENIX PRECIOUS METALS SAS,2018,2018,1,8.33,287591.52,,,,False,False
901224359,SUMMINEROS SAS,2020,2020,1,7.9,392365.4,,,,False,False
71747587,MOSQUERA MOSQUERA CARLOS JULIO,2022,2022,1,7.89,397589.38,,,,False,False
901313002,JD CUARTAS SAS,2025,2025,1,7.54,631314.4,,,,False,False
900479267,FUNDICION RAMIREZ  ZF S.A.S.,2026,2026,1,7.07,869342.08,,,,False,False
900461735,C. I. OPERADORA COLOMBIANA DE EXPLOTACIONES MINERAS S. A. S,2017,2017,1,7.0,287350.0,,,,False,False
900893377,C.I.  INTI MINING GROUP S A S,2023,2023,1,7.0,365845.14,C.I. INTI MINING GROUP S A S,Sociedad de Comercialización Internacional,Nivel Nacional,True,True
901598923,M & M METALS GOLD SAS,2024,2024,1,6.99,471911.97,,,,False,False
900627106,JARABA & ASOCIADOS S.A.S.,2021,2021,1,6.84,342815.91,,,,False,False
900780269,INVERSIONES Y NEGOCIOS R.C ASOCIADOS S.A.S,2017,2017,2,6.470000000000001,216935.83,,,,False,False
890305124,RAMIREZ JIMENEZ Y CIA S.A.,2011,2011,4,6.2,232173.83999999997,,,,False,False
900684307,INVERSIONES EL ROSAL DE AYAPEL S.A.S.,2022,2022,1,6.13,361968.16,,,,False,False
1042769697,SUSERQUIA MAZO TATIANA ANDREA,2022,2023,2,6.0600000000000005,297168.81,,,,False,False
901559983,INVERSIONES DIAZ CEBALLOS & CIA S.A.S,2023,2023,1,6.02,321595.97,,,,False,False
901028975,PACIFIC MINING PROJECTS S.A.S,2023,2023,1,6.0,355944.39,,,,False,False
901347211,NEGOCIOS F Y M METALES S.A.S,2025,2025,1,5.74,550924.3,,,,False,False
900618704,ICONYK S.A.S,2023,2023,1,5.69,318810.16,,,,False,False
901113424,TECNOGOLD SAS,2020,2020,1,5.54,294712.03,,,,False,False
900294356,C.I. EXPERIENCIA Y TRADICIÓN S.A.S.,2020,2020,1,5.44,304430.21,,,,False,False
900818759,COMERCIALIZADORA  DE  METALES  GOLD  CENTER  S.A.S,2016,2016,1,4.9,115150.0,,,,False,False
900564754,COMPRAVENTA EL PRIMO REMEDIOS S.A.S,2019,2019,1,4.86,152273.32,,,,False,False
900605783,METALES PROCESADOS INDUSTRIALES SAS,2017,2018,4,4.77,249646.87,,,,False,False
901768273,COMERCIALIZADORA PEREZ ALVAREZ & ASOCIADOS SAS,2026,2026,3,4.73,551249.8,,,,False,False
4861028,MURILLO LUIS ALBERTO,2017,2017,1,4.69,157576.71,,,,False,False
900719550,INVERSIONES MARTINEZ MERCADO SAS,2021,2021,1,4.67,209932.39,,,,False,False
900594874,INVERSIONES METALIFERAS S.A.S.,2021,2021,1,4.49,227725.87,,,,False,False
901300259,COOPERATIVA SI SE PUEDE DE BAREQUEROS DEL CHOC&#65533;,2020,2020,1,4.33,191656.07,,,,False,False
900940425,M&MTRADING SAS,2023,2023,2,3.9299999999999997,209373.17,,,,False,False
901330988,GRUPO DE INVERSIONES L.A SAS,2024,2024,1,3.92,271082.56,,,,False,False
901120121,INVERSIONES MEJIA J.M S.A.S,2020,2020,1,3.58,187865.13,,,,False,False
901222798,METALES PRECIOSOS DEL LLANO S.A.S.,2019,2021,2,3.36,139061.94,,,,False,False
901657108,GRUPO DE INVERSIONES TSM S.A.S.,2024,2024,1,3.26,209013.17,,,,False,False
900922405,CI GS LOGISTIC S.A.S.,2023,2023,1,3.25,172550.59,,,,False,False
900559060,CARBONTERRA MINERAL SAS. C.I,2023,2023,1,3.0,167335.5,,,,False,False
901563648,AMC COSMOS SAS,2024,2024,1,2.86,235316.4,,,,False,False
901276562,COMERCIALIZADORA OROCOL  S.A.S.,2025,2025,1,2.82,247459.95,,,,False,False
900611794,C I GALEON CORP S A S,2020,2020,1,2.66,170136.55,,,,False,False
830134585,VALERIANO S . A. S.,2014,2017,3,2.64,103551.47,,,,False,False
901348315,ORIGEN ORO ARTESANAL SAS,2023,2023,1,2.37,125255.43,,,,False,False
900187012,COMPAÑIA MINERA E & J S.A.S.,2020,2020,1,2.35,107400.07,,,,False,False
39273553,DIAZ DIAZ EMILSE ISABEL,2023,2023,1,2.28,132154.98,,,,False,False
901062991,REPRESENTACIONES TRANSVERSAL S.A.S.,2021,2021,1,2.27,114076.58,,,,False,False
901129827,C.I INMIRCOL S.A.S,2023,2023,1,1.99,106830.81,C.I INMIRCOL S.A.S,Sociedad de Comercialización Internacional,Nivel Nacional,True,True
901124047,INVERSIONES GOMEZ DEL CAUCA S.A.S,2019,2021,2,1.8699999999999999,88188.35,,,,False,False
900972976,INVERSIONES DUGALVIZ S.A.S,2021,2021,1,1.79,88787.35,,,,False,False
900940917,BUILDER SAS,2024,2024,1,1.67,123745.95,,,,False,False
901812521,COMPANY INDUSTRY REAL SAS,2024,2024,1,1.66,122763.01,,,,False,False
901603839,INVERSIONES COBALEDA S.A.S,2024,2024,1,1.52,103262.76,,,,False,False
900408194,LOGISTICA AGIL S.A.S,2021,2021,1,1.49,74560.95,,,,False,False
70550098,RODRIGUEZ JARAMILLO IVAN,2023,2023,1,1.42,75319.43,,,,False,False
901110195,CORPORACION AMBIENTAL ORO VERDE,2019,2019,1,1.33,49459.26,,,,False,False
900611923,SOCIEDAD DE COMERCIALIZACION INTERNACIONAL GLOBAL HANDING S.A.S.,2020,2020,1,1.3,56288.61,,,,False,False
901726018,C&J COMERCIALIZADORA SAS,2026,2026,1,1.24,158748.35,,,,False,False
900605783,CI METALES PROCESADOS INDUSTRIALES SAS,2020,2020,1,1.24,49761.0,,,,False,False
39273308,JARABA ARISTIZABAL SANDRA YASMIN,2021,2021,1,1.19,58403.85,,,,False,False
14136598,RODRIGUEZ BERNAL HUMBERNEY,2024,2024,1,1.13,73093.39,,,,False,False
71388802,CARVAJAL RAMIREZ ANTONIO JOSE,2019,2019,1,1.08,42820.38,,,,False,False
901478218,GEXGO S.A.S,2026,2026,1,1.01,168689.08,,,,False,False
901427027,CE-METALCALDAS SAS,2024,2024,1,1.01,55274.86,,,,False,False
900422494,COMERCIALIZADORA INTERNACIONAL COLTIC  SAS,2021,2021,1,1.0,56520.0,,,,False,False
900141475,MINERALES DEL ALTO MAGDALENA LTDA,2013,2013,1,0.8,29054.39,,,,False,False
900657461,BUSINESS GROUP VEGA GRANADA S.A.S,2013,2015,2,0.62,24037.980000000003,C. I BUSINESS GROUP VEGA GRANADA S.A.S,Sociedad de Comercialización Internacional,Nivel Nacional,True,True
4666524,OROZCO EDGAR FERNEY,2024,2024,1,0.49,36825.82,,,,False,False
70877718,RUIZ BARRERA VICTOR HUGO,2026,2026,1,0.34,41880.2,,,,False,False
830514995,FUNDACION BIODIVERSA,2012,2012,1,0.1,5706.75,,,,False,False
