cod_subreg,nom_subreg,cod_depto,nom_depto,cod_muni,nom_muni
3,BAJO CAUCA Y NORDESTE ANTIOQUEÑO,05,ANTIOQUIA,05031,AMALFI
3,BAJO CAUCA Y NORDESTE ANTIOQUEÑO,05,ANTIOQUIA,05040,ANORÍ
16,URABÁ ANTIOQUEÑO,05,ANTIOQUIA,05045,APARTADÓ
3,BAJO CAUCA Y NORDESTE ANTIOQUEÑO,05,ANTIOQUIA,05107,BRICEÑO
3,BAJO CAUCA Y NORDESTE ANTIOQUEÑO,05,ANTIOQUIA,05120,CÁCERES
16,URABÁ ANTIOQUEÑO,05,ANTIOQUIA,05147,CAREPA
3,BAJO CAUCA Y NORDESTE ANTIOQUEÑO,05,ANTIOQUIA,05154,CAUCASIA
16,URABÁ ANTIOQUEÑO,05,ANTIOQUIA,05172,CHIGORODÓ
16,URABÁ ANTIOQUEÑO,05,ANTIOQUIA,05234,DABEIBA
3,BAJO CAUCA Y NORDESTE ANTIOQUEÑO,05,ANTIOQUIA,05250,EL BAGRE
3,BAJO CAUCA Y NORDESTE ANTIOQUEÑO,05,ANTIOQUIA,05361,ITUANGO
5,CHOCÓ,05,ANTIOQUIA,05475,MURINDÓ
16,URABÁ ANTIOQUEÑO,05,ANTIOQUIA,05480,MUTATÁ
16,URABÁ ANTIOQUEÑO,05,ANTIOQUIA,05490,NECOCLÍ
3,BAJO CAUCA Y NORDESTE ANTIOQUEÑO,05,ANTIOQUIA,05495,NECHÍ
3,BAJO CAUCA Y NORDESTE ANTIOQUEÑO,05,ANTIOQUIA,05604,REMEDIOS
16,URABÁ ANTIOQUEÑO,05,ANTIOQUIA,05665,SAN PEDRO DE URABA
3,BAJO CAUCA Y NORDESTE ANTIOQUEÑO,05,ANTIOQUIA,05736,SEGOVIA
3,BAJO CAUCA Y NORDESTE ANTIOQUEÑO,05,ANTIOQUIA,05790,TARAZÁ
16,URABÁ ANTIOQUEÑO,05,ANTIOQUIA,05837,TURBO
3,BAJO CAUCA Y NORDESTE ANTIOQUEÑO,05,ANTIOQUIA,05854,VALDIVIA
5,CHOCÓ,05,ANTIOQUIA,05873,VIGÍA DEL FUERTE
13,SUR DE BOLÍVAR,05,ANTIOQUIA,05893,YONDÓ
3,BAJO CAUCA Y NORDESTE ANTIOQUEÑO,05,ANTIOQUIA,05895,ZARAGOZA
13,SUR DE BOLÍVAR,13,BOLÍVAR,13042,ARENAL
13,SUR DE BOLÍVAR,13,BOLÍVAR,13160,CANTAGALLO
8,MONTES DE MARÍA,13,BOLÍVAR,13212,CÓRDOBA
8,MONTES DE MARÍA,13,BOLÍVAR,13244,EL CARMEN DE BOLÍVAR
8,MONTES DE MARÍA,13,BOLÍVAR,13248,EL GUAMO
8,MONTES DE MARÍA,13,BOLÍVAR,13442,MARÍA LA BAJA
13,SUR DE BOLÍVAR,13,BOLÍVAR,13473,MORALES
8,MONTES DE MARÍA,13,BOLÍVAR,13654,SAN JACINTO
8,MONTES DE MARÍA,13,BOLÍVAR,13657,SAN JUAN NEPOMUCENO
13,SUR DE BOLÍVAR,13,BOLÍVAR,13670,SAN PABLO
13,SUR DE BOLÍVAR,13,BOLÍVAR,13688,SANTA ROSA DEL SUR
13,SUR DE BOLÍVAR,13,BOLÍVAR,13744,SIMITÍ
8,MONTES DE MARÍA,13,BOLÍVAR,13894,ZAMBRANO
6,CUENCA DEL CAGUÁN Y PIEDEMONTE CAQUETEÑO,18,CAQUETÁ,18001,FLORENCIA
6,CUENCA DEL CAGUÁN Y PIEDEMONTE CAQUETEÑO,18,CAQUETÁ,18029,ALBANIA
6,CUENCA DEL CAGUÁN Y PIEDEMONTE CAQUETEÑO,18,CAQUETÁ,18094,BELÉN DE LOS ANDAQUÍES
6,CUENCA DEL CAGUÁN Y PIEDEMONTE CAQUETEÑO,18,CAQUETÁ,18150,CARTAGENA DEL CHAIRÁ
6,CUENCA DEL CAGUÁN Y PIEDEMONTE CAQUETEÑO,18,CAQUETÁ,18205,CURILLO
6,CUENCA DEL CAGUÁN Y PIEDEMONTE CAQUETEÑO,18,CAQUETÁ,18247,EL DONCELLO
6,CUENCA DEL CAGUÁN Y PIEDEMONTE CAQUETEÑO,18,CAQUETÁ,18256,EL PAUJIL
6,CUENCA DEL CAGUÁN Y PIEDEMONTE CAQUETEÑO,18,CAQUETÁ,18410,LA MONTAÑITA
6,CUENCA DEL CAGUÁN Y PIEDEMONTE CAQUETEÑO,18,CAQUETÁ,18460,MILÁN
6,CUENCA DEL CAGUÁN Y PIEDEMONTE CAQUETEÑO,18,CAQUETÁ,18479,MORELIA
6,CUENCA DEL CAGUÁN Y PIEDEMONTE CAQUETEÑO,18,CAQUETÁ,18592,PUERTO RICO
6,CUENCA DEL CAGUÁN Y PIEDEMONTE CAQUETEÑO,18,CAQUETÁ,18610,SAN JOSÉ DEL FRAGUA
6,CUENCA DEL CAGUÁN Y PIEDEMONTE CAQUETEÑO,18,CAQUETÁ,18753,SAN VICENTE DEL CAGUÁN
6,CUENCA DEL CAGUÁN Y PIEDEMONTE CAQUETEÑO,18,CAQUETÁ,18756,SOLANO
6,CUENCA DEL CAGUÁN Y PIEDEMONTE CAQUETEÑO,18,CAQUETÁ,18785,SOLITA
6,CUENCA DEL CAGUÁN Y PIEDEMONTE CAQUETEÑO,18,CAQUETÁ,18860,VALPARAÍSO
1,ALTO PATÍA Y NORTE DEL CAUCA,19,CAUCA,19050,ARGELIA
1,ALTO PATÍA Y NORTE DEL CAUCA,19,CAUCA,19075,BALBOA
1,ALTO PATÍA Y NORTE DEL CAUCA,19,CAUCA,19110,BUENOS AIRES
1,ALTO PATÍA Y NORTE DEL CAUCA,19,CAUCA,19130,CAJIBÍO
1,ALTO PATÍA Y NORTE DEL CAUCA,19,CAUCA,19137,CALDONO
1,ALTO PATÍA Y NORTE DEL CAUCA,19,CAUCA,19142,CALOTO
1,ALTO PATÍA Y NORTE DEL CAUCA,19,CAUCA,19212,CORINTO
1,ALTO PATÍA Y NORTE DEL CAUCA,19,CAUCA,19256,EL TAMBO
9,PACÍFICO MEDIO,19,CAUCA,19318,GUAPI
1,ALTO PATÍA Y NORTE DEL CAUCA,19,CAUCA,19364,JAMBALÓ
9,PACÍFICO MEDIO,19,CAUCA,19418,LÓPEZ
1,ALTO PATÍA Y NORTE DEL CAUCA,19,CAUCA,19450,MERCADERES
1,ALTO PATÍA Y NORTE DEL CAUCA,19,CAUCA,19455,MIRANDA
1,ALTO PATÍA Y NORTE DEL CAUCA,19,CAUCA,19473,MORALES
1,ALTO PATÍA Y NORTE DEL CAUCA,19,CAUCA,19532,PATÍA
1,ALTO PATÍA Y NORTE DEL CAUCA,19,CAUCA,19548,PIENDAMÓ
1,ALTO PATÍA Y NORTE DEL CAUCA,19,CAUCA,19698,SANTANDER DE QUILICHAO
1,ALTO PATÍA Y NORTE DEL CAUCA,19,CAUCA,19780,SUÁREZ
9,PACÍFICO MEDIO,19,CAUCA,19809,TIMBIQUÍ
1,ALTO PATÍA Y NORTE DEL CAUCA,19,CAUCA,19821,TORIBIO
12,SIERRA NEVADA - PERIJÁ,20,CESAR,20001,VALLEDUPAR
12,SIERRA NEVADA - PERIJÁ,20,CESAR,20013,AGUSTÍN CODAZZI
12,SIERRA NEVADA - PERIJÁ,20,CESAR,20045,BECERRIL
12,SIERRA NEVADA - PERIJÁ,20,CESAR,20400,LA JAGUA DE IBIRICO
12,SIERRA NEVADA - PERIJÁ,20,CESAR,20443,MANAURE BALCÓN DEL CESAR
12,SIERRA NEVADA - PERIJÁ,20,CESAR,20570,PUEBLO BELLO
12,SIERRA NEVADA - PERIJÁ,20,CESAR,20621,LA PAZ
12,SIERRA NEVADA - PERIJÁ,20,CESAR,20750,SAN DIEGO
14,SUR DE CÓRDOBA,23,CÓRDOBA,23466,MONTELÍBANO
14,SUR DE CÓRDOBA,23,CÓRDOBA,23580,PUERTO LIBERTADOR
14,SUR DE CÓRDOBA,23,CÓRDOBA,23682,SAN JOSE DE URE
14,SUR DE CÓRDOBA,23,CÓRDOBA,23807,TIERRALTA
14,SUR DE CÓRDOBA,23,CÓRDOBA,23855,VALENCIA
5,CHOCÓ,27,CHOCÓ,27006,ACANDÍ
5,CHOCÓ,27,CHOCÓ,27099,BOJAYA
5,CHOCÓ,27,CHOCÓ,27150,CARMEN DEL DARIEN
5,CHOCÓ,27,CHOCÓ,27205,CONDOTO
5,CHOCÓ,27,CHOCÓ,27250,EL LITORAL DEL SAN JUAN
5,CHOCÓ,27,CHOCÓ,27361,ISTMINA
5,CHOCÓ,27,CHOCÓ,27425,MEDIO ATRATO
5,CHOCÓ,27,CHOCÓ,27450,MEDIO SAN JUAN
5,CHOCÓ,27,CHOCÓ,27491,NÓVITA
5,CHOCÓ,27,CHOCÓ,27615,RIOSUCIO
5,CHOCÓ,27,CHOCÓ,27745,SIPÍ
5,CHOCÓ,27,CHOCÓ,27800,UNGUÍA
6,CUENCA DEL CAGUÁN Y PIEDEMONTE CAQUETEÑO,41,HUILA,41020,ALGECIRAS
12,SIERRA NEVADA - PERIJÁ,44,LA GUAJIRA,44090,DIBULLA
12,SIERRA NEVADA - PERIJÁ,44,LA GUAJIRA,44279,FONSECA
12,SIERRA NEVADA - PERIJÁ,44,LA GUAJIRA,44650,SAN JUAN DEL CESAR
12,SIERRA NEVADA - PERIJÁ,47,MAGDALENA,47001,SANTA MARTA
12,SIERRA NEVADA - PERIJÁ,47,MAGDALENA,47053,ARACATACA
12,SIERRA NEVADA - PERIJÁ,47,MAGDALENA,47189,CIÉNAGA
12,SIERRA NEVADA - PERIJÁ,47,MAGDALENA,47288,FUNDACIÓN
7,MACARENA - GUAVIARE,50,META,50325,MAPIRIPÁN
7,MACARENA - GUAVIARE,50,META,50330,MESETAS
7,MACARENA - GUAVIARE,50,META,50350,LA MACARENA
7,MACARENA - GUAVIARE,50,META,50370,URIBE
7,MACARENA - GUAVIARE,50,META,50450,PUERTO CONCORDIA
7,MACARENA - GUAVIARE,50,META,50577,PUERTO LLERAS
7,MACARENA - GUAVIARE,50,META,50590,PUERTO RICO
7,MACARENA - GUAVIARE,50,META,50711,VISTA HERMOSA
10,PACÍFICO Y FRONTERA NARIÑENSE,52,NARIÑO,52079,BARBACOAS
1,ALTO PATÍA Y NORTE DEL CAUCA,52,NARIÑO,52233,CUMBITARA
10,PACÍFICO Y FRONTERA NARIÑENSE,52,NARIÑO,52250,EL CHARCO
1,ALTO PATÍA Y NORTE DEL CAUCA,52,NARIÑO,52256,EL ROSARIO
10,PACÍFICO Y FRONTERA NARIÑENSE,52,NARIÑO,52390,LA TOLA
1,ALTO PATÍA Y NORTE DEL CAUCA,52,NARIÑO,52405,LEIVA
1,ALTO PATÍA Y NORTE DEL CAUCA,52,NARIÑO,52418,LOS ANDES
10,PACÍFICO Y FRONTERA NARIÑENSE,52,NARIÑO,52427,MAGÜI
10,PACÍFICO Y FRONTERA NARIÑENSE,52,NARIÑO,52473,MOSQUERA
10,PACÍFICO Y FRONTERA NARIÑENSE,52,NARIÑO,52490,OLAYA HERRERA
10,PACÍFICO Y FRONTERA NARIÑENSE,52,NARIÑO,52520,FRANCISCO PIZARRO
1,ALTO PATÍA Y NORTE DEL CAUCA,52,NARIÑO,52540,POLICARPA
10,PACÍFICO Y FRONTERA NARIÑENSE,52,NARIÑO,52612,RICAURTE
10,PACÍFICO Y FRONTERA NARIÑENSE,52,NARIÑO,52621,ROBERTO PAYÁN
10,PACÍFICO Y FRONTERA NARIÑENSE,52,NARIÑO,52696,SANTA BÁRBARA
10,PACÍFICO Y FRONTERA NARIÑENSE,52,NARIÑO,52835,SAN ANDRES DE TUMACO
4,CATATUMBO,54,NORTE DE SANTANDER,54206,CONVENCIÓN
4,CATATUMBO,54,NORTE DE SANTANDER,54245,EL CARMEN
4,CATATUMBO,54,NORTE DE SANTANDER,54250,EL TARRA
4,CATATUMBO,54,NORTE DE SANTANDER,54344,HACARÍ
4,CATATUMBO,54,NORTE DE SANTANDER,54670,SAN CALIXTO
4,CATATUMBO,54,NORTE DE SANTANDER,54720,SARDINATA
4,CATATUMBO,54,NORTE DE SANTANDER,54800,TEORAMA
4,CATATUMBO,54,NORTE DE SANTANDER,54810,TIBÚ
8,MONTES DE MARÍA,70,SUCRE,70204,COLOSO
8,MONTES DE MARÍA,70,SUCRE,70230,CHALÁN
8,MONTES DE MARÍA,70,SUCRE,70418,LOS PALMITOS
8,MONTES DE MARÍA,70,SUCRE,70473,MORROA
8,MONTES DE MARÍA,70,SUCRE,70508,OVEJAS
8,MONTES DE MARÍA,70,SUCRE,70523,SAN ANTONIO DE PALMITO
8,MONTES DE MARÍA,70,SUCRE,70713,SAN ONOFRE
8,MONTES DE MARÍA,70,SUCRE,70823,TOLÚ VIEJO
15,SUR DEL TOLIMA,73,TOLIMA,73067,ATACO
15,SUR DEL TOLIMA,73,TOLIMA,73168,CHAPARRAL
15,SUR DEL TOLIMA,73,TOLIMA,73555,PLANADAS
15,SUR DEL TOLIMA,73,TOLIMA,73616,RIOBLANCO
9,PACÍFICO MEDIO,76,VALLE DEL CAUCA,76109,BUENAVENTURA
1,ALTO PATÍA Y NORTE DEL CAUCA,76,VALLE DEL CAUCA,76275,FLORIDA
1,ALTO PATÍA Y NORTE DEL CAUCA,76,VALLE DEL CAUCA,76563,PRADERA
2,ARAUCA,81,ARAUCA,81065,ARAUQUITA
2,ARAUCA,81,ARAUCA,81300,FORTUL
2,ARAUCA,81,ARAUCA,81736,SARAVENA
2,ARAUCA,81,ARAUCA,81794,TAME
11,PUTUMAYO,86,PUTUMAYO,86001,MOCOA
11,PUTUMAYO,86,PUTUMAYO,86320,ORITO
11,PUTUMAYO,86,PUTUMAYO,86568,PUERTO ASÍS
11,PUTUMAYO,86,PUTUMAYO,86569,PUERTO CAICEDO
11,PUTUMAYO,86,PUTUMAYO,86571,PUERTO GUZMÁN
11,PUTUMAYO,86,PUTUMAYO,86573,LEGUÍZAMO
11,PUTUMAYO,86,PUTUMAYO,86757,SAN MIGUEL
11,PUTUMAYO,86,PUTUMAYO,86865,VALLE DEL GUAMUEZ
11,PUTUMAYO,86,PUTUMAYO,86885,VILLAGARZÓN
7,MACARENA - GUAVIARE,95,GUAVIARE,95001,SAN JOSÉ DEL GUAVIARE
7,MACARENA - GUAVIARE,95,GUAVIARE,95015,CALAMAR
7,MACARENA - GUAVIARE,95,GUAVIARE,95025,EL RETORNO
7,MACARENA - GUAVIARE,95,GUAVIARE,95200,MIRAFLORES
