anio,codigo_departamento,departamento,codigo_municipio,municipio,evoa_ha
2014,05,Antioquia,05031,Amalfi,807.2031099
2014,05,Antioquia,05034,Andes,1.54762249
2014,05,Antioquia,05036,Angelópolis,29.14862844
2014,05,Antioquia,05040,Anorí,1055.98376511
2014,05,Antioquia,05044,Anzá,8.9976269
2014,05,Antioquia,05055,Argelia,3.26168057
2014,05,Antioquia,05059,Armenia,2.16335886
2014,05,Antioquia,05091,Betania,1.87093866
2014,05,Antioquia,05120,Cáceres,3357.15137524
2014,05,Antioquia,05134,Campamento,83.27898075
2014,05,Antioquia,05148,El Carmen de Viboral,0.29950022
2014,05,Antioquia,05154,Caucasia,1276.94219591
2014,05,Antioquia,05172,Chigorodó,29.1375
2014,05,Antioquia,05209,Concordia,9.21073352
2014,05,Antioquia,05234,Dabeiba,12.195
2014,05,Antioquia,05250,El Bagre,3136.32129258
2014,05,Antioquia,05284,Frontino,4.25214145
2014,05,Antioquia,05313,Granada,29.30462959
2014,05,Antioquia,05315,Guadalupe,0.0525
2014,05,Antioquia,05361,Ituango,84.78
2014,05,Antioquia,05425,Maceo,0.1725
2014,05,Antioquia,05440,Marinilla,2.74144877
2014,05,Antioquia,05475,Murindó,132.6825
2014,05,Antioquia,05480,Mutatá,0.0
2014,05,Antioquia,05483,Nariño,11.58190919
2014,05,Antioquia,05495,Nechí,6199.86329159
2014,05,Antioquia,05579,Puerto Berrío,0.0
2014,05,Antioquia,05585,Puerto Nare,0.0
2014,05,Antioquia,05591,Puerto Triunfo,8.5725
2014,05,Antioquia,05604,Remedios,1102.9048906
2014,05,Antioquia,05652,San Francisco,1.842216
2014,05,Antioquia,05660,San Luis,39.30953267
2014,05,Antioquia,05670,San Roque,34.2768162
2014,05,Antioquia,05679,Santa Bárbara,7.71334314
2014,05,Antioquia,05690,Santo Domingo,82.641696
2014,05,Antioquia,05736,Segovia,1228.86952985
2014,05,Antioquia,05756,Sonsón,303.910284
2014,05,Antioquia,05789,Támesis,0.33709437
2014,05,Antioquia,05790,Tarazá,1217.54641343
2014,05,Antioquia,05809,Titiribí,21.44432213
2014,05,Antioquia,05847,Urrao,12.95666058
2014,05,Antioquia,05854,Valdivia,302.60651618
2014,05,Antioquia,05858,Vegachí,272.55179758
2014,05,Antioquia,05861,Venecia,39.88908199
2014,05,Antioquia,05873,Vigía del Fuerte,134.3475
2014,05,Antioquia,05885,Yalí,161.7340632
2014,05,Antioquia,05890,Yolombó,39.62171939
2014,05,Antioquia,05893,Yondó,80.7894731
2014,05,Antioquia,05895,Zaragoza,4890.26037518
2014,13,Bolívar,13030,Altos del Rosario,0.0
2014,13,Bolívar,13042,Arenal,66.71723889
2014,13,Bolívar,13074,Barranco de Loba,48.7125033
2014,13,Bolívar,13160,Cantagallo,0.0
2014,13,Bolívar,13300,Hatillo de Loba,4.5675
2014,13,Bolívar,13458,Montecristo,3225.4812729
2014,13,Bolívar,13473,Morales,43.8900003
2014,13,Bolívar,13490,Norosí,228.68743155
2014,13,Bolívar,13600,Río Viejo,268.41749085
2014,13,Bolívar,13655,San Jacinto del Cauca,16.82999985
2014,13,Bolívar,13667,San Martín de Loba,157.0724904
2014,13,Bolívar,13670,San Pablo,0.0
2014,13,Bolívar,13688,Santa Rosa del Sur,1707.11472611
2014,13,Bolívar,13744,Simití,1533.68409142
2014,13,Bolívar,13810,Tiquisio,108.59507703
2014,17,Caldas,17001,Manizales,10.755
2014,17,Caldas,17380,La Dorada,0.015288
2014,17,Caldas,17388,La Merced,3.10573411
2014,17,Caldas,17433,Manzanares,3.8775
2014,17,Caldas,17442,Marmato,4.52503006
2014,17,Caldas,17444,Marquetalia,2.6325
2014,17,Caldas,17495,Norcasia,43.82999985
2014,17,Caldas,17513,Pácora,49.995
2014,17,Caldas,17541,Pensilvania,59.14911747
2014,17,Caldas,17614,Riosucio,4.22532984
2014,17,Caldas,17662,Samaná,34.95350158
2014,17,Caldas,17777,Supía,0.43939165
2014,17,Caldas,17867,Victoria,17.332212
2014,18,Caquetá,18205,Curillo,0.0
2014,18,Caquetá,18610,San José del Fragua,4.77
2014,19,Cauca,19001,Popayán,4.00622341
2014,19,Cauca,19100,Bolívar,3.40748358
2014,19,Cauca,19110,Buenos Aires,102.74883469
2014,19,Cauca,19142,Caloto,23.04997974
2014,19,Cauca,19256,El Tambo,131.26829102
2014,19,Cauca,19300,Guachené,0.9564684
2014,19,Cauca,19318,Guapi,81.21584777
2014,19,Cauca,19355,Inzá,0.0
2014,19,Cauca,19392,La Sierra,107.07631164
2014,19,Cauca,19397,La Vega,2.71400538
2014,19,Cauca,19418,López de Micay,340.86961315
2014,19,Cauca,19450,Mercaderes,0.0
2014,19,Cauca,19473,Morales,0.0
2014,19,Cauca,19532,Patía,37.60976
2014,19,Cauca,19533,Piamonte,16.560576
2014,19,Cauca,19622,Rosas,3.73625999
2014,19,Cauca,19698,Santander de Quilichao,84.79682353
2014,19,Cauca,19701,Santa Rosa,0.0
2014,19,Cauca,19780,Suárez,10.40099638
2014,19,Cauca,19809,Timbiquí,457.75174642
2014,23,Córdoba,23068,Ayapel,3404.1749706
2014,23,Córdoba,23350,La Apartada,26.7083676
2014,23,Córdoba,23466,Montelíbano,5.82
2014,23,Córdoba,23580,Puerto Libertador,27.3225
2014,23,Córdoba,23682,San José de Uré,78.73736
2014,23,Córdoba,23807,Tierralta,2.2725
2014,27,Chocó,27001,Quibdó,2842.31757738
2014,27,Chocó,27006,Acandí,0.0
2014,27,Chocó,27025,Alto Baudó,30.3379296
2014,27,Chocó,27050,Atrato,540.95843946
2014,27,Chocó,27073,Bagadó,123.55919241
2014,27,Chocó,27077,Bajo Baudó,76.7836992
2014,27,Chocó,27099,Bojayá,118.3360122
2014,27,Chocó,27135,El Cantón del San Pablo,4023.38763194
2014,27,Chocó,27150,Carmen del Darién,7.378704
2014,27,Chocó,27160,Cértegui,1205.95816918
2014,27,Chocó,27205,Condoto,4587.22751028
2014,27,Chocó,27245,El Carmen de Atrato,50.01095877
2014,27,Chocó,27250,El Litoral del San Juan,4.635
2014,27,Chocó,27361,Istmina,4500.46308585
2014,27,Chocó,27413,Lloró,544.41678
2014,27,Chocó,27425,Medio Atrato,2405.42512182
2014,27,Chocó,27430,Medio Baudó,162.70823738
2014,27,Chocó,27450,Medio San Juan,1494.80321393
2014,27,Chocó,27491,Nóvita,5149.72619729
2014,27,Chocó,27495,Nuquí,11.5875
2014,27,Chocó,27580,Río Iró,823.88505242
2014,27,Chocó,27600,Río Quito,1594.32876726
2014,27,Chocó,27615,Riosucio,220.636296
2014,27,Chocó,27660,San José del Palmar,127.02201465
2014,27,Chocó,27745,Sipí,662.35900126
2014,27,Chocó,27787,Tadó,1355.72588233
2014,27,Chocó,27800,Unguía,90.8775
2014,27,Chocó,27810,Unión Panamericana,3430.09491458
2014,41,Huila,41357,Íquira,0.0
2014,41,Huila,41518,Paicol,10.69381606
2014,41,Huila,41797,Tesalia,4.12795552
2014,47,Magdalena,47245,El Banco,34.83
2014,52,Nariño,52079,Barbacoas,930.049115
2014,52,Nariño,52233,Cumbitara,0.0
2014,52,Nariño,52250,El Charco,89.19443674
2014,52,Nariño,52385,La Llanada,0.0
2014,52,Nariño,52418,Los Andes,0.0
2014,52,Nariño,52427,Magüí,356.56285195
2014,52,Nariño,52621,Roberto Payán,101.72199538
2014,52,Nariño,52678,Samaniego,0.0
2014,52,Nariño,52696,Santa Bárbara,146.35919252
2014,52,Nariño,52835,San Andrés de Tumaco,52.06640543
2014,66,Risaralda,66456,Mistrató,7.42778118
2014,66,Risaralda,66572,Pueblo Rico,2.205
2014,68,Santander,68132,California,81.36
2014,68,Santander,68780,Suratá,41.40000015
2014,68,Santander,68867,Vetas,41.77513743
2014,73,Tolima,73217,Coyaima,0.0
2014,76,Valle Del Cauca,76109,Buenaventura,1544.57936987
2014,76,Valle Del Cauca,76111,Guadalajara de Buga,0.0
2014,76,Valle Del Cauca,76122,Caicedonia,0.0
2014,76,Valle Del Cauca,76126,Calima,23.6475
2014,76,Valle Del Cauca,76233,Dagua,1.7775
2014,76,Valle Del Cauca,76670,San Pedro,0.0
2014,76,Valle Del Cauca,76736,Sevilla,0.0
2014,86,Putumayo,86001,Mocoa,29.80836081
2014,86,Putumayo,86219,Colón,2.11292896
2014,86,Putumayo,86320,Orito,121.5225
2014,86,Putumayo,86568,Puerto Asís,28.80601512
2014,86,Putumayo,86569,Puerto Caicedo,46.25183156
2014,86,Putumayo,86571,Puerto Guzmán,109.10679863
2014,86,Putumayo,86749,Sibundoy,6.35791055
2014,86,Putumayo,86885,Villagarzón,21.5325
2014,94,Guainía,94001,Inírida,0.0
2014,94,Guainía,94884,Puerto Colombia,12.465
2014,94,Guainía,94887,Pana Pana,24.75
2014,97,Vaupés,97666,Taraira,14.715
2016,05,Antioquia,05031,Amalfi,1030.8251624
2016,05,Antioquia,05034,Andes,1.56904403
2016,05,Antioquia,05036,Angelópolis,0.0
2016,05,Antioquia,05040,Anorí,1336.10744322
2016,05,Antioquia,05044,Anzá,0.0
2016,05,Antioquia,05055,Argelia,9.348966
2016,05,Antioquia,05059,Armenia,0.0
2016,05,Antioquia,05091,Betania,1.87345597
2016,05,Antioquia,05120,Cáceres,4095.72619726
2016,05,Antioquia,05134,Campamento,1.6392852
2016,05,Antioquia,05148,El Carmen de Viboral,0.0
2016,05,Antioquia,05154,Caucasia,1715.43005672
2016,05,Antioquia,05172,Chigorodó,75.30994444
2016,05,Antioquia,05209,Concordia,0.0
2016,05,Antioquia,05234,Dabeiba,9.2475
2016,05,Antioquia,05250,El Bagre,4376.82793594
2016,05,Antioquia,05284,Frontino,9.63490658
2016,05,Antioquia,05313,Granada,34.20014498
2016,05,Antioquia,05315,Guadalupe,0.0
2016,05,Antioquia,05361,Ituango,47.13750001
2016,05,Antioquia,05425,Maceo,0.0
2016,05,Antioquia,05440,Marinilla,0.0
2016,05,Antioquia,05475,Murindó,38.2725
2016,05,Antioquia,05480,Mutatá,109.91005555
2016,05,Antioquia,05483,Nariño,18.11132575
2016,05,Antioquia,05495,Nechí,5916.3373212
2016,05,Antioquia,05579,Puerto Berrío,42.78928692
2016,05,Antioquia,05585,Puerto Nare,112.70821308
2016,05,Antioquia,05591,Puerto Triunfo,2.61
2016,05,Antioquia,05604,Remedios,1442.43342224
2016,05,Antioquia,05652,San Francisco,0.0335826
2016,05,Antioquia,05660,San Luis,16.30127242
2016,05,Antioquia,05670,San Roque,2.69665787
2016,05,Antioquia,05679,Santa Bárbara,0.0
2016,05,Antioquia,05690,Santo Domingo,21.22084214
2016,05,Antioquia,05736,Segovia,1471.52842184
2016,05,Antioquia,05756,Sonsón,240.2805159
2016,05,Antioquia,05789,Támesis,0.0
2016,05,Antioquia,05790,Tarazá,1603.50925208
2016,05,Antioquia,05809,Titiribí,2.3175
2016,05,Antioquia,05847,Urrao,15.76759342
2016,05,Antioquia,05854,Valdivia,411.67296176
2016,05,Antioquia,05858,Vegachí,276.61876383
2016,05,Antioquia,05861,Venecia,0.0
2016,05,Antioquia,05873,Vigía del Fuerte,38.81249999
2016,05,Antioquia,05885,Yalí,67.17147046
2016,05,Antioquia,05890,Yolombó,5.5837386
2016,05,Antioquia,05893,Yondó,109.23738166
2016,05,Antioquia,05895,Zaragoza,6185.81408292
2016,13,Bolívar,13030,Altos del Rosario,0.0
2016,13,Bolívar,13042,Arenal,27.72000001
2016,13,Bolívar,13074,Barranco de Loba,79.71962679
2016,13,Bolívar,13160,Cantagallo,0.0
2016,13,Bolívar,13300,Hatillo de Loba,2.5425
2016,13,Bolívar,13458,Montecristo,3219.3267051
2016,13,Bolívar,13473,Morales,14.58
2016,13,Bolívar,13490,Norosí,291.91063265
2016,13,Bolívar,13600,Río Viejo,385.33460635
2016,13,Bolívar,13655,San Jacinto del Cauca,29.6325
2016,13,Bolívar,13667,San Martín de Loba,225.1328732
2016,13,Bolívar,13670,San Pablo,36.99838362
2016,13,Bolívar,13688,Santa Rosa del Sur,1872.91496151
2016,13,Bolívar,13744,Simití,1519.80749996
2016,13,Bolívar,13810,Tiquisio,113.96726104
2016,17,Caldas,17001,Manizales,0.0
2016,17,Caldas,17380,La Dorada,0.37865835
2016,17,Caldas,17388,La Merced,0.0
2016,17,Caldas,17433,Manzanares,0.0
2016,17,Caldas,17442,Marmato,0.0
2016,17,Caldas,17444,Marquetalia,0.0
2016,17,Caldas,17495,Norcasia,38.8094841
2016,17,Caldas,17513,Pácora,0.0
2016,17,Caldas,17541,Pensilvania,50.35500001
2016,17,Caldas,17614,Riosucio,4.32682725
2016,17,Caldas,17662,Samaná,7.77470825
2016,17,Caldas,17777,Supía,0.0
2016,17,Caldas,17867,Victoria,31.50384165
2016,18,Caquetá,18205,Curillo,4.59
2016,18,Caquetá,18610,San José del Fragua,49.70250001
2016,19,Cauca,19001,Popayán,0.0
2016,19,Cauca,19100,Bolívar,47.04995631
2016,19,Cauca,19110,Buenos Aires,72.79931437
2016,19,Cauca,19142,Caloto,26.6606169
2016,19,Cauca,19256,El Tambo,168.27559103
2016,19,Cauca,19300,Guachené,14.3343831
2016,19,Cauca,19318,Guapi,722.50802982
2016,19,Cauca,19355,Inzá,0.0
2016,19,Cauca,19392,La Sierra,94.57744263
2016,19,Cauca,19397,La Vega,2.025
2016,19,Cauca,19418,López de Micay,774.60239704
2016,19,Cauca,19450,Mercaderes,113.4200437
2016,19,Cauca,19473,Morales,6.7275
2016,19,Cauca,19532,Patía,63.09663562
2016,19,Cauca,19533,Piamonte,70.38
2016,19,Cauca,19622,Rosas,2.69043375
2016,19,Cauca,19698,Santander de Quilichao,55.20279265
2016,19,Cauca,19701,Santa Rosa,24.09749999
2016,19,Cauca,19780,Suárez,7.470393
2016,19,Cauca,19809,Timbiquí,1436.47947031
2016,23,Córdoba,23068,Ayapel,3454.46999996
2016,23,Córdoba,23350,La Apartada,29.00249999
2016,23,Córdoba,23466,Montelíbano,0.0
2016,23,Córdoba,23580,Puerto Libertador,0.0
2016,23,Córdoba,23682,San José de Uré,94.77955027
2016,23,Córdoba,23807,Tierralta,13.5
2016,27,Chocó,27001,Quibdó,2146.0428815
2016,27,Chocó,27006,Acandí,45.29250001
2016,27,Chocó,27025,Alto Baudó,0.0
2016,27,Chocó,27050,Atrato,763.54585147
2016,27,Chocó,27073,Bagadó,301.95839149
2016,27,Chocó,27077,Bajo Baudó,0.0
2016,27,Chocó,27099,Bojayá,54.18000001
2016,27,Chocó,27135,El Cantón del San Pablo,4384.68410293
2016,27,Chocó,27150,Carmen del Darién,0.0
2016,27,Chocó,27160,Cértegui,1129.19566905
2016,27,Chocó,27205,Condoto,2405.80187768
2016,27,Chocó,27245,El Carmen de Atrato,0.0
2016,27,Chocó,27250,El Litoral del San Juan,4.7475
2016,27,Chocó,27361,Istmina,4204.77587003
2016,27,Chocó,27413,Lloró,657.30491474
2016,27,Chocó,27425,Medio Atrato,2162.75524578
2016,27,Chocó,27430,Medio Baudó,9.49371761
2016,27,Chocó,27450,Medio San Juan,1279.60294299
2016,27,Chocó,27491,Nóvita,4796.80478615
2016,27,Chocó,27495,Nuquí,0.0
2016,27,Chocó,27580,Río Iró,533.05354592
2016,27,Chocó,27600,Río Quito,2732.48964856
2016,27,Chocó,27615,Riosucio,270.49499999
2016,27,Chocó,27660,San José del Palmar,217.1760012
2016,27,Chocó,27745,Sipí,648.78652623
2016,27,Chocó,27787,Tadó,1195.89008262
2016,27,Chocó,27800,Unguía,80.70750001
2016,27,Chocó,27810,Unión Panamericana,2998.89294416
2016,41,Huila,41357,Íquira,1.62000001
2016,41,Huila,41518,Paicol,0.36
2016,41,Huila,41797,Tesalia,1.4625
2016,47,Magdalena,47245,El Banco,0.0
2016,52,Nariño,52079,Barbacoas,1402.62178869
2016,52,Nariño,52233,Cumbitara,7.8574176
2016,52,Nariño,52250,El Charco,218.57215951
2016,52,Nariño,52385,La Llanada,0.0
2016,52,Nariño,52418,Los Andes,0.45924532
2016,52,Nariño,52427,Magüí,497.98212332
2016,52,Nariño,52621,Roberto Payán,105.14968031
2016,52,Nariño,52678,Samaniego,0.0
2016,52,Nariño,52696,Santa Bárbara,390.47529154
2016,52,Nariño,52835,San Andrés de Tumaco,54.38229382
2016,66,Risaralda,66456,Mistrató,9.08317275
2016,66,Risaralda,66572,Pueblo Rico,0.0
2016,68,Santander,68132,California,0.0
2016,68,Santander,68780,Suratá,0.0
2016,68,Santander,68867,Vetas,0.0
2016,73,Tolima,73217,Coyaima,0.0
2016,76,Valle Del Cauca,76109,Buenaventura,971.95500001
2016,76,Valle Del Cauca,76111,Guadalajara de Buga,7.80750001
2016,76,Valle Del Cauca,76122,Caicedonia,0.14558805
2016,76,Valle Del Cauca,76126,Calima,18.27000001
2016,76,Valle Del Cauca,76233,Dagua,8.37
2016,76,Valle Del Cauca,76670,San Pedro,3.24
2016,76,Valle Del Cauca,76736,Sevilla,13.19691195
2016,86,Putumayo,86001,Mocoa,44.29479157
2016,86,Putumayo,86219,Colón,0.0
2016,86,Putumayo,86320,Orito,87.83999999
2016,86,Putumayo,86568,Puerto Asís,0.0
2016,86,Putumayo,86569,Puerto Caicedo,101.58149879
2016,86,Putumayo,86571,Puerto Guzmán,266.46171959
2016,86,Putumayo,86749,Sibundoy,1.7325
2016,86,Putumayo,86885,Villagarzón,35.38949003
2016,94,Guainía,94001,Inírida,9.3825
2016,94,Guainía,94884,Puerto Colombia,50.31575026
2016,94,Guainía,94887,Pana Pana,57.14424975
2016,97,Vaupés,97666,Taraira,31.7025
2018,05,Antioquia,05031,Amalfi,1284.56635599
2018,05,Antioquia,05034,Andes,0.0
2018,05,Antioquia,05036,Angelópolis,0.0
2018,05,Antioquia,05040,Anorí,1688.27518138
2018,05,Antioquia,05044,Anzá,0.0
2018,05,Antioquia,05055,Argelia,0.0
2018,05,Antioquia,05059,Armenia,0.0
2018,05,Antioquia,05091,Betania,0.0
2018,05,Antioquia,05120,Cáceres,5239.52356062
2018,05,Antioquia,05134,Campamento,1.6392852
2018,05,Antioquia,05148,El Carmen de Viboral,0.0
2018,05,Antioquia,05154,Caucasia,1464.45419652
2018,05,Antioquia,05172,Chigorodó,82.56503084
2018,05,Antioquia,05209,Concordia,0.0
2018,05,Antioquia,05234,Dabeiba,7.8075
2018,05,Antioquia,05250,El Bagre,4348.59270006
2018,05,Antioquia,05284,Frontino,14.31490658
2018,05,Antioquia,05313,Granada,0.0
2018,05,Antioquia,05315,Guadalupe,0.0
2018,05,Antioquia,05361,Ituango,23.3775
2018,05,Antioquia,05425,Maceo,0.0
2018,05,Antioquia,05440,Marinilla,0.0
2018,05,Antioquia,05475,Murindó,0.0
2018,05,Antioquia,05480,Mutatá,151.32246913
2018,05,Antioquia,05483,Nariño,0.0
2018,05,Antioquia,05495,Nechí,6248.38568039
2018,05,Antioquia,05579,Puerto Berrío,63.26732269
2018,05,Antioquia,05585,Puerto Nare,155.02767731
2018,05,Antioquia,05591,Puerto Triunfo,0.0
2018,05,Antioquia,05604,Remedios,2139.86200959
2018,05,Antioquia,05652,San Francisco,0.0
2018,05,Antioquia,05660,San Luis,0.0
2018,05,Antioquia,05670,San Roque,0.0
2018,05,Antioquia,05679,Santa Bárbara,0.0
2018,05,Antioquia,05690,Santo Domingo,0.0
2018,05,Antioquia,05736,Segovia,1996.85875084
2018,05,Antioquia,05756,Sonsón,238.38750001
2018,05,Antioquia,05789,Támesis,0.0
2018,05,Antioquia,05790,Tarazá,1898.67500333
2018,05,Antioquia,05809,Titiribí,0.0
2018,05,Antioquia,05847,Urrao,18.42259342
2018,05,Antioquia,05854,Valdivia,521.20129323
2018,05,Antioquia,05858,Vegachí,365.09979623
2018,05,Antioquia,05861,Venecia,0.0
2018,05,Antioquia,05873,Vigía del Fuerte,56.47499999
2018,05,Antioquia,05885,Yalí,61.65129456
2018,05,Antioquia,05890,Yolombó,0.0
2018,05,Antioquia,05893,Yondó,148.07867094
2018,05,Antioquia,05895,Zaragoza,8229.19327019
2018,13,Bolívar,13030,Altos del Rosario,5.04
2018,13,Bolívar,13042,Arenal,25.9425
2018,13,Bolívar,13074,Barranco de Loba,175.90035681
2018,13,Bolívar,13160,Cantagallo,0.0
2018,13,Bolívar,13300,Hatillo de Loba,0.0
2018,13,Bolívar,13458,Montecristo,3070.46620249
2018,13,Bolívar,13473,Morales,0.0
2018,13,Bolívar,13490,Norosí,556.36502398
2018,13,Bolívar,13600,Río Viejo,604.96840625
2018,13,Bolívar,13655,San Jacinto del Cauca,11.475
2018,13,Bolívar,13667,San Martín de Loba,450.54464323
2018,13,Bolívar,13670,San Pablo,35.99680691
2018,13,Bolívar,13688,Santa Rosa del Sur,2328.10245929
2018,13,Bolívar,13744,Simití,1515.51000005
2018,13,Bolívar,13810,Tiquisio,132.34906976
2018,17,Caldas,17001,Manizales,0.0
2018,17,Caldas,17380,La Dorada,2.03116342
2018,17,Caldas,17388,La Merced,0.0
2018,17,Caldas,17433,Manzanares,0.0
2018,17,Caldas,17442,Marmato,0.0
2018,17,Caldas,17444,Marquetalia,0.0
2018,17,Caldas,17495,Norcasia,68.01133658
2018,17,Caldas,17513,Pácora,0.0
2018,17,Caldas,17541,Pensilvania,0.0
2018,17,Caldas,17614,Riosucio,0.0
2018,17,Caldas,17662,Samaná,0.0
2018,17,Caldas,17777,Supía,0.0
2018,17,Caldas,17867,Victoria,0.0
2018,18,Caquetá,18205,Curillo,0.0
2018,18,Caquetá,18610,San José del Fragua,50.22
2018,19,Cauca,19001,Popayán,0.0
2018,19,Cauca,19100,Bolívar,61.0416069
2018,19,Cauca,19110,Buenos Aires,44.67470737
2018,19,Cauca,19142,Caloto,0.0
2018,19,Cauca,19256,El Tambo,120.88952691
2018,19,Cauca,19300,Guachené,0.0
2018,19,Cauca,19318,Guapi,460.97146374
2018,19,Cauca,19355,Inzá,9.2025
2018,19,Cauca,19392,La Sierra,81.90501468
2018,19,Cauca,19397,La Vega,0.0
2018,19,Cauca,19418,López de Micay,585.43103152
2018,19,Cauca,19450,Mercaderes,128.70089309
2018,19,Cauca,19473,Morales,5.13
2018,19,Cauca,19532,Patía,55.7269269
2018,19,Cauca,19533,Piamonte,63.11250002
2018,19,Cauca,19622,Rosas,0.0
2018,19,Cauca,19698,Santander de Quilichao,55.92279263
2018,19,Cauca,19701,Santa Rosa,22.29750001
2018,19,Cauca,19780,Suárez,2.07
2018,19,Cauca,19809,Timbiquí,1306.58353628
2018,23,Córdoba,23068,Ayapel,3812.50612744
2018,23,Córdoba,23350,La Apartada,10.935
2018,23,Córdoba,23466,Montelíbano,0.0
2018,23,Córdoba,23580,Puerto Libertador,0.0
2018,23,Córdoba,23682,San José de Uré,132.77885526
2018,23,Córdoba,23807,Tierralta,26.235
2018,27,Chocó,27001,Quibdó,2223.37570212
2018,27,Chocó,27006,Acandí,62.1
2018,27,Chocó,27025,Alto Baudó,0.0
2018,27,Chocó,27050,Atrato,1063.08071142
2018,27,Chocó,27073,Bagadó,307.41334076
2018,27,Chocó,27077,Bajo Baudó,0.0
2018,27,Chocó,27099,Bojayá,0.0
2018,27,Chocó,27135,El Cantón del San Pablo,4803.91077251
2018,27,Chocó,27150,Carmen del Darién,2.61990585
2018,27,Chocó,27160,Cértegui,1445.92734176
2018,27,Chocó,27205,Condoto,2566.90096861
2018,27,Chocó,27245,El Carmen de Atrato,0.0
2018,27,Chocó,27250,El Litoral del San Juan,0.0
2018,27,Chocó,27361,Istmina,4384.77709253
2018,27,Chocó,27413,Lloró,688.44720995
2018,27,Chocó,27425,Medio Atrato,2069.11413319
2018,27,Chocó,27430,Medio Baudó,5.14925456
2018,27,Chocó,27450,Medio San Juan,1353.43681467
2018,27,Chocó,27491,Nóvita,5151.42070873
2018,27,Chocó,27495,Nuquí,0.0
2018,27,Chocó,27580,Río Iró,539.29838958
2018,27,Chocó,27600,Río Quito,3001.52042999
2018,27,Chocó,27615,Riosucio,320.14259416
2018,27,Chocó,27660,San José del Palmar,88.53749999
2018,27,Chocó,27745,Sipí,655.16161845
2018,27,Chocó,27787,Tadó,1269.59181203
2018,27,Chocó,27800,Unguía,85.68000001
2018,27,Chocó,27810,Unión Panamericana,3105.97119914
2018,41,Huila,41357,Íquira,0.0
2018,41,Huila,41518,Paicol,0.0
2018,41,Huila,41797,Tesalia,0.0
2018,47,Magdalena,47245,El Banco,0.0
2018,52,Nariño,52079,Barbacoas,1608.69793763
2018,52,Nariño,52233,Cumbitara,5.3711079
2018,52,Nariño,52250,El Charco,206.50585118
2018,52,Nariño,52385,La Llanada,16.71884325
2018,52,Nariño,52418,Los Andes,25.86213285
2018,52,Nariño,52427,Magüí,715.36274713
2018,52,Nariño,52621,Roberto Payán,104.42597128
2018,52,Nariño,52678,Samaniego,0.0
2018,52,Nariño,52696,Santa Bárbara,167.74824463
2018,52,Nariño,52835,San Andrés de Tumaco,70.63966411
2018,66,Risaralda,66456,Mistrató,0.0
2018,66,Risaralda,66572,Pueblo Rico,0.0
2018,68,Santander,68132,California,0.0
2018,68,Santander,68780,Suratá,0.0
2018,68,Santander,68867,Vetas,0.0
2018,73,Tolima,73217,Coyaima,0.0
2018,76,Valle Del Cauca,76109,Buenaventura,868.14000005
2018,76,Valle Del Cauca,76111,Guadalajara de Buga,0.0
2018,76,Valle Del Cauca,76122,Caicedonia,0.0
2018,76,Valle Del Cauca,76126,Calima,20.88000001
2018,76,Valle Del Cauca,76233,Dagua,0.0
2018,76,Valle Del Cauca,76670,San Pedro,0.0
2018,76,Valle Del Cauca,76736,Sevilla,0.0
2018,86,Putumayo,86001,Mocoa,40.18128614
2018,86,Putumayo,86219,Colón,0.0
2018,86,Putumayo,86320,Orito,56.87999999
2018,86,Putumayo,86568,Puerto Asís,8.055
2018,86,Putumayo,86569,Puerto Caicedo,91.12499999
2018,86,Putumayo,86571,Puerto Guzmán,213.21482668
2018,86,Putumayo,86749,Sibundoy,0.0
2018,86,Putumayo,86885,Villagarzón,27.80888722
2018,94,Guainía,94001,Inírida,0.0
2018,94,Guainía,94884,Puerto Colombia,57.86475965
2018,94,Guainía,94887,Pana Pana,80.93774033
2018,97,Vaupés,97666,Taraira,0.0
2019,05,Antioquia,05031,Amalfi,1419.0755743
2019,05,Antioquia,05034,Andes,0.0
2019,05,Antioquia,05036,Angelópolis,0.0
2019,05,Antioquia,05040,Anorí,1862.27681368
2019,05,Antioquia,05044,Anzá,0.0
2019,05,Antioquia,05055,Argelia,3.756435
2019,05,Antioquia,05059,Armenia,0.0
2019,05,Antioquia,05091,Betania,0.0
2019,05,Antioquia,05120,Cáceres,5592.17408188
2019,05,Antioquia,05134,Campamento,0.0
2019,05,Antioquia,05148,El Carmen de Viboral,0.0
2019,05,Antioquia,05154,Caucasia,1835.77493072
2019,05,Antioquia,05172,Chigorodó,54.16872445
2019,05,Antioquia,05209,Concordia,0.0
2019,05,Antioquia,05234,Dabeiba,4.5
2019,05,Antioquia,05250,El Bagre,5131.50549472
2019,05,Antioquia,05284,Frontino,0.0
2019,05,Antioquia,05313,Granada,0.0
2019,05,Antioquia,05315,Guadalupe,0.0
2019,05,Antioquia,05361,Ituango,0.0
2019,05,Antioquia,05425,Maceo,0.0
2019,05,Antioquia,05440,Marinilla,0.0
2019,05,Antioquia,05475,Murindó,0.0
2019,05,Antioquia,05480,Mutatá,175.82627556
2019,05,Antioquia,05483,Nariño,0.0
2019,05,Antioquia,05495,Nechí,7489.00569683
2019,05,Antioquia,05579,Puerto Berrío,143.06250293
2019,05,Antioquia,05585,Puerto Nare,176.00999708
2019,05,Antioquia,05591,Puerto Triunfo,0.0
2019,05,Antioquia,05604,Remedios,2038.07755588
2019,05,Antioquia,05652,San Francisco,0.0
2019,05,Antioquia,05660,San Luis,0.0
2019,05,Antioquia,05670,San Roque,0.0
2019,05,Antioquia,05679,Santa Bárbara,0.0
2019,05,Antioquia,05690,Santo Domingo,0.0
2019,05,Antioquia,05736,Segovia,2518.48359445
2019,05,Antioquia,05756,Sonsón,281.45250002
2019,05,Antioquia,05789,Támesis,0.0
2019,05,Antioquia,05790,Tarazá,1815.53612744
2019,05,Antioquia,05809,Titiribí,0.0
2019,05,Antioquia,05847,Urrao,0.0
2019,05,Antioquia,05854,Valdivia,501.80423273
2019,05,Antioquia,05858,Vegachí,409.04728639
2019,05,Antioquia,05861,Venecia,0.0
2019,05,Antioquia,05873,Vigía del Fuerte,37.0575
2019,05,Antioquia,05885,Yalí,52.60575526
2019,05,Antioquia,05890,Yolombó,0.0
2019,05,Antioquia,05893,Yondó,198.94775322
2019,05,Antioquia,05895,Zaragoza,8461.33645213
2019,13,Bolívar,13030,Altos del Rosario,8.0775
2019,13,Bolívar,13042,Arenal,20.9925
2019,13,Bolívar,13074,Barranco de Loba,208.75908399
2019,13,Bolívar,13160,Cantagallo,1.17
2019,13,Bolívar,13300,Hatillo de Loba,0.0
2019,13,Bolívar,13458,Montecristo,3458.84780008
2019,13,Bolívar,13473,Morales,0.0
2019,13,Bolívar,13490,Norosí,818.91903648
2019,13,Bolívar,13600,Río Viejo,622.10940895
2019,13,Bolívar,13655,San Jacinto del Cauca,12.7964796
2019,13,Bolívar,13667,San Martín de Loba,514.18841602
2019,13,Bolívar,13670,San Pablo,93.22429211
2019,13,Bolívar,13688,Santa Rosa del Sur,3031.3670123
2019,13,Bolívar,13744,Simití,1677.62249999
2019,13,Bolívar,13810,Tiquisio,173.88655456
2019,17,Caldas,17001,Manizales,0.0
2019,17,Caldas,17380,La Dorada,2.20990417
2019,17,Caldas,17388,La Merced,0.0
2019,17,Caldas,17433,Manzanares,0.0
2019,17,Caldas,17442,Marmato,0.0
2019,17,Caldas,17444,Marquetalia,0.0
2019,17,Caldas,17495,Norcasia,75.23383657
2019,17,Caldas,17513,Pácora,0.0
2019,17,Caldas,17541,Pensilvania,0.0
2019,17,Caldas,17614,Riosucio,0.0
2019,17,Caldas,17662,Samaná,0.158565
2019,17,Caldas,17777,Supía,0.0
2019,17,Caldas,17867,Victoria,39.26375925
2019,18,Caquetá,18205,Curillo,0.0
2019,18,Caquetá,18610,San José del Fragua,53.10000076
2019,19,Cauca,19001,Popayán,0.0
2019,19,Cauca,19100,Bolívar,38.93516572
2019,19,Cauca,19110,Buenos Aires,46.41924419
2019,19,Cauca,19142,Caloto,0.0
2019,19,Cauca,19256,El Tambo,45.60713296
2019,19,Cauca,19300,Guachené,0.0
2019,19,Cauca,19318,Guapi,459.96750002
2019,19,Cauca,19355,Inzá,0.0
2019,19,Cauca,19392,La Sierra,32.06638372
2019,19,Cauca,19397,La Vega,0.0
2019,19,Cauca,19418,López de Micay,535.26289318
2019,19,Cauca,19450,Mercaderes,87.7398346
2019,19,Cauca,19473,Morales,0.0
2019,19,Cauca,19532,Patía,5.31859013
2019,19,Cauca,19533,Piamonte,45.51750045
2019,19,Cauca,19622,Rosas,0.0
2019,19,Cauca,19698,Santander de Quilichao,58.18325582
2019,19,Cauca,19701,Santa Rosa,0.0
2019,19,Cauca,19780,Suárez,0.0
2019,19,Cauca,19809,Timbiquí,1342.17000002
2019,23,Córdoba,23068,Ayapel,4798.11862737
2019,23,Córdoba,23350,La Apartada,10.935
2019,23,Córdoba,23466,Montelíbano,0.0
2019,23,Córdoba,23580,Puerto Libertador,45.4275
2019,23,Córdoba,23682,San José de Uré,121.71444007
2019,23,Córdoba,23807,Tierralta,0.0
2019,27,Chocó,27001,Quibdó,1847.33883364
2019,27,Chocó,27006,Acandí,67.23000001
2019,27,Chocó,27025,Alto Baudó,0.0
2019,27,Chocó,27050,Atrato,979.76889861
2019,27,Chocó,27073,Bagadó,289.90834075
2019,27,Chocó,27077,Bajo Baudó,0.0
2019,27,Chocó,27099,Bojayá,0.0
2019,27,Chocó,27135,El Cantón del San Pablo,5069.25216793
2019,27,Chocó,27150,Carmen del Darién,1.62990585
2019,27,Chocó,27160,Cértegui,1544.83589099
2019,27,Chocó,27205,Condoto,2478.21086602
2019,27,Chocó,27245,El Carmen de Atrato,0.0
2019,27,Chocó,27250,El Litoral del San Juan,0.0
2019,27,Chocó,27361,Istmina,4503.0260058
2019,27,Chocó,27413,Lloró,620.10083529
2019,27,Chocó,27425,Medio Atrato,2112.3219264
2019,27,Chocó,27430,Medio Baudó,5.14925456
2019,27,Chocó,27450,Medio San Juan,1395.53562932
2019,27,Chocó,27491,Nóvita,5326.47614887
2019,27,Chocó,27495,Nuquí,0.0
2019,27,Chocó,27580,Río Iró,354.47391151
2019,27,Chocó,27600,Río Quito,3479.22749662
2019,27,Chocó,27615,Riosucio,243.50759417
2019,27,Chocó,27660,San José del Palmar,37.91249999
2019,27,Chocó,27745,Sipí,642.45682649
2019,27,Chocó,27787,Tadó,1004.53739044
2019,27,Chocó,27800,Unguía,37.6425
2019,27,Chocó,27810,Unión Panamericana,3064.90207694
2019,41,Huila,41357,Íquira,0.0
2019,41,Huila,41518,Paicol,0.0
2019,41,Huila,41797,Tesalia,0.0
2019,47,Magdalena,47245,El Banco,0.0
2019,52,Nariño,52079,Barbacoas,1670.4599461
2019,52,Nariño,52233,Cumbitara,0.0
2019,52,Nariño,52250,El Charco,220.72584936
2019,52,Nariño,52385,La Llanada,17.0774979
2019,52,Nariño,52418,Los Andes,19.41207851
2019,52,Nariño,52427,Magüí,902.70626413
2019,52,Nariño,52621,Roberto Payán,110.03597067
2019,52,Nariño,52678,Samaniego,0.0
2019,52,Nariño,52696,Santa Bárbara,174.7907448
2019,52,Nariño,52835,San Andrés de Tumaco,56.00914943
2019,66,Risaralda,66456,Mistrató,0.0
2019,66,Risaralda,66572,Pueblo Rico,0.0
2019,68,Santander,68132,California,0.0
2019,68,Santander,68780,Suratá,0.0
2019,68,Santander,68867,Vetas,0.0
2019,73,Tolima,73217,Coyaima,30.1275
2019,76,Valle Del Cauca,76109,Buenaventura,596.21713222
2019,76,Valle Del Cauca,76111,Guadalajara de Buga,0.0
2019,76,Valle Del Cauca,76122,Caicedonia,0.0
2019,76,Valle Del Cauca,76126,Calima,11.82286779
2019,76,Valle Del Cauca,76233,Dagua,0.0
2019,76,Valle Del Cauca,76670,San Pedro,0.0
2019,76,Valle Del Cauca,76736,Sevilla,0.0
2019,86,Putumayo,86001,Mocoa,33.34533074
2019,86,Putumayo,86219,Colón,0.0
2019,86,Putumayo,86320,Orito,39.89249972
2019,86,Putumayo,86568,Puerto Asís,8.34750029
2019,86,Putumayo,86569,Puerto Caicedo,60.90749879
2019,86,Putumayo,86571,Puerto Guzmán,123.81716673
2019,86,Putumayo,86749,Sibundoy,0.0
2019,86,Putumayo,86885,Villagarzón,24.79500137
2019,94,Guainía,94001,Inírida,12.015
2019,94,Guainía,94884,Puerto Colombia,45.26607541
2019,94,Guainía,94887,Pana Pana,77.5389258
2019,97,Vaupés,97666,Taraira,0.0
2020,05,Antioquia,05031,Amalfi,1423.05317411
2020,05,Antioquia,05034,Andes,0.0
2020,05,Antioquia,05036,Angelópolis,0.0
2020,05,Antioquia,05040,Anorí,1999.09147872
2020,05,Antioquia,05044,Anzá,0.0
2020,05,Antioquia,05055,Argelia,3.75643519
2020,05,Antioquia,05059,Armenia,0.0
2020,05,Antioquia,05091,Betania,0.0
2020,05,Antioquia,05120,Cáceres,5284.61018059
2020,05,Antioquia,05134,Campamento,0.0
2020,05,Antioquia,05148,El Carmen de Viboral,0.0
2020,05,Antioquia,05154,Caucasia,2047.18565965
2020,05,Antioquia,05172,Chigorodó,65.0069307
2020,05,Antioquia,05209,Concordia,0.0
2020,05,Antioquia,05234,Dabeiba,6.66
2020,05,Antioquia,05250,El Bagre,4842.97111262
2020,05,Antioquia,05284,Frontino,8.505
2020,05,Antioquia,05313,Granada,0.0
2020,05,Antioquia,05315,Guadalupe,0.0
2020,05,Antioquia,05361,Ituango,0.0
2020,05,Antioquia,05425,Maceo,0.0
2020,05,Antioquia,05440,Marinilla,0.0
2020,05,Antioquia,05475,Murindó,0.0
2020,05,Antioquia,05480,Mutatá,181.54806928
2020,05,Antioquia,05483,Nariño,0.0
2020,05,Antioquia,05495,Nechí,7996.42961872
2020,05,Antioquia,05579,Puerto Berrío,130.9800028
2020,05,Antioquia,05585,Puerto Nare,175.58249737
2020,05,Antioquia,05591,Puerto Triunfo,0.0
2020,05,Antioquia,05604,Remedios,2346.54131952
2020,05,Antioquia,05652,San Francisco,0.0
2020,05,Antioquia,05660,San Luis,0.0
2020,05,Antioquia,05670,San Roque,0.0
2020,05,Antioquia,05679,Santa Bárbara,0.0
2020,05,Antioquia,05690,Santo Domingo,0.0
2020,05,Antioquia,05736,Segovia,2479.3271385
2020,05,Antioquia,05756,Sonsón,282.15000005
2020,05,Antioquia,05789,Támesis,0.0
2020,05,Antioquia,05790,Tarazá,1649.11717047
2020,05,Antioquia,05809,Titiribí,0.0
2020,05,Antioquia,05847,Urrao,5.8725
2020,05,Antioquia,05854,Valdivia,426.19539963
2020,05,Antioquia,05858,Vegachí,402.01126344
2020,05,Antioquia,05861,Venecia,0.0
2020,05,Antioquia,05873,Vigía del Fuerte,73.19250001
2020,05,Antioquia,05885,Yalí,19.30302549
2020,05,Antioquia,05890,Yolombó,0.0
2020,05,Antioquia,05893,Yondó,198.55782143
2020,05,Antioquia,05895,Zaragoza,8841.93280174
2020,13,Bolívar,13030,Altos del Rosario,11.28663138
2020,13,Bolívar,13042,Arenal,74.81250001
2020,13,Bolívar,13074,Barranco de Loba,200.02074586
2020,13,Bolívar,13160,Cantagallo,0.0
2020,13,Bolívar,13300,Hatillo de Loba,0.0
2020,13,Bolívar,13458,Montecristo,3099.79422614
2020,13,Bolívar,13473,Morales,0.0
2020,13,Bolívar,13490,Norosí,872.89262249
2020,13,Bolívar,13600,Río Viejo,702.23507693
2020,13,Bolívar,13655,San Jacinto del Cauca,17.80115084
2020,13,Bolívar,13667,San Martín de Loba,511.86512274
2020,13,Bolívar,13670,San Pablo,133.46074508
2020,13,Bolívar,13688,Santa Rosa del Sur,2935.31771072
2020,13,Bolívar,13744,Simití,1877.78250005
2020,13,Bolívar,13810,Tiquisio,145.67230078
2020,17,Caldas,17001,Manizales,0.0
2020,17,Caldas,17380,La Dorada,2.20990489
2020,17,Caldas,17388,La Merced,0.0
2020,17,Caldas,17433,Manzanares,0.0
2020,17,Caldas,17442,Marmato,0.0
2020,17,Caldas,17444,Marquetalia,0.0
2020,17,Caldas,17495,Norcasia,70.17133626
2020,17,Caldas,17513,Pácora,0.0
2020,17,Caldas,17541,Pensilvania,0.0
2020,17,Caldas,17614,Riosucio,0.0
2020,17,Caldas,17662,Samaná,0.15856481
2020,17,Caldas,17777,Supía,0.0
2020,17,Caldas,17867,Victoria,39.26375561
2020,18,Caquetá,18205,Curillo,0.89278516
2020,18,Caquetá,18610,San José del Fragua,77.42971482
2020,19,Cauca,19001,Popayán,0.0
2020,19,Cauca,19100,Bolívar,41.26252863
2020,19,Cauca,19110,Buenos Aires,46.41924407
2020,19,Cauca,19142,Caloto,0.0
2020,19,Cauca,19256,El Tambo,27.78709416
2020,19,Cauca,19300,Guachené,0.0
2020,19,Cauca,19318,Guapi,449.39250003
2020,19,Cauca,19355,Inzá,0.0
2020,19,Cauca,19392,La Sierra,18.83290583
2020,19,Cauca,19397,La Vega,0.0
2020,19,Cauca,19418,López de Micay,570.42000402
2020,19,Cauca,19450,Mercaderes,91.32997138
2020,19,Cauca,19473,Morales,0.0
2020,19,Cauca,19532,Patía,0.135
2020,19,Cauca,19533,Piamonte,51.1425
2020,19,Cauca,19622,Rosas,0.0
2020,19,Cauca,19698,Santander de Quilichao,60.81575593
2020,19,Cauca,19701,Santa Rosa,27.8325
2020,19,Cauca,19780,Suárez,0.0
2020,19,Cauca,19809,Timbiquí,1421.93250001
2020,23,Córdoba,23068,Ayapel,4767.74362672
2020,23,Córdoba,23350,La Apartada,15.84
2020,23,Córdoba,23466,Montelíbano,0.0
2020,23,Córdoba,23580,Puerto Libertador,48.8475
2020,23,Córdoba,23682,San José de Uré,142.19037672
2020,23,Córdoba,23807,Tierralta,0.0
2020,27,Chocó,27001,Quibdó,2166.62177822
2020,27,Chocó,27006,Acandí,43.38000001
2020,27,Chocó,27025,Alto Baudó,0.0
2020,27,Chocó,27050,Atrato,1006.0921588
2020,27,Chocó,27073,Bagadó,334.99570418
2020,27,Chocó,27077,Bajo Baudó,0.0
2020,27,Chocó,27099,Bojayá,0.0
2020,27,Chocó,27135,El Cantón del San Pablo,5253.17466766
2020,27,Chocó,27150,Carmen del Darién,2.43671386
2020,27,Chocó,27160,Cértegui,1588.63529371
2020,27,Chocó,27205,Condoto,2522.49448172
2020,27,Chocó,27245,El Carmen de Atrato,0.0
2020,27,Chocó,27250,El Litoral del San Juan,0.0
2020,27,Chocó,27361,Istmina,4592.60569415
2020,27,Chocó,27413,Lloró,624.53333534
2020,27,Chocó,27425,Medio Atrato,2334.18822271
2020,27,Chocó,27430,Medio Baudó,5.14925558
2020,27,Chocó,27450,Medio San Juan,1427.62062589
2020,27,Chocó,27491,Nóvita,5321.69396769
2020,27,Chocó,27495,Nuquí,0.0
2020,27,Chocó,27580,Río Iró,396.53341171
2020,27,Chocó,27600,Río Quito,3810.18108295
2020,27,Chocó,27615,Riosucio,301.31328617
2020,27,Chocó,27660,San José del Palmar,36.3825
2020,27,Chocó,27745,Sipí,660.23748953
2020,27,Chocó,27787,Tadó,985.44536595
2020,27,Chocó,27800,Unguía,60.63749999
2020,27,Chocó,27810,Unión Panamericana,3077.34746383
2020,41,Huila,41357,Íquira,0.0
2020,41,Huila,41518,Paicol,0.0
2020,41,Huila,41797,Tesalia,0.0
2020,47,Magdalena,47245,El Banco,0.0
2020,52,Nariño,52079,Barbacoas,1646.34938698
2020,52,Nariño,52233,Cumbitara,0.0
2020,52,Nariño,52250,El Charco,251.23035105
2020,52,Nariño,52385,La Llanada,5.89365494
2020,52,Nariño,52418,Los Andes,34.00310035
2020,52,Nariño,52427,Magüí,1034.48774759
2020,52,Nariño,52621,Roberto Payán,124.34757125
2020,52,Nariño,52678,Samaniego,9.86000528
2020,52,Nariño,52696,Santa Bárbara,211.53324244
2020,52,Nariño,52835,San Andrés de Tumaco,56.43994018
2020,66,Risaralda,66456,Mistrató,0.0
2020,66,Risaralda,66572,Pueblo Rico,0.0
2020,68,Santander,68132,California,0.0
2020,68,Santander,68780,Suratá,0.0
2020,68,Santander,68867,Vetas,0.0
2020,73,Tolima,73217,Coyaima,27.09
2020,76,Valle Del Cauca,76109,Buenaventura,755.57249989
2020,76,Valle Del Cauca,76111,Guadalajara de Buga,0.0
2020,76,Valle Del Cauca,76122,Caicedonia,0.0
2020,76,Valle Del Cauca,76126,Calima,9.15749999
2020,76,Valle Del Cauca,76233,Dagua,0.0
2020,76,Valle Del Cauca,76670,San Pedro,0.0
2020,76,Valle Del Cauca,76736,Sevilla,0.0
2020,86,Putumayo,86001,Mocoa,46.45312673
2020,86,Putumayo,86219,Colón,0.0
2020,86,Putumayo,86320,Orito,48.26249998
2020,86,Putumayo,86568,Puerto Asís,8.94273429
2020,86,Putumayo,86569,Puerto Caicedo,72.28226571
2020,86,Putumayo,86571,Puerto Guzmán,192.31687315
2020,86,Putumayo,86749,Sibundoy,0.0
2020,86,Putumayo,86885,Villagarzón,36.31499999
2020,94,Guainía,94001,Inírida,12.555
2020,94,Guainía,94884,Puerto Colombia,73.27022168
2020,94,Guainía,94887,Pana Pana,98.98977836
2020,97,Vaupés,97666,Taraira,0.0
2021,05,Antioquia,05031,Amalfi,1328.71675445
2021,05,Antioquia,05034,Andes,0.0
2021,05,Antioquia,05036,Angelópolis,0.0
2021,05,Antioquia,05040,Anorí,1729.17582228
2021,05,Antioquia,05044,Anzá,0.0
2021,05,Antioquia,05055,Argelia,3.756435
2021,05,Antioquia,05059,Armenia,0.0
2021,05,Antioquia,05091,Betania,0.0
2021,05,Antioquia,05120,Cáceres,4971.58100407
2021,05,Antioquia,05134,Campamento,0.0
2021,05,Antioquia,05148,El Carmen de Viboral,0.0
2021,05,Antioquia,05154,Caucasia,2006.06342516
2021,05,Antioquia,05172,Chigorodó,23.16722092
2021,05,Antioquia,05209,Concordia,0.0
2021,05,Antioquia,05234,Dabeiba,12.9375
2021,05,Antioquia,05250,El Bagre,4569.13623267
2021,05,Antioquia,05284,Frontino,7.2675
2021,05,Antioquia,05313,Granada,0.0
2021,05,Antioquia,05315,Guadalupe,0.0
2021,05,Antioquia,05361,Ituango,0.0
2021,05,Antioquia,05425,Maceo,0.0
2021,05,Antioquia,05440,Marinilla,0.0
2021,05,Antioquia,05475,Murindó,0.0
2021,05,Antioquia,05480,Mutatá,172.62777909
2021,05,Antioquia,05483,Nariño,0.0
2021,05,Antioquia,05495,Nechí,7608.9683075
2021,05,Antioquia,05579,Puerto Berrío,116.72825651
2021,05,Antioquia,05585,Puerto Nare,161.97924348
2021,05,Antioquia,05591,Puerto Triunfo,0.0
2021,05,Antioquia,05604,Remedios,2210.86208824
2021,05,Antioquia,05652,San Francisco,0.0
2021,05,Antioquia,05660,San Luis,0.0
2021,05,Antioquia,05670,San Roque,0.0
2021,05,Antioquia,05679,Santa Bárbara,0.0
2021,05,Antioquia,05690,Santo Domingo,0.0
2021,05,Antioquia,05736,Segovia,1864.90701996
2021,05,Antioquia,05756,Sonsón,277.9425
2021,05,Antioquia,05789,Támesis,0.0
2021,05,Antioquia,05790,Tarazá,1518.61664202
2021,05,Antioquia,05809,Titiribí,0.0
2021,05,Antioquia,05847,Urrao,0.0
2021,05,Antioquia,05854,Valdivia,385.24292618
2021,05,Antioquia,05858,Vegachí,360.34645189
2021,05,Antioquia,05861,Venecia,0.0
2021,05,Antioquia,05873,Vigía del Fuerte,89.75250003
2021,05,Antioquia,05885,Yalí,62.23507681
2021,05,Antioquia,05890,Yolombó,2.2949232
2021,05,Antioquia,05893,Yondó,234.39516914
2021,05,Antioquia,05895,Zaragoza,7868.94520476
2021,13,Bolívar,13030,Altos del Rosario,11.9475
2021,13,Bolívar,13042,Arenal,49.005
2021,13,Bolívar,13074,Barranco de Loba,203.21463876
2021,13,Bolívar,13160,Cantagallo,0.0
2021,13,Bolívar,13300,Hatillo de Loba,0.0
2021,13,Bolívar,13458,Montecristo,2450.73997568
2021,13,Bolívar,13473,Morales,0.0
2021,13,Bolívar,13490,Norosí,963.00908647
2021,13,Bolívar,13600,Río Viejo,612.23763524
2021,13,Bolívar,13655,San Jacinto del Cauca,16.2225
2021,13,Bolívar,13667,San Martín de Loba,496.71536127
2021,13,Bolívar,13670,San Pablo,110.63263911
2021,13,Bolívar,13688,Santa Rosa del Sur,2409.19378143
2021,13,Bolívar,13744,Simití,2039.82749995
2021,13,Bolívar,13810,Tiquisio,109.46327831
2021,17,Caldas,17001,Manizales,0.0
2021,17,Caldas,17380,La Dorada,2.7185472
2021,17,Caldas,17388,La Merced,0.0
2021,17,Caldas,17433,Manzanares,0.0
2021,17,Caldas,17442,Marmato,0.0
2021,17,Caldas,17444,Marquetalia,0.0
2021,17,Caldas,17495,Norcasia,32.13000001
2021,17,Caldas,17513,Pácora,0.0
2021,17,Caldas,17541,Pensilvania,0.0
2021,17,Caldas,17614,Riosucio,0.0
2021,17,Caldas,17662,Samaná,0.158565
2021,17,Caldas,17777,Supía,0.0
2021,17,Caldas,17867,Victoria,33.8214528
2021,18,Caquetá,18205,Curillo,2.20295768
2021,18,Caquetá,18610,San José del Fragua,98.88954232
2021,19,Cauca,19001,Popayán,0.0
2021,19,Cauca,19100,Bolívar,44.06243767
2021,19,Cauca,19110,Buenos Aires,39.05111048
2021,19,Cauca,19142,Caloto,0.0
2021,19,Cauca,19256,El Tambo,30.42645088
2021,19,Cauca,19300,Guachené,0.0
2021,19,Cauca,19318,Guapi,554.025894
2021,19,Cauca,19355,Inzá,0.0
2021,19,Cauca,19392,La Sierra,20.15354912
2021,19,Cauca,19397,La Vega,0.0
2021,19,Cauca,19418,López de Micay,482.55749997
2021,19,Cauca,19450,Mercaderes,91.36506233
2021,19,Cauca,19473,Morales,0.0
2021,19,Cauca,19532,Patía,0.135
2021,19,Cauca,19533,Piamonte,45.54
2021,19,Cauca,19622,Rosas,0.0
2021,19,Cauca,19698,Santander de Quilichao,57.76638953
2021,19,Cauca,19701,Santa Rosa,0.0
2021,19,Cauca,19780,Suárez,0.0
2021,19,Cauca,19809,Timbiquí,1366.619106
2021,23,Córdoba,23068,Ayapel,4356.67669305
2021,23,Córdoba,23350,La Apartada,18.24749999
2021,23,Córdoba,23466,Montelíbano,0.0
2021,23,Córdoba,23580,Puerto Libertador,66.10499999
2021,23,Córdoba,23682,San José de Uré,138.81985043
2021,23,Córdoba,23807,Tierralta,0.0
2021,27,Chocó,27001,Quibdó,2237.93559433
2021,27,Chocó,27006,Acandí,51.6375
2021,27,Chocó,27025,Alto Baudó,0.0
2021,27,Chocó,27050,Atrato,1066.51628601
2021,27,Chocó,27073,Bagadó,336.98088062
2021,27,Chocó,27077,Bajo Baudó,0.0
2021,27,Chocó,27099,Bojayá,0.0
2021,27,Chocó,27135,El Cantón del San Pablo,5642.97300795
2021,27,Chocó,27150,Carmen del Darién,1.53990585
2021,27,Chocó,27160,Cértegui,1745.05761262
2021,27,Chocó,27205,Condoto,2669.41947688
2021,27,Chocó,27245,El Carmen de Atrato,0.0
2021,27,Chocó,27250,El Litoral del San Juan,0.0
2021,27,Chocó,27361,Istmina,4731.40125387
2021,27,Chocó,27413,Lloró,634.292251
2021,27,Chocó,27425,Medio Atrato,2465.82440568
2021,27,Chocó,27430,Medio Baudó,5.14925456
2021,27,Chocó,27450,Medio San Juan,1643.7457347
2021,27,Chocó,27491,Nóvita,5676.15668861
2021,27,Chocó,27495,Nuquí,0.0
2021,27,Chocó,27580,Río Iró,476.60542743
2021,27,Chocó,27600,Río Quito,4290.84806565
2021,27,Chocó,27615,Riosucio,273.70259417
2021,27,Chocó,27660,San José del Palmar,38.54249998
2021,27,Chocó,27745,Sipí,757.84476982
2021,27,Chocó,27787,Tadó,1006.97944062
2021,27,Chocó,27800,Unguía,84.2175
2021,27,Chocó,27810,Unión Panamericana,3142.48484987
2021,41,Huila,41357,Íquira,0.0
2021,41,Huila,41518,Paicol,0.0
2021,41,Huila,41797,Tesalia,0.0
2021,44,La Guajira,44090,Dibulla,1.9125
2021,47,Magdalena,47245,El Banco,0.0
2021,52,Nariño,52079,Barbacoas,1718.89186231
2021,52,Nariño,52233,Cumbitara,0.0
2021,52,Nariño,52250,El Charco,233.41635639
2021,52,Nariño,52385,La Llanada,2.676186
2021,52,Nariño,52418,Los Andes,94.95110712
2021,52,Nariño,52427,Magüí,1312.42482035
2021,52,Nariño,52621,Roberto Payán,122.56115014
2021,52,Nariño,52678,Samaniego,4.5885033
2021,52,Nariño,52696,Santa Bárbara,227.51504082
2021,52,Nariño,52835,San Andrés de Tumaco,46.50497355
2021,66,Risaralda,66456,Mistrató,0.0
2021,66,Risaralda,66572,Pueblo Rico,0.0
2021,68,Santander,68132,California,0.0
2021,68,Santander,68780,Suratá,0.0
2021,68,Santander,68867,Vetas,0.0
2021,73,Tolima,73217,Coyaima,28.1475
2021,76,Valle Del Cauca,76109,Buenaventura,566.30249999
2021,76,Valle Del Cauca,76111,Guadalajara de Buga,0.0
2021,76,Valle Del Cauca,76122,Caicedonia,0.0
2021,76,Valle Del Cauca,76126,Calima,9.1575
2021,76,Valle Del Cauca,76233,Dagua,0.0
2021,76,Valle Del Cauca,76670,San Pedro,0.0
2021,76,Valle Del Cauca,76736,Sevilla,0.0
2021,86,Putumayo,86001,Mocoa,71.48706306
2021,86,Putumayo,86219,Colón,0.0
2021,86,Putumayo,86320,Orito,51.6375
2021,86,Putumayo,86568,Puerto Asís,10.81635916
2021,86,Putumayo,86569,Puerto Caicedo,91.49114086
2021,86,Putumayo,86571,Puerto Guzmán,243.26543697
2021,86,Putumayo,86749,Sibundoy,0.0
2021,86,Putumayo,86885,Villagarzón,57.19499999
2021,94,Guainía,94001,Inírida,13.77
2021,94,Guainía,94884,Puerto Colombia,49.99160813
2021,94,Guainía,94887,Pana Pana,87.16839187
2021,97,Vaupés,97666,Taraira,0.0
2022,05,Antioquia,05031,Amalfi,960.005394
2022,05,Antioquia,05034,Andes,0.0
2022,05,Antioquia,05036,Angelópolis,0.0
2022,05,Antioquia,05038,Angostura,1.1925
2022,05,Antioquia,05040,Anorí,1338.50659408
2022,05,Antioquia,05044,Anzá,0.0
2022,05,Antioquia,05055,Argelia,0.0
2022,05,Antioquia,05059,Armenia,0.0
2022,05,Antioquia,05091,Betania,0.0
2022,05,Antioquia,05120,Cáceres,4935.7192048
2022,05,Antioquia,05134,Campamento,0.0
2022,05,Antioquia,05142,Caracolí,8.29999902
2022,05,Antioquia,05148,El Carmen de Viboral,0.0
2022,05,Antioquia,05154,Caucasia,2183.32435933
2022,05,Antioquia,05172,Chigorodó,0.0
2022,05,Antioquia,05209,Concordia,0.0
2022,05,Antioquia,05234,Dabeiba,0.0
2022,05,Antioquia,05250,El Bagre,4397.77306955
2022,05,Antioquia,05284,Frontino,0.0
2022,05,Antioquia,05313,Granada,0.0
2022,05,Antioquia,05315,Guadalupe,0.0
2022,05,Antioquia,05361,Ituango,0.0
2022,05,Antioquia,05425,Maceo,58.79500098
2022,05,Antioquia,05440,Marinilla,0.0
2022,05,Antioquia,05475,Murindó,0.0
2022,05,Antioquia,05480,Mutatá,154.54101642
2022,05,Antioquia,05483,Nariño,0.0
2022,05,Antioquia,05495,Nechí,7729.30906517
2022,05,Antioquia,05579,Puerto Berrío,125.1909355
2022,05,Antioquia,05585,Puerto Nare,155.04656449
2022,05,Antioquia,05591,Puerto Triunfo,0.0
2022,05,Antioquia,05604,Remedios,1484.75318715
2022,05,Antioquia,05652,San Francisco,0.0
2022,05,Antioquia,05660,San Luis,0.0
2022,05,Antioquia,05670,San Roque,5.84142142
2022,05,Antioquia,05679,Santa Bárbara,0.0
2022,05,Antioquia,05690,Santo Domingo,0.45857858
2022,05,Antioquia,05736,Segovia,1367.84245027
2022,05,Antioquia,05756,Sonsón,237.62250003
2022,05,Antioquia,05789,Támesis,0.0
2022,05,Antioquia,05790,Tarazá,1492.63400322
2022,05,Antioquia,05809,Titiribí,0.0
2022,05,Antioquia,05847,Urrao,0.0
2022,05,Antioquia,05854,Valdivia,375.00905967
2022,05,Antioquia,05858,Vegachí,327.14568065
2022,05,Antioquia,05861,Venecia,0.0
2022,05,Antioquia,05873,Vigía del Fuerte,68.28750001
2022,05,Antioquia,05885,Yalí,76.58380843
2022,05,Antioquia,05890,Yolombó,10.76119158
2022,05,Antioquia,05893,Yondó,188.10895068
2022,05,Antioquia,05895,Zaragoza,7648.82210621
2022,13,Bolívar,13030,Altos del Rosario,19.73077154
2022,13,Bolívar,13042,Arenal,55.3725
2022,13,Bolívar,13074,Barranco de Loba,293.03507932
2022,13,Bolívar,13160,Cantagallo,0.0
2022,13,Bolívar,13300,Hatillo de Loba,0.0
2022,13,Bolívar,13458,Montecristo,1578.81919166
2022,13,Bolívar,13473,Morales,0.0
2022,13,Bolívar,13490,Norosí,1070.87850317
2022,13,Bolívar,13600,Río Viejo,676.15343203
2022,13,Bolívar,13655,San Jacinto del Cauca,12.6675
2022,13,Bolívar,13667,San Martín de Loba,646.97164909
2022,13,Bolívar,13670,San Pablo,119.00249999
2022,13,Bolívar,13688,Santa Rosa del Sur,1026.86957644
2022,13,Bolívar,13744,Simití,2109.24000002
2022,13,Bolívar,13810,Tiquisio,160.13556481
2022,17,Caldas,17001,Manizales,0.0
2022,17,Caldas,17380,La Dorada,4.17447942
2022,17,Caldas,17388,La Merced,0.0
2022,17,Caldas,17433,Manzanares,0.0
2022,17,Caldas,17442,Marmato,0.0
2022,17,Caldas,17444,Marquetalia,0.0
2022,17,Caldas,17495,Norcasia,36.9
2022,17,Caldas,17513,Pácora,0.0
2022,17,Caldas,17541,Pensilvania,0.0
2022,17,Caldas,17614,Riosucio,0.0
2022,17,Caldas,17662,Samaná,0.0
2022,17,Caldas,17777,Supía,0.0
2022,17,Caldas,17867,Victoria,36.21302058
2022,18,Caquetá,18205,Curillo,2.72249999
2022,18,Caquetá,18610,San José del Fragua,130.85999999
2022,19,Cauca,19001,Popayán,0.0
2022,19,Cauca,19100,Bolívar,39.2046462
2022,19,Cauca,19110,Buenos Aires,39.34361035
2022,19,Cauca,19142,Caloto,0.0
2022,19,Cauca,19256,El Tambo,36.08760248
2022,19,Cauca,19300,Guachené,0.0
2022,19,Cauca,19318,Guapi,474.48437594
2022,19,Cauca,19355,Inzá,0.0
2022,19,Cauca,19392,La Sierra,18.40432325
2022,19,Cauca,19397,La Vega,0.0
2022,19,Cauca,19418,López de Micay,660.94057431
2022,19,Cauca,19450,Mercaderes,74.5103538
2022,19,Cauca,19473,Morales,0.0
2022,19,Cauca,19532,Patía,0.0
2022,19,Cauca,19533,Piamonte,63.22499999
2022,19,Cauca,19622,Rosas,0.0
2022,19,Cauca,19698,Santander de Quilichao,59.07138965
2022,19,Cauca,19701,Santa Rosa,0.0
2022,19,Cauca,19780,Suárez,0.0
2022,19,Cauca,19809,Timbiquí,1308.79812417
2022,23,Córdoba,23068,Ayapel,4876.35920558
2022,23,Córdoba,23350,La Apartada,30.33
2022,23,Córdoba,23466,Montelíbano,0.0
2022,23,Córdoba,23580,Puerto Libertador,74.92499999
2022,23,Córdoba,23682,San José de Uré,154.77390167
2022,23,Córdoba,23807,Tierralta,0.0
2022,27,Chocó,27001,Quibdó,2167.59653129
2022,27,Chocó,27006,Acandí,28.6425
2022,27,Chocó,27025,Alto Baudó,0.0
2022,27,Chocó,27050,Atrato,1038.55658847
2022,27,Chocó,27073,Bagadó,286.4626412
2022,27,Chocó,27077,Bajo Baudó,0.0
2022,27,Chocó,27099,Bojayá,0.0
2022,27,Chocó,27135,El Cantón del San Pablo,5900.0597982
2022,27,Chocó,27150,Carmen del Darién,0.0
2022,27,Chocó,27160,Cértegui,1825.11642547
2022,27,Chocó,27205,Condoto,2433.54882325
2022,27,Chocó,27245,El Carmen de Atrato,0.0
2022,27,Chocó,27250,El Litoral del San Juan,0.7425
2022,27,Chocó,27361,Istmina,4757.6839987
2022,27,Chocó,27413,Lloró,608.58795613
2022,27,Chocó,27425,Medio Atrato,2368.66911047
2022,27,Chocó,27430,Medio Baudó,8.3960334
2022,27,Chocó,27450,Medio San Juan,1570.46966222
2022,27,Chocó,27491,Nóvita,5344.76782626
2022,27,Chocó,27495,Nuquí,0.0
2022,27,Chocó,27580,Río Iró,461.35617873
2022,27,Chocó,27600,Río Quito,4360.53602595
2022,27,Chocó,27615,Riosucio,223.39148362
2022,27,Chocó,27660,San José del Palmar,25.245
2022,27,Chocó,27745,Sipí,665.26975262
2022,27,Chocó,27787,Tadó,775.77102388
2022,27,Chocó,27800,Unguía,45.1125
2022,27,Chocó,27810,Unión Panamericana,2944.64162376
2022,41,Huila,41357,Íquira,0.0
2022,41,Huila,41518,Paicol,0.0
2022,41,Huila,41797,Tesalia,0.0
2022,44,La Guajira,44090,Dibulla,6.165
2022,47,Magdalena,47245,El Banco,0.0
2022,52,Nariño,52079,Barbacoas,1828.11476097
2022,52,Nariño,52233,Cumbitara,0.0
2022,52,Nariño,52250,El Charco,274.69025611
2022,52,Nariño,52385,La Llanada,3.08118591
2022,52,Nariño,52418,Los Andes,117.22610643
2022,52,Nariño,52427,Magüí,1448.87660031
2022,52,Nariño,52621,Roberto Payán,173.81757625
2022,52,Nariño,52678,Samaniego,0.0
2022,52,Nariño,52696,Santa Bárbara,322.60003994
2022,52,Nariño,52835,San Andrés de Tumaco,67.42097412
2022,66,Risaralda,66456,Mistrató,0.0
2022,66,Risaralda,66572,Pueblo Rico,0.0
2022,68,Santander,68132,California,0.0
2022,68,Santander,68780,Suratá,0.0
2022,68,Santander,68867,Vetas,0.0
2022,73,Tolima,73067,Ataco,11.7675
2022,73,Tolima,73168,Chaparral,3.105
2022,73,Tolima,73217,Coyaima,26.55
2022,76,Valle Del Cauca,76109,Buenaventura,632.02500007
2022,76,Valle Del Cauca,76111,Guadalajara de Buga,0.0
2022,76,Valle Del Cauca,76122,Caicedonia,0.0
2022,76,Valle Del Cauca,76126,Calima,11.2275
2022,76,Valle Del Cauca,76233,Dagua,0.0
2022,76,Valle Del Cauca,76670,San Pedro,0.0
2022,76,Valle Del Cauca,76736,Sevilla,0.0
2022,86,Putumayo,86001,Mocoa,75.6053741
2022,86,Putumayo,86219,Colón,0.0
2022,86,Putumayo,86320,Orito,27.22500001
2022,86,Putumayo,86568,Puerto Asís,13.38135922
2022,86,Putumayo,86569,Puerto Caicedo,86.27114077
2022,86,Putumayo,86571,Puerto Guzmán,322.50962589
2022,86,Putumayo,86749,Sibundoy,0.0
2022,86,Putumayo,86885,Villagarzón,56.9925
2022,94,Guainía,94001,Inírida,16.4925
2022,94,Guainía,94884,Puerto Colombia,57.08250002
2022,94,Guainía,94887,Pana Pana,88.40250001
2022,97,Vaupés,97666,Taraira,0.0
2023,05,Antioquia,05031,Amalfi,1233.319479
2023,05,Antioquia,05034,Andes,0.0
2023,05,Antioquia,05036,Angelópolis,0.0
2023,05,Antioquia,05038,Angostura,0.0
2023,05,Antioquia,05040,Anorí,2014.378824
2023,05,Antioquia,05044,Anzá,0.0
2023,05,Antioquia,05055,Argelia,0.0
2023,05,Antioquia,05059,Armenia,0.0
2023,05,Antioquia,05091,Betania,0.0
2023,05,Antioquia,05120,Cáceres,5878.881897
2023,05,Antioquia,05134,Campamento,0.0
2023,05,Antioquia,05142,Caracolí,3.078401
2023,05,Antioquia,05148,El Carmen de Viboral,0.0
2023,05,Antioquia,05154,Caucasia,2834.999565
2023,05,Antioquia,05172,Chigorodó,0.0
2023,05,Antioquia,05209,Concordia,0.0
2023,05,Antioquia,05234,Dabeiba,0.0
2023,05,Antioquia,05250,El Bagre,5541.274203
2023,05,Antioquia,05284,Frontino,0.0
2023,05,Antioquia,05313,Granada,0.0
2023,05,Antioquia,05315,Guadalupe,0.0
2023,05,Antioquia,05361,Ituango,0.0
2023,05,Antioquia,05425,Maceo,17.106193
2023,05,Antioquia,05440,Marinilla,0.0
2023,05,Antioquia,05475,Murindó,0.0
2023,05,Antioquia,05480,Mutatá,149.737441
2023,05,Antioquia,05483,Nariño,0.0
2023,05,Antioquia,05495,Nechí,8152.449116
2023,05,Antioquia,05579,Puerto Berrío,165.215767
2023,05,Antioquia,05585,Puerto Nare,196.302924
2023,05,Antioquia,05591,Puerto Triunfo,0.0
2023,05,Antioquia,05604,Remedios,1536.100696
2023,05,Antioquia,05652,San Francisco,0.0
2023,05,Antioquia,05660,San Luis,0.0
2023,05,Antioquia,05670,San Roque,10.975335
2023,05,Antioquia,05679,Santa Bárbara,0.0
2023,05,Antioquia,05690,Santo Domingo,9.60232
2023,05,Antioquia,05736,Segovia,1498.619366
2023,05,Antioquia,05756,Sonsón,263.489919
2023,05,Antioquia,05789,Támesis,0.0
2023,05,Antioquia,05790,Tarazá,1844.677185
2023,05,Antioquia,05809,Titiribí,0.0
2023,05,Antioquia,05847,Urrao,0.0
2023,05,Antioquia,05854,Valdivia,368.675084
2023,05,Antioquia,05858,Vegachí,349.993766
2023,05,Antioquia,05861,Venecia,0.0
2023,05,Antioquia,05873,Vigía del Fuerte,67.056191
2023,05,Antioquia,05885,Yalí,110.497674
2023,05,Antioquia,05890,Yolombó,18.893481
2023,05,Antioquia,05893,Yondó,184.862216
2023,05,Antioquia,05895,Zaragoza,8668.760189
2023,13,Bolívar,13030,Altos del Rosario,8.758084
2023,13,Bolívar,13042,Arenal,50.932608
2023,13,Bolívar,13074,Barranco de Loba,340.16442
2023,13,Bolívar,13160,Cantagallo,0.0
2023,13,Bolívar,13300,Hatillo de Loba,0.0
2023,13,Bolívar,13458,Montecristo,1825.055257
2023,13,Bolívar,13473,Morales,0.0
2023,13,Bolívar,13490,Norosí,938.545055
2023,13,Bolívar,13600,Río Viejo,622.876021
2023,13,Bolívar,13655,San Jacinto del Cauca,20.316783
2023,13,Bolívar,13667,San Martín de Loba,723.447275
2023,13,Bolívar,13670,San Pablo,67.276907
2023,13,Bolívar,13688,Santa Rosa del Sur,796.373483
2023,13,Bolívar,13744,Simití,2202.483983
2023,13,Bolívar,13810,Tiquisio,245.14292
2023,17,Caldas,17001,Manizales,0.0
2023,17,Caldas,17380,La Dorada,4.511776
2023,17,Caldas,17388,La Merced,0.0
2023,17,Caldas,17433,Manzanares,0.0
2023,17,Caldas,17442,Marmato,0.0
2023,17,Caldas,17444,Marquetalia,0.0
2023,17,Caldas,17495,Norcasia,35.235
2023,17,Caldas,17513,Pácora,0.0
2023,17,Caldas,17541,Pensilvania,0.0
2023,17,Caldas,17614,Riosucio,0.0
2023,17,Caldas,17662,Samaná,0.0
2023,17,Caldas,17777,Supía,0.0
2023,17,Caldas,17867,Victoria,55.803774
2023,18,Caquetá,18205,Curillo,8.09765
2023,18,Caquetá,18610,San José del Fragua,173.240251
2023,19,Cauca,19001,Popayán,0.0
2023,19,Cauca,19100,Bolívar,40.552374
2023,19,Cauca,19110,Buenos Aires,31.239522
2023,19,Cauca,19142,Caloto,0.0
2023,19,Cauca,19256,El Tambo,44.31189
2023,19,Cauca,19300,Guachené,0.0
2023,19,Cauca,19318,Guapi,619.752887
2023,19,Cauca,19355,Inzá,0.0
2023,19,Cauca,19392,La Sierra,19.787815
2023,19,Cauca,19397,La Vega,0.0
2023,19,Cauca,19418,López de Micay,1185.509746
2023,19,Cauca,19450,Mercaderes,69.591646
2023,19,Cauca,19473,Morales,0.0
2023,19,Cauca,19532,Patía,0.0
2023,19,Cauca,19533,Piamonte,121.52315
2023,19,Cauca,19622,Rosas,0.0
2023,19,Cauca,19698,Santander de Quilichao,61.056577
2023,19,Cauca,19701,Santa Rosa,0.0
2023,19,Cauca,19780,Suárez,0.0
2023,19,Cauca,19809,Timbiquí,1368.477561
2023,23,Córdoba,23068,Ayapel,5289.603048
2023,23,Córdoba,23350,La Apartada,38.553808
2023,23,Córdoba,23466,Montelíbano,40.350581
2023,23,Córdoba,23580,Puerto Libertador,150.203852
2023,23,Córdoba,23682,San José de Uré,225.328514
2023,23,Córdoba,23807,Tierralta,0.0
2023,27,Chocó,27001,Quibdó,2269.347506
2023,27,Chocó,27006,Acandí,29.7225
2023,27,Chocó,27025,Alto Baudó,0.0
2023,27,Chocó,27050,Atrato,1068.439029
2023,27,Chocó,27073,Bagadó,265.113432
2023,27,Chocó,27077,Bajo Baudó,0.0
2023,27,Chocó,27099,Bojayá,0.0
2023,27,Chocó,27135,El Cantón del San Pablo,6396.882322
2023,27,Chocó,27150,Carmen del Darién,0.0
2023,27,Chocó,27160,Cértegui,1996.04592
2023,27,Chocó,27205,Condoto,2513.560677
2023,27,Chocó,27245,El Carmen de Atrato,0.0
2023,27,Chocó,27250,El Litoral del San Juan,0.0
2023,27,Chocó,27361,Istmina,4981.494328
2023,27,Chocó,27413,Lloró,616.586942
2023,27,Chocó,27425,Medio Atrato,2459.872964
2023,27,Chocó,27430,Medio Baudó,3.75586
2023,27,Chocó,27450,Medio San Juan,1679.577079
2023,27,Chocó,27491,Nóvita,5908.555288
2023,27,Chocó,27495,Nuquí,0.0
2023,27,Chocó,27580,Río Iró,448.189363
2023,27,Chocó,27600,Río Quito,4806.490509
2023,27,Chocó,27615,Riosucio,229.533817
2023,27,Chocó,27660,San José del Palmar,25.131429
2023,27,Chocó,27745,Sipí,642.756874
2023,27,Chocó,27787,Tadó,704.618088
2023,27,Chocó,27800,Unguía,59.779124
2023,27,Chocó,27810,Unión Panamericana,3003.387591
2023,41,Huila,41357,Íquira,0.0
2023,41,Huila,41518,Paicol,0.0
2023,41,Huila,41797,Tesalia,0.0
2023,44,La Guajira,44090,Dibulla,4.6125
2023,47,Magdalena,47245,El Banco,0.0
2023,52,Nariño,52079,Barbacoas,1818.311391
2023,52,Nariño,52233,Cumbitara,0.0
2023,52,Nariño,52250,El Charco,365.680822
2023,52,Nariño,52385,La Llanada,21.988607
2023,52,Nariño,52418,Los Andes,140.005737
2023,52,Nariño,52427,Magüí,1736.23534
2023,52,Nariño,52621,Roberto Payán,203.174858
2023,52,Nariño,52678,Samaniego,0.0
2023,52,Nariño,52696,Santa Bárbara,470.837163
2023,52,Nariño,52835,San Andrés de Tumaco,97.234719
2023,66,Risaralda,66456,Mistrató,0.0
2023,66,Risaralda,66572,Pueblo Rico,0.0
2023,68,Santander,68132,California,0.0
2023,68,Santander,68780,Suratá,0.0
2023,68,Santander,68867,Vetas,0.0
2023,73,Tolima,73067,Ataco,17.111242
2023,73,Tolima,73168,Chaparral,8.448758
2023,73,Tolima,73217,Coyaima,31.162935
2023,76,Valle Del Cauca,76109,Buenaventura,585.586555
2023,76,Valle Del Cauca,76111,Guadalajara de Buga,0.0
2023,76,Valle Del Cauca,76122,Caicedonia,0.0
2023,76,Valle Del Cauca,76126,Calima,5.891083
2023,76,Valle Del Cauca,76233,Dagua,0.0
2023,76,Valle Del Cauca,76670,San Pedro,0.0
2023,76,Valle Del Cauca,76736,Sevilla,0.0
2023,86,Putumayo,86001,Mocoa,84.746772
2023,86,Putumayo,86219,Colón,0.0
2023,86,Putumayo,86320,Orito,20.113569
2023,86,Putumayo,86568,Puerto Asís,25.77886
2023,86,Putumayo,86569,Puerto Caicedo,90.145583
2023,86,Putumayo,86571,Puerto Guzmán,406.264826
2023,86,Putumayo,86749,Sibundoy,0.0
2023,86,Putumayo,86885,Villagarzón,69.527232
2023,91,Amazonas,91798,Tarapacá,7.164658
2023,94,Guainía,94001,Inírida,19.9125
2023,94,Guainía,94884,Puerto Colombia,74.659164
2023,94,Guainía,94887,Pana Pana,103.267442
2023,97,Vaupés,97666,Taraira,0.0
