anio,codigo_departamento,departamento,evoa_ha
2014,05,Antioquia,26264.27005533
2014,13,Bolívar,7409.7698226
2014,17,Caldas,234.83560456
2014,18,Caquetá,4.77
2014,19,Cauca,1408.1692211
2014,23,Córdoba,3545.0356982
2014,27,Chocó,36184.95038919
2014,41,Huila,14.82177158
2014,47,Magdalena,34.83
2014,52,Nariño,1675.95399702
2014,66,Risaralda,9.63278118
2014,68,Santander,164.53513758
2014,73,Tolima,0.0
2014,76,Valle Del Cauca,1570.00436987
2014,86,Putumayo,365.49884563
2014,94,Guainía,37.215
2014,97,Vaupés,14.715
2016,05,Antioquia,30896.61620498
2016,13,Bolívar,7819.58755023
2016,17,Caldas,133.14851961
2016,18,Caquetá,54.29250001
2016,19,Cauca,3702.39750022
2016,23,Córdoba,3591.75205022
2016,27,Chocó,33023.67750013
2016,41,Huila,3.44250001
2016,47,Magdalena,0.0
2016,52,Nariño,2677.50000011
2016,66,Risaralda,9.08317275
2016,68,Santander,0.0
2016,73,Tolima,0.0
2016,76,Valle Del Cauca,1022.98500003
2016,86,Putumayo,537.29999997
2016,94,Guainía,116.84250001
2016,97,Vaupés,31.7025
2018,05,Antioquia,36447.02454904
2018,13,Bolívar,8912.66046877
2018,17,Caldas,70.0425
2018,18,Caquetá,50.22
2018,19,Cauca,3003.66000005
2018,23,Córdoba,3982.4549827
2018,27,Chocó,35193.57750001
2018,41,Huila,0.0
2018,47,Magdalena,0.0
2018,52,Nariño,2921.33249996
2018,66,Risaralda,0.0
2018,68,Santander,0.0
2018,73,Tolima,0.0
2018,76,Valle Del Cauca,889.02000006
2018,86,Putumayo,437.26500002
2018,94,Guainía,138.80249998
2018,97,Vaupés,0.0
2019,05,Antioquia,40201.48528467
2019,13,Bolívar,10641.96058408
2019,17,Caldas,116.86606499
2019,18,Caquetá,53.10000076
2019,19,Cauca,2697.18750081
2019,23,Córdoba,4976.19556744
2019,27,Chocó,35105.4450002
2019,41,Huila,0.0
2019,47,Magdalena,0.0
2019,52,Nariño,3171.2175009
2019,66,Risaralda,0.0
2019,68,Santander,0.0
2019,73,Tolima,30.1275
2019,76,Valle Del Cauca,608.04000001
2019,86,Putumayo,291.10499764
2019,94,Guainía,134.82000121
2019,97,Vaupés,0.0
2020,05,Antioquia,40889.58110003
2020,13,Bolívar,10582.94133302
2020,17,Caldas,111.80356157
2020,18,Caquetá,78.32249998
2020,19,Cauca,2807.30250406
2020,23,Córdoba,4974.62150344
2020,27,Chocó,36551.69999965
2020,41,Huila,0.0
2020,47,Magdalena,0.0
2020,52,Nariño,3374.14500006
2020,66,Risaralda,0.0
2020,68,Santander,0.0
2020,73,Tolima,27.09
2020,76,Valle Del Cauca,764.72999988
2020,86,Putumayo,404.57249985
2020,94,Guainía,184.81500004
2020,97,Vaupés,0.0
2021,05,Antioquia,37587.64598336
2021,13,Bolívar,9472.20889622
2021,17,Caldas,68.82856501
2021,18,Caquetá,101.0925
2021,19,Cauca,2731.70249998
2021,23,Córdoba,4579.84904346
2021,27,Chocó,38979.85500022
2021,41,Huila,0.0
2021,44,La Guajira,1.9125
2021,47,Magdalena,0.0
2021,52,Nariño,3763.52999998
2021,66,Risaralda,0.0
2021,68,Santander,0.0
2021,73,Tolima,28.1475
2021,76,Valle Del Cauca,575.45999999
2021,86,Putumayo,525.89250004
2021,94,Guainía,150.93
2021,97,Vaupés,0.0
2022,05,Antioquia,35331.57414124
2022,13,Bolívar,7768.87626807
2022,17,Caldas,77.2875
2022,18,Caquetá,133.58249998
2022,19,Cauca,2774.07000014
2022,23,Córdoba,5136.38810724
2022,27,Chocó,37840.62398362
2022,41,Huila,0.0
2022,44,La Guajira,6.165
2022,47,Magdalena,0.0
2022,52,Nariño,4235.82750004
2022,66,Risaralda,0.0
2022,68,Santander,0.0
2022,73,Tolima,41.4225
2022,76,Valle Del Cauca,643.25250007
2022,86,Putumayo,581.98499999
2022,94,Guainía,161.97750003
2022,97,Vaupés,0.0
2023,05,Antioquia,41118.947232
2023,13,Bolívar,7841.372796
2023,17,Caldas,95.55055
2023,18,Caquetá,181.337901
2023,19,Cauca,3561.803168
2023,23,Córdoba,5744.039803
2023,27,Chocó,40108.840642
2023,41,Huila,0.0
2023,44,La Guajira,4.6125
2023,47,Magdalena,0.0
2023,52,Nariño,4853.468637
2023,66,Risaralda,0.0
2023,68,Santander,0.0
2023,73,Tolima,56.722935
2023,76,Valle Del Cauca,591.477638
2023,86,Putumayo,696.576842
2023,91,Amazonas,7.164658
2023,94,Guainía,197.839106
2023,97,Vaupés,0.0
