anio,codigo_departamento,departamento,codigo_municipio,municipio,evoa_municipio_ha,evoa_nacional_anio_ha,participacion_pct
2014,05,Antioquia,05031,Amalfi,807.2031099,78939.00769384,1.02256556
2014,05,Antioquia,05034,Andes,1.54762249,78939.00769384,0.00196053
2014,05,Antioquia,05036,Angelópolis,29.14862844,78939.00769384,0.03692551
2014,05,Antioquia,05040,Anorí,1055.98376511,78939.00769384,1.3377211
2014,05,Antioquia,05044,Anzá,8.9976269,78939.00769384,0.0113982
2014,05,Antioquia,05055,Argelia,3.26168057,78939.00769384,0.0041319
2014,05,Antioquia,05059,Armenia,2.16335886,78939.00769384,0.00274054
2014,05,Antioquia,05091,Betania,1.87093866,78939.00769384,0.00237011
2014,05,Antioquia,05120,Cáceres,3357.15137524,78939.00769384,4.25284213
2014,05,Antioquia,05134,Campamento,83.27898075,78939.00769384,0.10549788
2014,05,Antioquia,05148,El Carmen de Viboral,0.29950022,78939.00769384,0.00037941
2014,05,Antioquia,05154,Caucasia,1276.94219591,78939.00769384,1.61763143
2014,05,Antioquia,05172,Chigorodó,29.1375,78939.00769384,0.03691141
2014,05,Antioquia,05209,Concordia,9.21073352,78939.00769384,0.01166816
2014,05,Antioquia,05234,Dabeiba,12.195,78939.00769384,0.01544864
2014,05,Antioquia,05250,El Bagre,3136.32129258,78939.00769384,3.9730944
2014,05,Antioquia,05284,Frontino,4.25214145,78939.00769384,0.00538662
2014,05,Antioquia,05313,Granada,29.30462959,78939.00769384,0.03712313
2014,05,Antioquia,05315,Guadalupe,0.0525,78939.00769384,6.651e-05
2014,05,Antioquia,05361,Ituango,84.78,78939.00769384,0.10739937
2014,05,Antioquia,05425,Maceo,0.1725,78939.00769384,0.00021852
2014,05,Antioquia,05440,Marinilla,2.74144877,78939.00769384,0.00347287
2014,05,Antioquia,05475,Murindó,132.6825,78939.00769384,0.1680823
2014,05,Antioquia,05483,Nariño,11.58190919,78939.00769384,0.01467197
2014,05,Antioquia,05495,Nechí,6199.86329159,78939.00769384,7.85399193
2014,05,Antioquia,05591,Puerto Triunfo,8.5725,78939.00769384,0.01085965
2014,05,Antioquia,05604,Remedios,1102.9048906,78939.00769384,1.39716082
2014,05,Antioquia,05652,San Francisco,1.842216,78939.00769384,0.00233372
2014,05,Antioquia,05660,San Luis,39.30953267,78939.00769384,0.04979735
2014,05,Antioquia,05670,San Roque,34.2768162,78939.00769384,0.0434219
2014,05,Antioquia,05679,Santa Bárbara,7.71334314,78939.00769384,0.00977127
2014,05,Antioquia,05690,Santo Domingo,82.641696,78939.00769384,0.10469057
2014,05,Antioquia,05736,Segovia,1228.86952985,78939.00769384,1.55673293
2014,05,Antioquia,05756,Sonsón,303.910284,78939.00769384,0.3849938
2014,05,Antioquia,05789,Támesis,0.33709437,78939.00769384,0.00042703
2014,05,Antioquia,05790,Tarazá,1217.54641343,78939.00769384,1.5423888
2014,05,Antioquia,05809,Titiribí,21.44432213,78939.00769384,0.02716568
2014,05,Antioquia,05847,Urrao,12.95666058,78939.00769384,0.01641351
2014,05,Antioquia,05854,Valdivia,302.60651618,78939.00769384,0.38334218
2014,05,Antioquia,05858,Vegachí,272.55179758,78939.00769384,0.34526884
2014,05,Antioquia,05861,Venecia,39.88908199,78939.00769384,0.05053152
2014,05,Antioquia,05873,Vigía del Fuerte,134.3475,78939.00769384,0.17019152
2014,05,Antioquia,05885,Yalí,161.7340632,78939.00769384,0.20488484
2014,05,Antioquia,05890,Yolombó,39.62171939,78939.00769384,0.05019283
2014,05,Antioquia,05893,Yondó,80.7894731,78939.00769384,0.10234417
2014,05,Antioquia,05895,Zaragoza,4890.26037518,78939.00769384,6.19498587
2014,13,Bolívar,13042,Arenal,66.71723889,78939.00769384,0.08451745
2014,13,Bolívar,13074,Barranco de Loba,48.7125033,78939.00769384,0.06170904
2014,13,Bolívar,13300,Hatillo de Loba,4.5675,78939.00769384,0.00578611
2014,13,Bolívar,13458,Montecristo,3225.4812729,78939.00769384,4.08604233
2014,13,Bolívar,13473,Morales,43.8900003,78939.00769384,0.05559989
2014,13,Bolívar,13490,Norosí,228.68743155,78939.00769384,0.28970143
2014,13,Bolívar,13600,Río Viejo,268.41749085,78939.00769384,0.3400315
2014,13,Bolívar,13655,San Jacinto del Cauca,16.82999985,78939.00769384,0.02132026
2014,13,Bolívar,13667,San Martín de Loba,157.0724904,78939.00769384,0.19897956
2014,13,Bolívar,13688,Santa Rosa del Sur,1707.11472611,78939.00769384,2.16257434
2014,13,Bolívar,13744,Simití,1533.68409142,78939.00769384,1.94287227
2014,13,Bolívar,13810,Tiquisio,108.59507703,78939.00769384,0.13756833
2014,17,Caldas,17001,Manizales,10.755,78939.00769384,0.01362444
2014,17,Caldas,17380,La Dorada,0.015288,78939.00769384,1.937e-05
2014,17,Caldas,17388,La Merced,3.10573411,78939.00769384,0.00393435
2014,17,Caldas,17433,Manzanares,3.8775,78939.00769384,0.00491202
2014,17,Caldas,17442,Marmato,4.52503006,78939.00769384,0.00573231
2014,17,Caldas,17444,Marquetalia,2.6325,78939.00769384,0.00333485
2014,17,Caldas,17495,Norcasia,43.82999985,78939.00769384,0.05552388
2014,17,Caldas,17513,Pácora,49.995,78939.00769384,0.06333371
2014,17,Caldas,17541,Pensilvania,59.14911747,78939.00769384,0.07493015
2014,17,Caldas,17614,Riosucio,4.22532984,78939.00769384,0.00535265
2014,17,Caldas,17662,Samaná,34.95350158,78939.00769384,0.04427912
2014,17,Caldas,17777,Supía,0.43939165,78939.00769384,0.00055662
2014,17,Caldas,17867,Victoria,17.332212,78939.00769384,0.02195646
2014,18,Caquetá,18610,San José del Fragua,4.77,78939.00769384,0.00604264
2014,19,Cauca,19001,Popayán,4.00622341,78939.00769384,0.00507509
2014,19,Cauca,19100,Bolívar,3.40748358,78939.00769384,0.0043166
2014,19,Cauca,19110,Buenos Aires,102.74883469,78939.00769384,0.13016231
2014,19,Cauca,19142,Caloto,23.04997974,78939.00769384,0.02919973
2014,19,Cauca,19256,El Tambo,131.26829102,78939.00769384,0.16629078
2014,19,Cauca,19300,Guachené,0.9564684,78939.00769384,0.00121165
2014,19,Cauca,19318,Guapi,81.21584777,78939.00769384,0.1028843
2014,19,Cauca,19392,La Sierra,107.07631164,78939.00769384,0.13564436
2014,19,Cauca,19397,La Vega,2.71400538,78939.00769384,0.0034381
2014,19,Cauca,19418,López de Micay,340.86961315,78939.00769384,0.43181391
2014,19,Cauca,19532,Patía,37.60976,78939.00769384,0.04764407
2014,19,Cauca,19533,Piamonte,16.560576,78939.00769384,0.02097895
2014,19,Cauca,19622,Rosas,3.73625999,78939.00769384,0.0047331
2014,19,Cauca,19698,Santander de Quilichao,84.79682353,78939.00769384,0.10742069
2014,19,Cauca,19780,Suárez,10.40099638,78939.00769384,0.01317599
2014,19,Cauca,19809,Timbiquí,457.75174642,78939.00769384,0.57988029
2014,23,Córdoba,23068,Ayapel,3404.1749706,78939.00769384,4.31241166
2014,23,Córdoba,23350,La Apartada,26.7083676,78939.00769384,0.03383418
2014,23,Córdoba,23466,Montelíbano,5.82,78939.00769384,0.00737278
2014,23,Córdoba,23580,Puerto Libertador,27.3225,78939.00769384,0.03461217
2014,23,Córdoba,23682,San José de Uré,78.73736,78939.00769384,0.09974455
2014,23,Córdoba,23807,Tierralta,2.2725,78939.00769384,0.0028788
2014,27,Chocó,27001,Quibdó,2842.31757738,78939.00769384,3.60065025
2014,27,Chocó,27025,Alto Baudó,30.3379296,78939.00769384,0.03843211
2014,27,Chocó,27050,Atrato,540.95843946,78939.00769384,0.6852866
2014,27,Chocó,27073,Bagadó,123.55919241,78939.00769384,0.15652489
2014,27,Chocó,27077,Bajo Baudó,76.7836992,78939.00769384,0.09726965
2014,27,Chocó,27099,Bojayá,118.3360122,78939.00769384,0.14990816
2014,27,Chocó,27135,El Cantón del San Pablo,4023.38763194,78939.00769384,5.09683077
2014,27,Chocó,27150,Carmen del Darién,7.378704,78939.00769384,0.00934735
2014,27,Chocó,27160,Cértegui,1205.95816918,78939.00769384,1.5277088
2014,27,Chocó,27205,Condoto,4587.22751028,78939.00769384,5.81110359
2014,27,Chocó,27245,El Carmen de Atrato,50.01095877,78939.00769384,0.06335392
2014,27,Chocó,27250,El Litoral del San Juan,4.635,78939.00769384,0.00587162
2014,27,Chocó,27361,Istmina,4500.46308585,78939.00769384,5.70119035
2014,27,Chocó,27413,Lloró,544.41678,78939.00769384,0.68966763
2014,27,Chocó,27425,Medio Atrato,2405.42512182,78939.00769384,3.04719453
2014,27,Chocó,27430,Medio Baudó,162.70823738,78939.00769384,0.20611893
2014,27,Chocó,27450,Medio San Juan,1494.80321393,78939.00769384,1.89361794
2014,27,Chocó,27491,Nóvita,5149.72619729,78939.00769384,6.52367739
2014,27,Chocó,27495,Nuquí,11.5875,78939.00769384,0.01467905
2014,27,Chocó,27580,Río Iró,823.88505242,78939.00769384,1.04369826
2014,27,Chocó,27600,Río Quito,1594.32876726,78939.00769384,2.019697
2014,27,Chocó,27615,Riosucio,220.636296,78939.00769384,0.27950224
2014,27,Chocó,27660,San José del Palmar,127.02201465,78939.00769384,0.16091159
2014,27,Chocó,27745,Sipí,662.35900126,78939.00769384,0.83907693
2014,27,Chocó,27787,Tadó,1355.72588233,78939.00769384,1.71743466
2014,27,Chocó,27800,Unguía,90.8775,78939.00769384,0.11512369
2014,27,Chocó,27810,Unión Panamericana,3430.09491458,78939.00769384,4.34524706
2014,41,Huila,41518,Paicol,10.69381606,78939.00769384,0.01354693
2014,41,Huila,41797,Tesalia,4.12795552,78939.00769384,0.0052293
2014,47,Magdalena,47245,El Banco,34.83,78939.00769384,0.04412267
2014,52,Nariño,52079,Barbacoas,930.049115,78939.00769384,1.17818699
2014,52,Nariño,52250,El Charco,89.19443674,78939.00769384,0.11299159
2014,52,Nariño,52427,Magüí,356.56285195,78939.00769384,0.45169411
2014,52,Nariño,52621,Roberto Payán,101.72199538,78939.00769384,0.12886151
2014,52,Nariño,52696,Santa Bárbara,146.35919252,78939.00769384,0.18540795
2014,52,Nariño,52835,San Andrés de Tumaco,52.06640543,78939.00769384,0.06595777
2014,66,Risaralda,66456,Mistrató,7.42778118,78939.00769384,0.00940952
2014,66,Risaralda,66572,Pueblo Rico,2.205,78939.00769384,0.0027933
2014,68,Santander,68132,California,81.36,78939.00769384,0.10306692
2014,68,Santander,68780,Suratá,41.40000015,78939.00769384,0.05244555
2014,68,Santander,68867,Vetas,41.77513743,78939.00769384,0.05292078
2014,76,Valle Del Cauca,76109,Buenaventura,1544.57936987,78939.00769384,1.95667442
2014,76,Valle Del Cauca,76126,Calima,23.6475,78939.00769384,0.02995667
2014,76,Valle Del Cauca,76233,Dagua,1.7775,78939.00769384,0.00225174
2014,86,Putumayo,86001,Mocoa,29.80836081,78939.00769384,0.03776126
2014,86,Putumayo,86219,Colón,2.11292896,78939.00769384,0.00267666
2014,86,Putumayo,86320,Orito,121.5225,78939.00769384,0.1539448
2014,86,Putumayo,86568,Puerto Asís,28.80601512,78939.00769384,0.03649148
2014,86,Putumayo,86569,Puerto Caicedo,46.25183156,78939.00769384,0.05859186
2014,86,Putumayo,86571,Puerto Guzmán,109.10679863,78939.00769384,0.13821658
2014,86,Putumayo,86749,Sibundoy,6.35791055,78939.00769384,0.00805421
2014,86,Putumayo,86885,Villagarzón,21.5325,78939.00769384,0.02727739
2014,94,Guainía,94884,Puerto Colombia,12.465,78939.00769384,0.01579067
2014,94,Guainía,94887,Pana Pana,24.75,78939.00769384,0.03135332
2014,97,Vaupés,97666,Taraira,14.715,78939.00769384,0.01864097
2016,05,Antioquia,05031,Amalfi,1030.8251624,83620.32749828,1.23274471
2016,05,Antioquia,05034,Andes,1.56904403,83620.32749828,0.00187639
2016,05,Antioquia,05040,Anorí,1336.10744322,83620.32749828,1.59782613
2016,05,Antioquia,05055,Argelia,9.348966,83620.32749828,0.01118026
2016,05,Antioquia,05091,Betania,1.87345597,83620.32749828,0.00224043
2016,05,Antioquia,05120,Cáceres,4095.72619726,83620.32749828,4.89800306
2016,05,Antioquia,05134,Campamento,1.6392852,83620.32749828,0.00196039
2016,05,Antioquia,05154,Caucasia,1715.43005672,83620.32749828,2.05145101
2016,05,Antioquia,05172,Chigorodó,75.30994444,83620.32749828,0.09006177
2016,05,Antioquia,05234,Dabeiba,9.2475,83620.32749828,0.01105891
2016,05,Antioquia,05250,El Bagre,4376.82793594,83620.32749828,5.23416742
2016,05,Antioquia,05284,Frontino,9.63490658,83620.32749828,0.01152221
2016,05,Antioquia,05313,Granada,34.20014498,83620.32749828,0.04089932
2016,05,Antioquia,05361,Ituango,47.13750001,83620.32749828,0.05637086
2016,05,Antioquia,05475,Murindó,38.2725,83620.32749828,0.04576937
2016,05,Antioquia,05480,Mutatá,109.91005555,83620.32749828,0.1314394
2016,05,Antioquia,05483,Nariño,18.11132575,83620.32749828,0.021659
2016,05,Antioquia,05495,Nechí,5916.3373212,83620.32749828,7.07523816
2016,05,Antioquia,05579,Puerto Berrío,42.78928692,83620.32749828,0.05117092
2016,05,Antioquia,05585,Puerto Nare,112.70821308,83620.32749828,0.13478566
2016,05,Antioquia,05591,Puerto Triunfo,2.61,83620.32749828,0.00312125
2016,05,Antioquia,05604,Remedios,1442.43342224,83620.32749828,1.7249794
2016,05,Antioquia,05652,San Francisco,0.0335826,83620.32749828,4.016e-05
2016,05,Antioquia,05660,San Luis,16.30127242,83620.32749828,0.01949439
2016,05,Antioquia,05670,San Roque,2.69665787,83620.32749828,0.00322488
2016,05,Antioquia,05690,Santo Domingo,21.22084214,83620.32749828,0.02537761
2016,05,Antioquia,05736,Segovia,1471.52842184,83620.32749828,1.75977357
2016,05,Antioquia,05756,Sonsón,240.2805159,83620.32749828,0.28734702
2016,05,Antioquia,05790,Tarazá,1603.50925208,83620.32749828,1.917607
2016,05,Antioquia,05809,Titiribí,2.3175,83620.32749828,0.00277146
2016,05,Antioquia,05847,Urrao,15.76759342,83620.32749828,0.01885617
2016,05,Antioquia,05854,Valdivia,411.67296176,83620.32749828,0.49231207
2016,05,Antioquia,05858,Vegachí,276.61876383,83620.32749828,0.33080325
2016,05,Antioquia,05873,Vigía del Fuerte,38.81249999,83620.32749828,0.04641515
2016,05,Antioquia,05885,Yalí,67.17147046,83620.32749828,0.08032912
2016,05,Antioquia,05890,Yolombó,5.5837386,83620.32749828,0.00667749
2016,05,Antioquia,05893,Yondó,109.23738166,83620.32749828,0.13063496
2016,05,Antioquia,05895,Zaragoza,6185.81408292,83620.32749828,7.39750043
2016,13,Bolívar,13042,Arenal,27.72000001,83620.32749828,0.03314983
2016,13,Bolívar,13074,Barranco de Loba,79.71962679,83620.32749828,0.09533522
2016,13,Bolívar,13300,Hatillo de Loba,2.5425,83620.32749828,0.00304053
2016,13,Bolívar,13458,Montecristo,3219.3267051,83620.32749828,3.84993315
2016,13,Bolívar,13473,Morales,14.58,83620.32749828,0.01743595
2016,13,Bolívar,13490,Norosí,291.91063265,83620.32749828,0.34909052
2016,13,Bolívar,13600,Río Viejo,385.33460635,83620.32749828,0.46081451
2016,13,Bolívar,13655,San Jacinto del Cauca,29.6325,83620.32749828,0.03543696
2016,13,Bolívar,13667,San Martín de Loba,225.1328732,83620.32749828,0.26923223
2016,13,Bolívar,13670,San Pablo,36.99838362,83620.32749828,0.04424568
2016,13,Bolívar,13688,Santa Rosa del Sur,1872.91496151,83620.32749828,2.23978429
2016,13,Bolívar,13744,Simití,1519.80749996,83620.32749828,1.81750962
2016,13,Bolívar,13810,Tiquisio,113.96726104,83620.32749828,0.13629134
2016,17,Caldas,17380,La Dorada,0.37865835,83620.32749828,0.00045283
2016,17,Caldas,17495,Norcasia,38.8094841,83620.32749828,0.04641154
2016,17,Caldas,17541,Pensilvania,50.35500001,83620.32749828,0.06021861
2016,17,Caldas,17614,Riosucio,4.32682725,83620.32749828,0.00517437
2016,17,Caldas,17662,Samaná,7.77470825,83620.32749828,0.00929763
2016,17,Caldas,17867,Victoria,31.50384165,83620.32749828,0.03767486
2016,18,Caquetá,18205,Curillo,4.59,83620.32749828,0.0054891
2016,18,Caquetá,18610,San José del Fragua,49.70250001,83620.32749828,0.0594383
2016,19,Cauca,19100,Bolívar,47.04995631,83620.32749828,0.05626617
2016,19,Cauca,19110,Buenos Aires,72.79931437,83620.32749828,0.08705935
2016,19,Cauca,19142,Caloto,26.6606169,83620.32749828,0.03188294
2016,19,Cauca,19256,El Tambo,168.27559103,83620.32749828,0.20123766
2016,19,Cauca,19300,Guachené,14.3343831,83620.32749828,0.01714222
2016,19,Cauca,19318,Guapi,722.50802982,83620.32749828,0.86403396
2016,19,Cauca,19392,La Sierra,94.57744263,83620.32749828,0.11310341
2016,19,Cauca,19397,La Vega,2.025,83620.32749828,0.00242166
2016,19,Cauca,19418,López de Micay,774.60239704,83620.32749828,0.92633265
2016,19,Cauca,19450,Mercaderes,113.4200437,83620.32749828,0.13563693
2016,19,Cauca,19473,Morales,6.7275,83620.32749828,0.00804529
2016,19,Cauca,19532,Patía,63.09663562,83620.32749828,0.0754561
2016,19,Cauca,19533,Piamonte,70.38,83620.32749828,0.08416614
2016,19,Cauca,19622,Rosas,2.69043375,83620.32749828,0.00321744
2016,19,Cauca,19698,Santander de Quilichao,55.20279265,83620.32749828,0.066016
2016,19,Cauca,19701,Santa Rosa,24.09749999,83620.32749828,0.02881775
2016,19,Cauca,19780,Suárez,7.470393,83620.32749828,0.0089337
2016,19,Cauca,19809,Timbiquí,1436.47947031,83620.32749828,1.71785918
2016,23,Córdoba,23068,Ayapel,3454.46999996,83620.32749828,4.13113665
2016,23,Córdoba,23350,La Apartada,29.00249999,83620.32749828,0.03468355
2016,23,Córdoba,23682,San José de Uré,94.77955027,83620.32749828,0.11334511
2016,23,Córdoba,23807,Tierralta,13.5,83620.32749828,0.0161444
2016,27,Chocó,27001,Quibdó,2146.0428815,83620.32749828,2.56641291
2016,27,Chocó,27006,Acandí,45.29250001,83620.32749828,0.05416446
2016,27,Chocó,27050,Atrato,763.54585147,83620.32749828,0.91311033
2016,27,Chocó,27073,Bagadó,301.95839149,83620.32749828,0.36110644
2016,27,Chocó,27099,Bojayá,54.18000001,83620.32749828,0.06479286
2016,27,Chocó,27135,El Cantón del San Pablo,4384.68410293,83620.32749828,5.24356246
2016,27,Chocó,27160,Cértegui,1129.19566905,83620.32749828,1.35038417
2016,27,Chocó,27205,Condoto,2405.80187768,83620.32749828,2.87705388
2016,27,Chocó,27250,El Litoral del San Juan,4.7475,83620.32749828,0.00567745
2016,27,Chocó,27361,Istmina,4204.77587003,83620.32749828,5.02841354
2016,27,Chocó,27413,Lloró,657.30491474,83620.32749828,0.78605877
2016,27,Chocó,27425,Medio Atrato,2162.75524578,83620.32749828,2.58639892
2016,27,Chocó,27430,Medio Baudó,9.49371761,83620.32749828,0.01135336
2016,27,Chocó,27450,Medio San Juan,1279.60294299,83620.32749828,1.53025345
2016,27,Chocó,27491,Nóvita,4796.80478615,83620.32749828,5.73640995
2016,27,Chocó,27580,Río Iró,533.05354592,83620.32749828,0.63746886
2016,27,Chocó,27600,Río Quito,2732.48964856,83620.32749828,3.26773373
2016,27,Chocó,27615,Riosucio,270.49499999,83620.32749828,0.32347996
2016,27,Chocó,27660,San José del Palmar,217.1760012,83620.32749828,0.25971676
2016,27,Chocó,27745,Sipí,648.78652623,83620.32749828,0.77587178
2016,27,Chocó,27787,Tadó,1195.89008262,83620.32749828,1.43014279
2016,27,Chocó,27800,Unguía,80.70750001,83620.32749828,0.0965166
2016,27,Chocó,27810,Unión Panamericana,2998.89294416,83620.32749828,3.5863205
2016,41,Huila,41357,Íquira,1.62000001,83620.32749828,0.00193733
2016,41,Huila,41518,Paicol,0.36,83620.32749828,0.00043052
2016,41,Huila,41797,Tesalia,1.4625,83620.32749828,0.00174898
2016,52,Nariño,52079,Barbacoas,1402.62178869,83620.32749828,1.6773694
2016,52,Nariño,52233,Cumbitara,7.8574176,83620.32749828,0.00939654
2016,52,Nariño,52250,El Charco,218.57215951,83620.32749828,0.26138639
2016,52,Nariño,52418,Los Andes,0.45924532,83620.32749828,0.0005492
2016,52,Nariño,52427,Magüí,497.98212332,83620.32749828,0.59552759
2016,52,Nariño,52621,Roberto Payán,105.14968031,83620.32749828,0.12574655
2016,52,Nariño,52696,Santa Bárbara,390.47529154,83620.32749828,0.46696216
2016,52,Nariño,52835,San Andrés de Tumaco,54.38229382,83620.32749828,0.06503478
2016,66,Risaralda,66456,Mistrató,9.08317275,83620.32749828,0.0108624
2016,76,Valle Del Cauca,76109,Buenaventura,971.95500001,83620.32749828,1.16234297
2016,76,Valle Del Cauca,76111,Guadalajara de Buga,7.80750001,83620.32749828,0.00933684
2016,76,Valle Del Cauca,76122,Caicedonia,0.14558805,83620.32749828,0.00017411
2016,76,Valle Del Cauca,76126,Calima,18.27000001,83620.32749828,0.02184875
2016,76,Valle Del Cauca,76233,Dagua,8.37,83620.32749828,0.01000953
2016,76,Valle Del Cauca,76670,San Pedro,3.24,83620.32749828,0.00387466
2016,76,Valle Del Cauca,76736,Sevilla,13.19691195,83620.32749828,0.01578194
2016,86,Putumayo,86001,Mocoa,44.29479157,83620.32749828,0.05297132
2016,86,Putumayo,86320,Orito,87.83999999,83620.32749828,0.10504623
2016,86,Putumayo,86569,Puerto Caicedo,101.58149879,83620.32749828,0.12147943
2016,86,Putumayo,86571,Puerto Guzmán,266.46171959,83620.32749828,0.31865663
2016,86,Putumayo,86749,Sibundoy,1.7325,83620.32749828,0.00207186
2016,86,Putumayo,86885,Villagarzón,35.38949003,83620.32749828,0.04232164
2016,94,Guainía,94001,Inírida,9.3825,83620.32749828,0.01122036
2016,94,Guainía,94884,Puerto Colombia,50.31575026,83620.32749828,0.06017167
2016,94,Guainía,94887,Pana Pana,57.14424975,83620.32749828,0.06833775
2016,97,Vaupés,97666,Taraira,31.7025,83620.32749828,0.03791243
2018,05,Antioquia,05031,Amalfi,1284.56635599,92046.06000059,1.39556908
2018,05,Antioquia,05040,Anorí,1688.27518138,92046.06000059,1.83416344
2018,05,Antioquia,05120,Cáceres,5239.52356062,92046.06000059,5.69228445
2018,05,Antioquia,05134,Campamento,1.6392852,92046.06000059,0.00178094
2018,05,Antioquia,05154,Caucasia,1464.45419652,92046.06000059,1.5910015
2018,05,Antioquia,05172,Chigorodó,82.56503084,92046.06000059,0.08969969
2018,05,Antioquia,05234,Dabeiba,7.8075,92046.06000059,0.00848217
2018,05,Antioquia,05250,El Bagre,4348.59270006,92046.06000059,4.72436593
2018,05,Antioquia,05284,Frontino,14.31490658,92046.06000059,0.01555189
2018,05,Antioquia,05361,Ituango,23.3775,92046.06000059,0.02539761
2018,05,Antioquia,05480,Mutatá,151.32246913,92046.06000059,0.16439864
2018,05,Antioquia,05495,Nechí,6248.38568039,92046.06000059,6.78832498
2018,05,Antioquia,05579,Puerto Berrío,63.26732269,92046.06000059,0.06873442
2018,05,Antioquia,05585,Puerto Nare,155.02767731,92046.06000059,0.16842402
2018,05,Antioquia,05604,Remedios,2139.86200959,92046.06000059,2.32477306
2018,05,Antioquia,05736,Segovia,1996.85875084,92046.06000059,2.16941252
2018,05,Antioquia,05756,Sonsón,238.38750001,92046.06000059,0.25898719
2018,05,Antioquia,05790,Tarazá,1898.67500333,92046.06000059,2.06274446
2018,05,Antioquia,05847,Urrao,18.42259342,92046.06000059,0.02001454
2018,05,Antioquia,05854,Valdivia,521.20129323,92046.06000059,0.56623966
2018,05,Antioquia,05858,Vegachí,365.09979623,92046.06000059,0.39664902
2018,05,Antioquia,05873,Vigía del Fuerte,56.47499999,92046.06000059,0.06135515
2018,05,Antioquia,05885,Yalí,61.65129456,92046.06000059,0.06697874
2018,05,Antioquia,05893,Yondó,148.07867094,92046.06000059,0.16087453
2018,05,Antioquia,05895,Zaragoza,8229.19327019,92046.06000059,8.94029931
2018,13,Bolívar,13030,Altos del Rosario,5.04,92046.06000059,0.00547552
2018,13,Bolívar,13042,Arenal,25.9425,92046.06000059,0.02818426
2018,13,Bolívar,13074,Barranco de Loba,175.90035681,92046.06000059,0.19110037
2018,13,Bolívar,13458,Montecristo,3070.46620249,92046.06000059,3.33579319
2018,13,Bolívar,13490,Norosí,556.36502398,92046.06000059,0.60444198
2018,13,Bolívar,13600,Río Viejo,604.96840625,92046.06000059,0.6572453
2018,13,Bolívar,13655,San Jacinto del Cauca,11.475,92046.06000059,0.01246658
2018,13,Bolívar,13667,San Martín de Loba,450.54464323,92046.06000059,0.48947738
2018,13,Bolívar,13670,San Pablo,35.99680691,92046.06000059,0.03910738
2018,13,Bolívar,13688,Santa Rosa del Sur,2328.10245929,92046.06000059,2.52927986
2018,13,Bolívar,13744,Simití,1515.51000005,92046.06000059,1.64646917
2018,13,Bolívar,13810,Tiquisio,132.34906976,92046.06000059,0.1437857
2018,17,Caldas,17380,La Dorada,2.03116342,92046.06000059,0.00220668
2018,17,Caldas,17495,Norcasia,68.01133658,92046.06000059,0.07388837
2018,18,Caquetá,18610,San José del Fragua,50.22,92046.06000059,0.05455964
2018,19,Cauca,19100,Bolívar,61.0416069,92046.06000059,0.06631637
2018,19,Cauca,19110,Buenos Aires,44.67470737,92046.06000059,0.04853517
2018,19,Cauca,19256,El Tambo,120.88952691,92046.06000059,0.13133591
2018,19,Cauca,19318,Guapi,460.97146374,92046.06000059,0.50080521
2018,19,Cauca,19355,Inzá,9.2025,92046.06000059,0.00999771
2018,19,Cauca,19392,La Sierra,81.90501468,92046.06000059,0.08898264
2018,19,Cauca,19418,López de Micay,585.43103152,92046.06000059,0.63601965
2018,19,Cauca,19450,Mercaderes,128.70089309,92046.06000059,0.13982227
2018,19,Cauca,19473,Morales,5.13,92046.06000059,0.0055733
2018,19,Cauca,19532,Patía,55.7269269,92046.06000059,0.06054244
2018,19,Cauca,19533,Piamonte,63.11250002,92046.06000059,0.06856622
2018,19,Cauca,19698,Santander de Quilichao,55.92279263,92046.06000059,0.06075523
2018,19,Cauca,19701,Santa Rosa,22.29750001,92046.06000059,0.02422429
2018,19,Cauca,19780,Suárez,2.07,92046.06000059,0.00224887
2018,19,Cauca,19809,Timbiquí,1306.58353628,92046.06000059,1.41948883
2018,23,Córdoba,23068,Ayapel,3812.50612744,92046.06000059,4.14195472
2018,23,Córdoba,23350,La Apartada,10.935,92046.06000059,0.01187992
2018,23,Córdoba,23682,San José de Uré,132.77885526,92046.06000059,0.14425262
2018,23,Córdoba,23807,Tierralta,26.235,92046.06000059,0.02850203
2018,27,Chocó,27001,Quibdó,2223.37570212,92046.06000059,2.41550339
2018,27,Chocó,27006,Acandí,62.1,92046.06000059,0.06746622
2018,27,Chocó,27050,Atrato,1063.08071142,92046.06000059,1.15494429
2018,27,Chocó,27073,Bagadó,307.41334076,92046.06000059,0.33397773
2018,27,Chocó,27135,El Cantón del San Pablo,4803.91077251,92046.06000059,5.21902923
2018,27,Chocó,27150,Carmen del Darién,2.61990585,92046.06000059,0.0028463
2018,27,Chocó,27160,Cértegui,1445.92734176,92046.06000059,1.57087369
2018,27,Chocó,27205,Condoto,2566.90096861,92046.06000059,2.78871357
2018,27,Chocó,27361,Istmina,4384.77709253,92046.06000059,4.76367711
2018,27,Chocó,27413,Lloró,688.44720995,92046.06000059,0.74793773
2018,27,Chocó,27425,Medio Atrato,2069.11413319,92046.06000059,2.24791168
2018,27,Chocó,27430,Medio Baudó,5.14925456,92046.06000059,0.00559422
2018,27,Chocó,27450,Medio San Juan,1353.43681467,92046.06000059,1.47039082
2018,27,Chocó,27491,Nóvita,5151.42070873,92046.06000059,5.5965684
2018,27,Chocó,27580,Río Iró,539.29838958,92046.06000059,0.58590057
2018,27,Chocó,27600,Río Quito,3001.52042999,92046.06000059,3.26088964
2018,27,Chocó,27615,Riosucio,320.14259416,92046.06000059,0.34780695
2018,27,Chocó,27660,San José del Palmar,88.53749999,92046.06000059,0.09618826
2018,27,Chocó,27745,Sipí,655.16161845,92046.06000059,0.71177584
2018,27,Chocó,27787,Tadó,1269.59181203,92046.06000059,1.37930055
2018,27,Chocó,27800,Unguía,85.68000001,92046.06000059,0.09308383
2018,27,Chocó,27810,Unión Panamericana,3105.97119914,92046.06000059,3.37436627
2018,52,Nariño,52079,Barbacoas,1608.69793763,92046.06000059,1.74770972
2018,52,Nariño,52233,Cumbitara,5.3711079,92046.06000059,0.00583524
2018,52,Nariño,52250,El Charco,206.50585118,92046.06000059,0.22435056
2018,52,Nariño,52385,La Llanada,16.71884325,92046.06000059,0.01816356
2018,52,Nariño,52418,Los Andes,25.86213285,92046.06000059,0.02809695
2018,52,Nariño,52427,Magüí,715.36274713,92046.06000059,0.77717911
2018,52,Nariño,52621,Roberto Payán,104.42597128,92046.06000059,0.11344969
2018,52,Nariño,52696,Santa Bárbara,167.74824463,92046.06000059,0.18224381
2018,52,Nariño,52835,San Andrés de Tumaco,70.63966411,92046.06000059,0.07674382
2018,76,Valle Del Cauca,76109,Buenaventura,868.14000005,92046.06000059,0.94315824
2018,76,Valle Del Cauca,76126,Calima,20.88000001,92046.06000059,0.0226843
2018,86,Putumayo,86001,Mocoa,40.18128614,92046.06000059,0.04365346
2018,86,Putumayo,86320,Orito,56.87999999,92046.06000059,0.06179515
2018,86,Putumayo,86568,Puerto Asís,8.055,92046.06000059,0.00875105
2018,86,Putumayo,86569,Puerto Caicedo,91.12499999,92046.06000059,0.09899935
2018,86,Putumayo,86571,Puerto Guzmán,213.21482668,92046.06000059,0.23163928
2018,86,Putumayo,86885,Villagarzón,27.80888722,92046.06000059,0.03021193
2018,94,Guainía,94884,Puerto Colombia,57.86475965,92046.06000059,0.062865
2018,94,Guainía,94887,Pana Pana,80.93774033,92046.06000059,0.08793178
2019,05,Antioquia,05031,Amalfi,1419.0755743,98027.55000271,1.44762934
2019,05,Antioquia,05040,Anorí,1862.27681368,98027.55000271,1.8997484
2019,05,Antioquia,05055,Argelia,3.756435,98027.55000271,0.00383202
2019,05,Antioquia,05120,Cáceres,5592.17408188,98027.55000271,5.70469637
2019,05,Antioquia,05154,Caucasia,1835.77493072,98027.55000271,1.87271326
2019,05,Antioquia,05172,Chigorodó,54.16872445,98027.55000271,0.05525867
2019,05,Antioquia,05234,Dabeiba,4.5,98027.55000271,0.00459055
2019,05,Antioquia,05250,El Bagre,5131.50549472,98027.55000271,5.23475849
2019,05,Antioquia,05480,Mutatá,175.82627556,98027.55000271,0.17936414
2019,05,Antioquia,05495,Nechí,7489.00569683,98027.55000271,7.63969486
2019,05,Antioquia,05579,Puerto Berrío,143.06250293,98027.55000271,0.14594112
2019,05,Antioquia,05585,Puerto Nare,176.00999708,98027.55000271,0.17955156
2019,05,Antioquia,05604,Remedios,2038.07755588,98027.55000271,2.0790865
2019,05,Antioquia,05736,Segovia,2518.48359445,98027.55000271,2.56915897
2019,05,Antioquia,05756,Sonsón,281.45250002,98027.55000271,0.28711571
2019,05,Antioquia,05790,Tarazá,1815.53612744,98027.55000271,1.85206723
2019,05,Antioquia,05854,Valdivia,501.80423273,98027.55000271,0.51190123
2019,05,Antioquia,05858,Vegachí,409.04728639,98027.55000271,0.41727788
2019,05,Antioquia,05873,Vigía del Fuerte,37.0575,98027.55000271,0.03780315
2019,05,Antioquia,05885,Yalí,52.60575526,98027.55000271,0.05366426
2019,05,Antioquia,05893,Yondó,198.94775322,98027.55000271,0.20295086
2019,05,Antioquia,05895,Zaragoza,8461.33645213,98027.55000271,8.63159025
2019,13,Bolívar,13030,Altos del Rosario,8.0775,98027.55000271,0.00824003
2019,13,Bolívar,13042,Arenal,20.9925,98027.55000271,0.0214149
2019,13,Bolívar,13074,Barranco de Loba,208.75908399,98027.55000271,0.21295961
2019,13,Bolívar,13160,Cantagallo,1.17,98027.55000271,0.00119354
2019,13,Bolívar,13458,Montecristo,3458.84780008,98027.55000271,3.52844461
2019,13,Bolívar,13490,Norosí,818.91903648,98027.55000271,0.83539682
2019,13,Bolívar,13600,Río Viejo,622.10940895,98027.55000271,0.63462711
2019,13,Bolívar,13655,San Jacinto del Cauca,12.7964796,98027.55000271,0.01305396
2019,13,Bolívar,13667,San Martín de Loba,514.18841602,98027.55000271,0.5245346
2019,13,Bolívar,13670,San Pablo,93.22429211,98027.55000271,0.09510009
2019,13,Bolívar,13688,Santa Rosa del Sur,3031.3670123,98027.55000271,3.09236231
2019,13,Bolívar,13744,Simití,1677.62249999,98027.55000271,1.71137859
2019,13,Bolívar,13810,Tiquisio,173.88655456,98027.55000271,0.17738539
2019,17,Caldas,17380,La Dorada,2.20990417,98027.55000271,0.00225437
2019,17,Caldas,17495,Norcasia,75.23383657,98027.55000271,0.07674765
2019,17,Caldas,17662,Samaná,0.158565,98027.55000271,0.00016176
2019,17,Caldas,17867,Victoria,39.26375925,98027.55000271,0.0400538
2019,18,Caquetá,18610,San José del Fragua,53.10000076,98027.55000271,0.05416845
2019,19,Cauca,19100,Bolívar,38.93516572,98027.55000271,0.0397186
2019,19,Cauca,19110,Buenos Aires,46.41924419,98027.55000271,0.04735326
2019,19,Cauca,19256,El Tambo,45.60713296,98027.55000271,0.04652481
2019,19,Cauca,19318,Guapi,459.96750002,98027.55000271,0.46922268
2019,19,Cauca,19392,La Sierra,32.06638372,98027.55000271,0.0327116
2019,19,Cauca,19418,López de Micay,535.26289318,98027.55000271,0.54603312
2019,19,Cauca,19450,Mercaderes,87.7398346,98027.55000271,0.08950528
2019,19,Cauca,19532,Patía,5.31859013,98027.55000271,0.00542561
2019,19,Cauca,19533,Piamonte,45.51750045,98027.55000271,0.04643338
2019,19,Cauca,19698,Santander de Quilichao,58.18325582,98027.55000271,0.05935398
2019,19,Cauca,19809,Timbiquí,1342.17000002,98027.55000271,1.36917632
2019,23,Córdoba,23068,Ayapel,4798.11862737,98027.55000271,4.89466342
2019,23,Córdoba,23350,La Apartada,10.935,98027.55000271,0.01115503
2019,23,Córdoba,23580,Puerto Libertador,45.4275,98027.55000271,0.04634156
2019,23,Córdoba,23682,San José de Uré,121.71444007,98027.55000271,0.1241635
2019,27,Chocó,27001,Quibdó,1847.33883364,98027.55000271,1.88450985
2019,27,Chocó,27006,Acandí,67.23000001,98027.55000271,0.06858276
2019,27,Chocó,27050,Atrato,979.76889861,98027.55000271,0.99948321
2019,27,Chocó,27073,Bagadó,289.90834075,98027.55000271,0.2957417
2019,27,Chocó,27135,El Cantón del San Pablo,5069.25216793,98027.55000271,5.17125254
2019,27,Chocó,27150,Carmen del Darién,1.62990585,98027.55000271,0.0016627
2019,27,Chocó,27160,Cértegui,1544.83589099,98027.55000271,1.57592013
2019,27,Chocó,27205,Condoto,2478.21086602,98027.55000271,2.5280759
2019,27,Chocó,27361,Istmina,4503.0260058,98027.55000271,4.59363312
2019,27,Chocó,27413,Lloró,620.10083529,98027.55000271,0.63257812
2019,27,Chocó,27425,Medio Atrato,2112.3219264,98027.55000271,2.15482477
2019,27,Chocó,27430,Medio Baudó,5.14925456,98027.55000271,0.00525286
2019,27,Chocó,27450,Medio San Juan,1395.53562932,98027.55000271,1.42361574
2019,27,Chocó,27491,Nóvita,5326.47614887,98027.55000271,5.43365222
2019,27,Chocó,27580,Río Iró,354.47391151,98027.55000271,0.36160642
2019,27,Chocó,27600,Río Quito,3479.22749662,98027.55000271,3.54923437
2019,27,Chocó,27615,Riosucio,243.50759417,98027.55000271,0.2484073
2019,27,Chocó,27660,San José del Palmar,37.91249999,98027.55000271,0.03867535
2019,27,Chocó,27745,Sipí,642.45682649,98027.55000271,0.65538395
2019,27,Chocó,27787,Tadó,1004.53739044,98027.55000271,1.02475007
2019,27,Chocó,27800,Unguía,37.6425,98027.55000271,0.03839992
2019,27,Chocó,27810,Unión Panamericana,3064.90207694,98027.55000271,3.12657215
2019,52,Nariño,52079,Barbacoas,1670.4599461,98027.55000271,1.70407191
2019,52,Nariño,52250,El Charco,220.72584936,98027.55000271,0.22516716
2019,52,Nariño,52385,La Llanada,17.0774979,98027.55000271,0.01742112
2019,52,Nariño,52418,Los Andes,19.41207851,98027.55000271,0.01980268
2019,52,Nariño,52427,Magüí,902.70626413,98027.55000271,0.92086996
2019,52,Nariño,52621,Roberto Payán,110.03597067,98027.55000271,0.11225005
2019,52,Nariño,52696,Santa Bárbara,174.7907448,98027.55000271,0.17830778
2019,52,Nariño,52835,San Andrés de Tumaco,56.00914943,98027.55000271,0.05713613
2019,73,Tolima,73217,Coyaima,30.1275,98027.55000271,0.03073371
2019,76,Valle Del Cauca,76109,Buenaventura,596.21713222,98027.55000271,0.60821385
2019,76,Valle Del Cauca,76126,Calima,11.82286779,98027.55000271,0.01206076
2019,86,Putumayo,86001,Mocoa,33.34533074,98027.55000271,0.03401628
2019,86,Putumayo,86320,Orito,39.89249972,98027.55000271,0.04069519
2019,86,Putumayo,86568,Puerto Asís,8.34750029,98027.55000271,0.00851546
2019,86,Putumayo,86569,Puerto Caicedo,60.90749879,98027.55000271,0.06213304
2019,86,Putumayo,86571,Puerto Guzmán,123.81716673,98027.55000271,0.12630854
2019,86,Putumayo,86885,Villagarzón,24.79500137,98027.55000271,0.02529391
2019,94,Guainía,94001,Inírida,12.015,98027.55000271,0.01225676
2019,94,Guainía,94884,Puerto Colombia,45.26607541,98027.55000271,0.04617689
2019,94,Guainía,94887,Pana Pana,77.5389258,98027.55000271,0.07909912
2020,05,Antioquia,05031,Amalfi,1423.05317411,100751.62500158,1.41243694
2020,05,Antioquia,05040,Anorí,1999.09147872,100751.62500158,1.9841779
2020,05,Antioquia,05055,Argelia,3.75643519,100751.62500158,0.00372841
2020,05,Antioquia,05120,Cáceres,5284.61018059,100751.62500158,5.24518605
2020,05,Antioquia,05154,Caucasia,2047.18565965,100751.62500158,2.03191329
2020,05,Antioquia,05172,Chigorodó,65.0069307,100751.62500158,0.06452197
2020,05,Antioquia,05234,Dabeiba,6.66,100751.62500158,0.00661032
2020,05,Antioquia,05250,El Bagre,4842.97111262,100751.62500158,4.80684169
2020,05,Antioquia,05284,Frontino,8.505,100751.62500158,0.00844155
2020,05,Antioquia,05480,Mutatá,181.54806928,100751.62500158,0.18019369
2020,05,Antioquia,05495,Nechí,7996.42961872,100751.62500158,7.93677483
2020,05,Antioquia,05579,Puerto Berrío,130.9800028,100751.62500158,0.13000287
2020,05,Antioquia,05585,Puerto Nare,175.58249737,100751.62500158,0.17427262
2020,05,Antioquia,05604,Remedios,2346.54131952,100751.62500158,2.3290357
2020,05,Antioquia,05736,Segovia,2479.3271385,100751.62500158,2.46083092
2020,05,Antioquia,05756,Sonsón,282.15000005,100751.62500158,0.28004511
2020,05,Antioquia,05790,Tarazá,1649.11717047,100751.62500158,1.63681446
2020,05,Antioquia,05847,Urrao,5.8725,100751.62500158,0.00582869
2020,05,Antioquia,05854,Valdivia,426.19539963,100751.62500158,0.42301591
2020,05,Antioquia,05858,Vegachí,402.01126344,100751.62500158,0.39901219
2020,05,Antioquia,05873,Vigía del Fuerte,73.19250001,100751.62500158,0.07264647
2020,05,Antioquia,05885,Yalí,19.30302549,100751.62500158,0.01915902
2020,05,Antioquia,05893,Yondó,198.55782143,100751.62500158,0.19707654
2020,05,Antioquia,05895,Zaragoza,8841.93280174,100751.62500158,8.77597041
2020,13,Bolívar,13030,Altos del Rosario,11.28663138,100751.62500158,0.01120243
2020,13,Bolívar,13042,Arenal,74.81250001,100751.62500158,0.07425439
2020,13,Bolívar,13074,Barranco de Loba,200.02074586,100751.62500158,0.19852856
2020,13,Bolívar,13458,Montecristo,3099.79422614,100751.62500158,3.07666921
2020,13,Bolívar,13490,Norosí,872.89262249,100751.62500158,0.86638069
2020,13,Bolívar,13600,Río Viejo,702.23507693,100751.62500158,0.69699628
2020,13,Bolívar,13655,San Jacinto del Cauca,17.80115084,100751.62500158,0.01766835
2020,13,Bolívar,13667,San Martín de Loba,511.86512274,100751.62500158,0.50804652
2020,13,Bolívar,13670,San Pablo,133.46074508,100751.62500158,0.1324651
2020,13,Bolívar,13688,Santa Rosa del Sur,2935.31771072,100751.62500158,2.91341972
2020,13,Bolívar,13744,Simití,1877.78250005,100751.62500158,1.86377391
2020,13,Bolívar,13810,Tiquisio,145.67230078,100751.62500158,0.14458556
2020,17,Caldas,17380,La Dorada,2.20990489,100751.62500158,0.00219342
2020,17,Caldas,17495,Norcasia,70.17133626,100751.62500158,0.06964785
2020,17,Caldas,17662,Samaná,0.15856481,100751.62500158,0.00015738
2020,17,Caldas,17867,Victoria,39.26375561,100751.62500158,0.03897084
2020,18,Caquetá,18205,Curillo,0.89278516,100751.62500158,0.00088612
2020,18,Caquetá,18610,San José del Fragua,77.42971482,100751.62500158,0.07685208
2020,19,Cauca,19100,Bolívar,41.26252863,100751.62500158,0.0409547
2020,19,Cauca,19110,Buenos Aires,46.41924407,100751.62500158,0.04607295
2020,19,Cauca,19256,El Tambo,27.78709416,100751.62500158,0.0275798
2020,19,Cauca,19318,Guapi,449.39250003,100751.62500158,0.44603995
2020,19,Cauca,19392,La Sierra,18.83290583,100751.62500158,0.01869241
2020,19,Cauca,19418,López de Micay,570.42000402,100751.62500158,0.56616457
2020,19,Cauca,19450,Mercaderes,91.32997138,100751.62500158,0.09064863
2020,19,Cauca,19532,Patía,0.135,100751.62500158,0.00013399
2020,19,Cauca,19533,Piamonte,51.1425,100751.62500158,0.05076097
2020,19,Cauca,19698,Santander de Quilichao,60.81575593,100751.62500158,0.06036206
2020,19,Cauca,19701,Santa Rosa,27.8325,100751.62500158,0.02762486
2020,19,Cauca,19809,Timbiquí,1421.93250001,100751.62500158,1.41132463
2020,23,Córdoba,23068,Ayapel,4767.74362672,100751.62500158,4.73217541
2020,23,Córdoba,23350,La Apartada,15.84,100751.62500158,0.01572183
2020,23,Córdoba,23580,Puerto Libertador,48.8475,100751.62500158,0.04848309
2020,23,Córdoba,23682,San José de Uré,142.19037672,100751.62500158,0.14112961
2020,27,Chocó,27001,Quibdó,2166.62177822,100751.62500158,2.1504584
2020,27,Chocó,27006,Acandí,43.38000001,100751.62500158,0.04305638
2020,27,Chocó,27050,Atrato,1006.0921588,100751.62500158,0.99858653
2020,27,Chocó,27073,Bagadó,334.99570418,100751.62500158,0.33249658
2020,27,Chocó,27135,El Cantón del San Pablo,5253.17466766,100751.62500158,5.21398505
2020,27,Chocó,27150,Carmen del Darién,2.43671386,100751.62500158,0.00241854
2020,27,Chocó,27160,Cértegui,1588.63529371,100751.62500158,1.57678379
2020,27,Chocó,27205,Condoto,2522.49448172,100751.62500158,2.50367623
2020,27,Chocó,27361,Istmina,4592.60569415,100751.62500158,4.55834404
2020,27,Chocó,27413,Lloró,624.53333534,100751.62500158,0.61987421
2020,27,Chocó,27425,Medio Atrato,2334.18822271,100751.62500158,2.31677476
2020,27,Chocó,27430,Medio Baudó,5.14925558,100751.62500158,0.00511084
2020,27,Chocó,27450,Medio San Juan,1427.62062589,100751.62500158,1.41697032
2020,27,Chocó,27491,Nóvita,5321.69396769,100751.62500158,5.28199319
2020,27,Chocó,27580,Río Iró,396.53341171,100751.62500158,0.3935752
2020,27,Chocó,27600,Río Quito,3810.18108295,100751.62500158,3.78175646
2020,27,Chocó,27615,Riosucio,301.31328617,100751.62500158,0.29906544
2020,27,Chocó,27660,San José del Palmar,36.3825,100751.62500158,0.03611108
2020,27,Chocó,27745,Sipí,660.23748953,100751.62500158,0.655312
2020,27,Chocó,27787,Tadó,985.44536595,100751.62500158,0.97809377
2020,27,Chocó,27800,Unguía,60.63749999,100751.62500158,0.06018513
2020,27,Chocó,27810,Unión Panamericana,3077.34746383,100751.62500158,3.05438991
2020,52,Nariño,52079,Barbacoas,1646.34938698,100751.62500158,1.63406733
2020,52,Nariño,52250,El Charco,251.23035105,100751.62500158,0.24935613
2020,52,Nariño,52385,La Llanada,5.89365494,100751.62500158,0.00584969
2020,52,Nariño,52418,Los Andes,34.00310035,100751.62500158,0.03374943
2020,52,Nariño,52427,Magüí,1034.48774759,100751.62500158,1.02677029
2020,52,Nariño,52621,Roberto Payán,124.34757125,100751.62500158,0.12341992
2020,52,Nariño,52678,Samaniego,9.86000528,100751.62500158,0.00978645
2020,52,Nariño,52696,Santa Bárbara,211.53324244,100751.62500158,0.20995517
2020,52,Nariño,52835,San Andrés de Tumaco,56.43994018,100751.62500158,0.05601889
2020,73,Tolima,73217,Coyaima,27.09,100751.62500158,0.0268879
2020,76,Valle Del Cauca,76109,Buenaventura,755.57249989,100751.62500158,0.74993579
2020,76,Valle Del Cauca,76126,Calima,9.15749999,100751.62500158,0.00908918
2020,86,Putumayo,86001,Mocoa,46.45312673,100751.62500158,0.04610658
2020,86,Putumayo,86320,Orito,48.26249998,100751.62500158,0.04790245
2020,86,Putumayo,86568,Puerto Asís,8.94273429,100751.62500158,0.00887602
2020,86,Putumayo,86569,Puerto Caicedo,72.28226571,100751.62500158,0.07174303
2020,86,Putumayo,86571,Puerto Guzmán,192.31687315,100751.62500158,0.19088216
2020,86,Putumayo,86885,Villagarzón,36.31499999,100751.62500158,0.03604408
2020,94,Guainía,94001,Inírida,12.555,100751.62500158,0.01246134
2020,94,Guainía,94884,Puerto Colombia,73.27022168,100751.62500158,0.07272361
2020,94,Guainía,94887,Pana Pana,98.98977836,100751.62500158,0.0982513
2021,05,Antioquia,05031,Amalfi,1328.71675445,98567.05498826,1.34803333
2021,05,Antioquia,05040,Anorí,1729.17582228,98567.05498826,1.75431418
2021,05,Antioquia,05055,Argelia,3.756435,98567.05498826,0.00381105
2021,05,Antioquia,05120,Cáceres,4971.58100407,98567.05498826,5.0438567
2021,05,Antioquia,05154,Caucasia,2006.06342516,98567.05498826,2.03522711
2021,05,Antioquia,05172,Chigorodó,23.16722092,98567.05498826,0.02350402
2021,05,Antioquia,05234,Dabeiba,12.9375,98567.05498826,0.01312558
2021,05,Antioquia,05250,El Bagre,4569.13623267,98567.05498826,4.63556128
2021,05,Antioquia,05284,Frontino,7.2675,98567.05498826,0.00737315
2021,05,Antioquia,05480,Mutatá,172.62777909,98567.05498826,0.1751374
2021,05,Antioquia,05495,Nechí,7608.9683075,98567.05498826,7.71958573
2021,05,Antioquia,05579,Puerto Berrío,116.72825651,98567.05498826,0.11842522
2021,05,Antioquia,05585,Puerto Nare,161.97924348,98567.05498826,0.16433406
2021,05,Antioquia,05604,Remedios,2210.86208824,98567.05498826,2.24300309
2021,05,Antioquia,05736,Segovia,1864.90701996,98567.05498826,1.89201861
2021,05,Antioquia,05756,Sonsón,277.9425,98567.05498826,0.28198316
2021,05,Antioquia,05790,Tarazá,1518.61664202,98567.05498826,1.54069394
2021,05,Antioquia,05854,Valdivia,385.24292618,98567.05498826,0.3908435
2021,05,Antioquia,05858,Vegachí,360.34645189,98567.05498826,0.36558509
2021,05,Antioquia,05873,Vigía del Fuerte,89.75250003,98567.05498826,0.0910573
2021,05,Antioquia,05885,Yalí,62.23507681,98567.05498826,0.06313984
2021,05,Antioquia,05890,Yolombó,2.2949232,98567.05498826,0.00232829
2021,05,Antioquia,05893,Yondó,234.39516914,98567.05498826,0.23780275
2021,05,Antioquia,05895,Zaragoza,7868.94520476,98567.05498826,7.98334211
2021,13,Bolívar,13030,Altos del Rosario,11.9475,98567.05498826,0.01212119
2021,13,Bolívar,13042,Arenal,49.005,98567.05498826,0.04971742
2021,13,Bolívar,13074,Barranco de Loba,203.21463876,98567.05498826,0.20616893
2021,13,Bolívar,13458,Montecristo,2450.73997568,98567.05498826,2.48636827
2021,13,Bolívar,13490,Norosí,963.00908647,98567.05498826,0.97700909
2021,13,Bolívar,13600,Río Viejo,612.23763524,98567.05498826,0.6211382
2021,13,Bolívar,13655,San Jacinto del Cauca,16.2225,98567.05498826,0.01645834
2021,13,Bolívar,13667,San Martín de Loba,496.71536127,98567.05498826,0.50393649
2021,13,Bolívar,13670,San Pablo,110.63263911,98567.05498826,0.11224099
2021,13,Bolívar,13688,Santa Rosa del Sur,2409.19378143,98567.05498826,2.44421808
2021,13,Bolívar,13744,Simití,2039.82749995,98567.05498826,2.06948204
2021,13,Bolívar,13810,Tiquisio,109.46327831,98567.05498826,0.11105463
2021,17,Caldas,17380,La Dorada,2.7185472,98567.05498826,0.00275807
2021,17,Caldas,17495,Norcasia,32.13000001,98567.05498826,0.0325971
2021,17,Caldas,17662,Samaná,0.158565,98567.05498826,0.00016087
2021,17,Caldas,17867,Victoria,33.8214528,98567.05498826,0.03431314
2021,18,Caquetá,18205,Curillo,2.20295768,98567.05498826,0.00223498
2021,18,Caquetá,18610,San José del Fragua,98.88954232,98567.05498826,0.10032718
2021,19,Cauca,19100,Bolívar,44.06243767,98567.05498826,0.04470301
2021,19,Cauca,19110,Buenos Aires,39.05111048,98567.05498826,0.03961883
2021,19,Cauca,19256,El Tambo,30.42645088,98567.05498826,0.03086878
2021,19,Cauca,19318,Guapi,554.025894,98567.05498826,0.56208019
2021,19,Cauca,19392,La Sierra,20.15354912,98567.05498826,0.02044654
2021,19,Cauca,19418,López de Micay,482.55749997,98567.05498826,0.48957281
2021,19,Cauca,19450,Mercaderes,91.36506233,98567.05498826,0.09269331
2021,19,Cauca,19532,Patía,0.135,98567.05498826,0.00013696
2021,19,Cauca,19533,Piamonte,45.54,98567.05498826,0.04620205
2021,19,Cauca,19698,Santander de Quilichao,57.76638953,98567.05498826,0.05860618
2021,19,Cauca,19809,Timbiquí,1366.619106,98567.05498826,1.3864867
2021,23,Córdoba,23068,Ayapel,4356.67669305,98567.05498826,4.42001305
2021,23,Córdoba,23350,La Apartada,18.24749999,98567.05498826,0.01851278
2021,23,Córdoba,23580,Puerto Libertador,66.10499999,98567.05498826,0.06706602
2021,23,Córdoba,23682,San José de Uré,138.81985043,98567.05498826,0.14083798
2021,27,Chocó,27001,Quibdó,2237.93559433,98567.05498826,2.27047018
2021,27,Chocó,27006,Acandí,51.6375,98567.05498826,0.05238819
2021,27,Chocó,27050,Atrato,1066.51628601,98567.05498826,1.08202105
2021,27,Chocó,27073,Bagadó,336.98088062,98567.05498826,0.34187983
2021,27,Chocó,27135,El Cantón del San Pablo,5642.97300795,98567.05498826,5.72500924
2021,27,Chocó,27150,Carmen del Darién,1.53990585,98567.05498826,0.00156229
2021,27,Chocó,27160,Cértegui,1745.05761262,98567.05498826,1.77042686
2021,27,Chocó,27205,Condoto,2669.41947688,98567.05498826,2.70822688
2021,27,Chocó,27361,Istmina,4731.40125387,98567.05498826,4.80018527
2021,27,Chocó,27413,Lloró,634.292251,98567.05498826,0.64351344
2021,27,Chocó,27425,Medio Atrato,2465.82440568,98567.05498826,2.50167199
2021,27,Chocó,27430,Medio Baudó,5.14925456,98567.05498826,0.00522411
2021,27,Chocó,27450,Medio San Juan,1643.7457347,98567.05498826,1.66764213
2021,27,Chocó,27491,Nóvita,5676.15668861,98567.05498826,5.75867534
2021,27,Chocó,27580,Río Iró,476.60542743,98567.05498826,0.48353421
2021,27,Chocó,27600,Río Quito,4290.84806565,98567.05498826,4.35322742
2021,27,Chocó,27615,Riosucio,273.70259417,98567.05498826,0.27768162
2021,27,Chocó,27660,San José del Palmar,38.54249998,98567.05498826,0.03910282
2021,27,Chocó,27745,Sipí,757.84476982,98567.05498826,0.76886214
2021,27,Chocó,27787,Tadó,1006.97944062,98567.05498826,1.02161867
2021,27,Chocó,27800,Unguía,84.2175,98567.05498826,0.08544183
2021,27,Chocó,27810,Unión Panamericana,3142.48484987,98567.05498826,3.18816957
2021,44,La Guajira,44090,Dibulla,1.9125,98567.05498826,0.0019403
2021,52,Nariño,52079,Barbacoas,1718.89186231,98567.05498826,1.74388071
2021,52,Nariño,52250,El Charco,233.41635639,98567.05498826,0.23680971
2021,52,Nariño,52385,La Llanada,2.676186,98567.05498826,0.00271509
2021,52,Nariño,52418,Los Andes,94.95110712,98567.05498826,0.09633148
2021,52,Nariño,52427,Magüí,1312.42482035,98567.05498826,1.33150455
2021,52,Nariño,52621,Roberto Payán,122.56115014,98567.05498826,0.12434292
2021,52,Nariño,52678,Samaniego,4.5885033,98567.05498826,0.00465521
2021,52,Nariño,52696,Santa Bárbara,227.51504082,98567.05498826,0.2308226
2021,52,Nariño,52835,San Andrés de Tumaco,46.50497355,98567.05498826,0.04718105
2021,73,Tolima,73217,Coyaima,28.1475,98567.05498826,0.0285567
2021,76,Valle Del Cauca,76109,Buenaventura,566.30249999,98567.05498826,0.57453527
2021,76,Valle Del Cauca,76126,Calima,9.1575,98567.05498826,0.00929063
2021,86,Putumayo,86001,Mocoa,71.48706306,98567.05498826,0.07252633
2021,86,Putumayo,86320,Orito,51.6375,98567.05498826,0.05238819
2021,86,Putumayo,86568,Puerto Asís,10.81635916,98567.05498826,0.0109736
2021,86,Putumayo,86569,Puerto Caicedo,91.49114086,98567.05498826,0.09282122
2021,86,Putumayo,86571,Puerto Guzmán,243.26543697,98567.05498826,0.24680197
2021,86,Putumayo,86885,Villagarzón,57.19499999,98567.05498826,0.05802649
2021,94,Guainía,94001,Inírida,13.77,98567.05498826,0.01397019
2021,94,Guainía,94884,Puerto Colombia,49.99160813,98567.05498826,0.05071837
2021,94,Guainía,94887,Pana Pana,87.16839187,98567.05498826,0.08843563
2022,05,Antioquia,05031,Amalfi,960.005394,94733.03250042,1.01337978
2022,05,Antioquia,05038,Angostura,1.1925,94733.03250042,0.0012588
2022,05,Antioquia,05040,Anorí,1338.50659408,94733.03250042,1.41292489
2022,05,Antioquia,05120,Cáceres,4935.7192048,94733.03250042,5.21013534
2022,05,Antioquia,05142,Caracolí,8.29999902,94733.03250042,0.00876146
2022,05,Antioquia,05154,Caucasia,2183.32435933,94733.03250042,2.30471284
2022,05,Antioquia,05250,El Bagre,4397.77306955,94733.03250042,4.64228047
2022,05,Antioquia,05425,Maceo,58.79500098,94733.03250042,0.06206389
2022,05,Antioquia,05480,Mutatá,154.54101642,94733.03250042,0.16313319
2022,05,Antioquia,05495,Nechí,7729.30906517,94733.03250042,8.15904322
2022,05,Antioquia,05579,Puerto Berrío,125.1909355,94733.03250042,0.1321513
2022,05,Antioquia,05585,Puerto Nare,155.04656449,94733.03250042,0.16366684
2022,05,Antioquia,05604,Remedios,1484.75318715,94733.03250042,1.5673025
2022,05,Antioquia,05670,San Roque,5.84142142,94733.03250042,0.00616619
2022,05,Antioquia,05690,Santo Domingo,0.45857858,94733.03250042,0.00048407
2022,05,Antioquia,05736,Segovia,1367.84245027,94733.03250042,1.44389176
2022,05,Antioquia,05756,Sonsón,237.62250003,94733.03250042,0.25083384
2022,05,Antioquia,05790,Tarazá,1492.63400322,94733.03250042,1.57562147
2022,05,Antioquia,05854,Valdivia,375.00905967,94733.03250042,0.39585881
2022,05,Antioquia,05858,Vegachí,327.14568065,94733.03250042,0.34533433
2022,05,Antioquia,05873,Vigía del Fuerte,68.28750001,94733.03250042,0.07208415
2022,05,Antioquia,05885,Yalí,76.58380843,94733.03250042,0.08084172
2022,05,Antioquia,05890,Yolombó,10.76119158,94733.03250042,0.01135949
2022,05,Antioquia,05893,Yondó,188.10895068,94733.03250042,0.19856743
2022,05,Antioquia,05895,Zaragoza,7648.82210621,94733.03250042,8.07408135
2022,13,Bolívar,13030,Altos del Rosario,19.73077154,94733.03250042,0.02082776
2022,13,Bolívar,13042,Arenal,55.3725,94733.03250042,0.0584511
2022,13,Bolívar,13074,Barranco de Loba,293.03507932,94733.03250042,0.30932724
2022,13,Bolívar,13458,Montecristo,1578.81919166,94733.03250042,1.66659839
2022,13,Bolívar,13490,Norosí,1070.87850317,94733.03250042,1.13041721
2022,13,Bolívar,13600,Río Viejo,676.15343203,94733.03250042,0.71374621
2022,13,Bolívar,13655,San Jacinto del Cauca,12.6675,94733.03250042,0.01337179
2022,13,Bolívar,13667,San Martín de Loba,646.97164909,94733.03250042,0.68294198
2022,13,Bolívar,13670,San Pablo,119.00249999,94733.03250042,0.1256188
2022,13,Bolívar,13688,Santa Rosa del Sur,1026.86957644,94733.03250042,1.08396148
2022,13,Bolívar,13744,Simití,2109.24000002,94733.03250042,2.22650953
2022,13,Bolívar,13810,Tiquisio,160.13556481,94733.03250042,0.16903878
2022,17,Caldas,17380,La Dorada,4.17447942,94733.03250042,0.00440657
2022,17,Caldas,17495,Norcasia,36.9,94733.03250042,0.03895157
2022,17,Caldas,17867,Victoria,36.21302058,94733.03250042,0.03822639
2022,18,Caquetá,18205,Curillo,2.72249999,94733.03250042,0.00287387
2022,18,Caquetá,18610,San José del Fragua,130.85999999,94733.03250042,0.13813555
2022,19,Cauca,19100,Bolívar,39.2046462,94733.03250042,0.04138435
2022,19,Cauca,19110,Buenos Aires,39.34361035,94733.03250042,0.04153104
2022,19,Cauca,19256,El Tambo,36.08760248,94733.03250042,0.038094
2022,19,Cauca,19318,Guapi,474.48437594,94733.03250042,0.50086476
2022,19,Cauca,19392,La Sierra,18.40432325,94733.03250042,0.01942757
2022,19,Cauca,19418,López de Micay,660.94057431,94733.03250042,0.69768755
2022,19,Cauca,19450,Mercaderes,74.5103538,94733.03250042,0.07865298
2022,19,Cauca,19533,Piamonte,63.22499999,94733.03250042,0.06674018
2022,19,Cauca,19698,Santander de Quilichao,59.07138965,94733.03250042,0.06235564
2022,19,Cauca,19809,Timbiquí,1308.79812417,94733.03250042,1.38156469
2022,23,Córdoba,23068,Ayapel,4876.35920558,94733.03250042,5.14747504
2022,23,Córdoba,23350,La Apartada,30.33,94733.03250042,0.03201629
2022,23,Córdoba,23580,Puerto Libertador,74.92499999,94733.03250042,0.07909068
2022,23,Córdoba,23682,San José de Uré,154.77390167,94733.03250042,0.16337902
2022,27,Chocó,27001,Quibdó,2167.59653129,94733.03250042,2.28811057
2022,27,Chocó,27006,Acandí,28.6425,94733.03250042,0.03023497
2022,27,Chocó,27050,Atrato,1038.55658847,94733.03250042,1.09629826
2022,27,Chocó,27073,Bagadó,286.4626412,94733.03250042,0.30238939
2022,27,Chocó,27135,El Cantón del San Pablo,5900.0597982,94733.03250042,6.22809135
2022,27,Chocó,27160,Cértegui,1825.11642547,94733.03250042,1.92658926
2022,27,Chocó,27205,Condoto,2433.54882325,94733.03250042,2.56884928
2022,27,Chocó,27250,El Litoral del San Juan,0.7425,94733.03250042,0.00078378
2022,27,Chocó,27361,Istmina,4757.6839987,94733.03250042,5.02220173
2022,27,Chocó,27413,Lloró,608.58795613,94733.03250042,0.64242423
2022,27,Chocó,27425,Medio Atrato,2368.66911047,94733.03250042,2.50036238
2022,27,Chocó,27430,Medio Baudó,8.3960334,94733.03250042,0.00886284
2022,27,Chocó,27450,Medio San Juan,1570.46966222,94733.03250042,1.65778464
2022,27,Chocó,27491,Nóvita,5344.76782626,94733.03250042,5.64192625
2022,27,Chocó,27580,Río Iró,461.35617873,94733.03250042,0.48700666
2022,27,Chocó,27600,Río Quito,4360.53602595,94733.03250042,4.60297312
2022,27,Chocó,27615,Riosucio,223.39148362,94733.03250042,0.2358116
2022,27,Chocó,27660,San José del Palmar,25.245,94733.03250042,0.02664857
2022,27,Chocó,27745,Sipí,665.26975262,94733.03250042,0.70225742
2022,27,Chocó,27787,Tadó,775.77102388,94733.03250042,0.81890234
2022,27,Chocó,27800,Unguía,45.1125,94733.03250042,0.04762066
2022,27,Chocó,27810,Unión Panamericana,2944.64162376,94733.03250042,3.10835782
2022,44,La Guajira,44090,Dibulla,6.165,94733.03250042,0.00650776
2022,52,Nariño,52079,Barbacoas,1828.11476097,94733.03250042,1.92975429
2022,52,Nariño,52250,El Charco,274.69025611,94733.03250042,0.28996249
2022,52,Nariño,52385,La Llanada,3.08118591,94733.03250042,0.00325249
2022,52,Nariño,52418,Los Andes,117.22610643,94733.03250042,0.12374364
2022,52,Nariño,52427,Magüí,1448.87660031,94733.03250042,1.52943125
2022,52,Nariño,52621,Roberto Payán,173.81757625,94733.03250042,0.18348149
2022,52,Nariño,52696,Santa Bárbara,322.60003994,94733.03250042,0.34053596
2022,52,Nariño,52835,San Andrés de Tumaco,67.42097412,94733.03250042,0.07116945
2022,73,Tolima,73067,Ataco,11.7675,94733.03250042,0.01242175
2022,73,Tolima,73168,Chaparral,3.105,94733.03250042,0.00327763
2022,73,Tolima,73217,Coyaima,26.55,94733.03250042,0.02802613
2022,76,Valle Del Cauca,76109,Buenaventura,632.02500007,94733.03250042,0.66716433
2022,76,Valle Del Cauca,76126,Calima,11.2275,94733.03250042,0.01185173
2022,86,Putumayo,86001,Mocoa,75.6053741,94733.03250042,0.07980888
2022,86,Putumayo,86320,Orito,27.22500001,94733.03250042,0.02873866
2022,86,Putumayo,86568,Puerto Asís,13.38135922,94733.03250042,0.01412534
2022,86,Putumayo,86569,Puerto Caicedo,86.27114077,94733.03250042,0.09106764
2022,86,Putumayo,86571,Puerto Guzmán,322.50962589,94733.03250042,0.34044052
2022,86,Putumayo,86885,Villagarzón,56.9925,94733.03250042,0.06016117
2022,94,Guainía,94001,Inírida,16.4925,94733.03250042,0.01740945
2022,94,Guainía,94884,Puerto Colombia,57.08250002,94733.03250042,0.06025617
2022,94,Guainía,94887,Pana Pana,88.40250001,94733.03250042,0.0933175
2023,05,Antioquia,05031,Amalfi,1233.319479,105059.754408,1.17392191
2023,05,Antioquia,05040,Anorí,2014.378824,105059.754408,1.91736487
2023,05,Antioquia,05120,Cáceres,5878.881897,105059.754408,5.59575066
2023,05,Antioquia,05142,Caracolí,3.078401,105059.754408,0.00293014
2023,05,Antioquia,05154,Caucasia,2834.999565,105059.754408,2.69846392
2023,05,Antioquia,05250,El Bagre,5541.274203,105059.754408,5.2744024
2023,05,Antioquia,05425,Maceo,17.106193,105059.754408,0.01628235
2023,05,Antioquia,05480,Mutatá,149.737441,105059.754408,0.14252598
2023,05,Antioquia,05495,Nechí,8152.449116,105059.754408,7.75982122
2023,05,Antioquia,05579,Puerto Berrío,165.215767,105059.754408,0.15725886
2023,05,Antioquia,05585,Puerto Nare,196.302924,105059.754408,0.18684883
2023,05,Antioquia,05604,Remedios,1536.100696,105059.754408,1.46212097
2023,05,Antioquia,05670,San Roque,10.975335,105059.754408,0.01044675
2023,05,Antioquia,05690,Santo Domingo,9.60232,105059.754408,0.00913987
2023,05,Antioquia,05736,Segovia,1498.619366,105059.754408,1.42644476
2023,05,Antioquia,05756,Sonsón,263.489919,105059.754408,0.25080005
2023,05,Antioquia,05790,Tarazá,1844.677185,105059.754408,1.75583619
2023,05,Antioquia,05854,Valdivia,368.675084,105059.754408,0.35091942
2023,05,Antioquia,05858,Vegachí,349.993766,105059.754408,0.33313781
2023,05,Antioquia,05873,Vigía del Fuerte,67.056191,105059.754408,0.06382672
2023,05,Antioquia,05885,Yalí,110.497674,105059.754408,0.10517603
2023,05,Antioquia,05890,Yolombó,18.893481,105059.754408,0.01798356
2023,05,Antioquia,05893,Yondó,184.862216,105059.754408,0.17595912
2023,05,Antioquia,05895,Zaragoza,8668.760189,105059.754408,8.25126637
2023,13,Bolívar,13030,Altos del Rosario,8.758084,105059.754408,0.00833629
2023,13,Bolívar,13042,Arenal,50.932608,105059.754408,0.04847966
2023,13,Bolívar,13074,Barranco de Loba,340.16442,105059.754408,0.32378185
2023,13,Bolívar,13458,Montecristo,1825.055257,105059.754408,1.73715926
2023,13,Bolívar,13490,Norosí,938.545055,105059.754408,0.89334404
2023,13,Bolívar,13600,Río Viejo,622.876021,105059.754408,0.59287786
2023,13,Bolívar,13655,San Jacinto del Cauca,20.316783,105059.754408,0.01933831
2023,13,Bolívar,13667,San Martín de Loba,723.447275,105059.754408,0.68860553
2023,13,Bolívar,13670,San Pablo,67.276907,105059.754408,0.0640368
2023,13,Bolívar,13688,Santa Rosa del Sur,796.373483,105059.754408,0.75801956
2023,13,Bolívar,13744,Simití,2202.483983,105059.754408,2.09641075
2023,13,Bolívar,13810,Tiquisio,245.14292,105059.754408,0.23333666
2023,17,Caldas,17380,La Dorada,4.511776,105059.754408,0.00429449
2023,17,Caldas,17495,Norcasia,35.235,105059.754408,0.03353806
2023,17,Caldas,17867,Victoria,55.803774,105059.754408,0.05311622
2023,18,Caquetá,18205,Curillo,8.09765,105059.754408,0.00770766
2023,18,Caquetá,18610,San José del Fragua,173.240251,105059.754408,0.16489687
2023,19,Cauca,19100,Bolívar,40.552374,105059.754408,0.03859934
2023,19,Cauca,19110,Buenos Aires,31.239522,105059.754408,0.029735
2023,19,Cauca,19256,El Tambo,44.31189,105059.754408,0.0421778
2023,19,Cauca,19318,Guapi,619.752887,105059.754408,0.58990514
2023,19,Cauca,19392,La Sierra,19.787815,105059.754408,0.01883482
2023,19,Cauca,19418,López de Micay,1185.509746,105059.754408,1.12841473
2023,19,Cauca,19450,Mercaderes,69.591646,105059.754408,0.06624006
2023,19,Cauca,19533,Piamonte,121.52315,105059.754408,0.11567051
2023,19,Cauca,19698,Santander de Quilichao,61.056577,105059.754408,0.05811605
2023,19,Cauca,19809,Timbiquí,1368.477561,105059.754408,1.30257068
2023,23,Córdoba,23068,Ayapel,5289.603048,105059.754408,5.03485191
2023,23,Córdoba,23350,La Apartada,38.553808,105059.754408,0.03669703
2023,23,Córdoba,23466,Montelíbano,40.350581,105059.754408,0.03840727
2023,23,Córdoba,23580,Puerto Libertador,150.203852,105059.754408,0.14296992
2023,23,Córdoba,23682,San José de Uré,225.328514,105059.754408,0.21447653
2023,27,Chocó,27001,Quibdó,2269.347506,105059.754408,2.16005407
2023,27,Chocó,27006,Acandí,29.7225,105059.754408,0.02829104
2023,27,Chocó,27050,Atrato,1068.439029,105059.754408,1.01698223
2023,27,Chocó,27073,Bagadó,265.113432,105059.754408,0.25234538
2023,27,Chocó,27135,El Cantón del San Pablo,6396.882322,105059.754408,6.0888038
2023,27,Chocó,27160,Cértegui,1996.04592,105059.754408,1.89991489
2023,27,Chocó,27205,Condoto,2513.560677,105059.754408,2.39250576
2023,27,Chocó,27361,Istmina,4981.494328,105059.754408,4.74158193
2023,27,Chocó,27413,Lloró,616.586942,105059.754408,0.58689167
2023,27,Chocó,27425,Medio Atrato,2459.872964,105059.754408,2.34140369
2023,27,Chocó,27430,Medio Baudó,3.75586,105059.754408,0.00357498
2023,27,Chocó,27450,Medio San Juan,1679.577079,105059.754408,1.59868742
2023,27,Chocó,27491,Nóvita,5908.555288,105059.754408,5.62399496
2023,27,Chocó,27580,Río Iró,448.189363,105059.754408,0.42660424
2023,27,Chocó,27600,Río Quito,4806.490509,105059.754408,4.57500642
2023,27,Chocó,27615,Riosucio,229.533817,105059.754408,0.2184793
2023,27,Chocó,27660,San José del Palmar,25.131429,105059.754408,0.02392108
2023,27,Chocó,27745,Sipí,642.756874,105059.754408,0.61180123
2023,27,Chocó,27787,Tadó,704.618088,105059.754408,0.67068317
2023,27,Chocó,27800,Unguía,59.779124,105059.754408,0.05690012
2023,27,Chocó,27810,Unión Panamericana,3003.387591,105059.754408,2.85874225
2023,44,La Guajira,44090,Dibulla,4.6125,105059.754408,0.00439036
2023,52,Nariño,52079,Barbacoas,1818.311391,105059.754408,1.73074019
2023,52,Nariño,52250,El Charco,365.680822,105059.754408,0.34806937
2023,52,Nariño,52385,La Llanada,21.988607,105059.754408,0.02092962
2023,52,Nariño,52418,Los Andes,140.005737,105059.754408,0.13326296
2023,52,Nariño,52427,Magüí,1736.23534,105059.754408,1.65261698
2023,52,Nariño,52621,Roberto Payán,203.174858,105059.754408,0.19338981
2023,52,Nariño,52696,Santa Bárbara,470.837163,105059.754408,0.4481613
2023,52,Nariño,52835,San Andrés de Tumaco,97.234719,105059.754408,0.09255182
2023,73,Tolima,73067,Ataco,17.111242,105059.754408,0.01628715
2023,73,Tolima,73168,Chaparral,8.448758,105059.754408,0.00804186
2023,73,Tolima,73217,Coyaima,31.162935,105059.754408,0.02966211
2023,76,Valle Del Cauca,76109,Buenaventura,585.586555,105059.754408,0.55738428
2023,76,Valle Del Cauca,76126,Calima,5.891083,105059.754408,0.00560736
2023,86,Putumayo,86001,Mocoa,84.746772,105059.754408,0.08066531
2023,86,Putumayo,86320,Orito,20.113569,105059.754408,0.01914488
2023,86,Putumayo,86568,Puerto Asís,25.77886,105059.754408,0.02453733
2023,86,Putumayo,86569,Puerto Caicedo,90.145583,105059.754408,0.08580411
2023,86,Putumayo,86571,Puerto Guzmán,406.264826,105059.754408,0.38669882
2023,86,Putumayo,86885,Villagarzón,69.527232,105059.754408,0.06617875
2023,91,Amazonas,91798,Tarapacá,7.164658,105059.754408,0.0068196
2023,94,Guainía,94001,Inírida,19.9125,105059.754408,0.0189535
2023,94,Guainía,94884,Puerto Colombia,74.659164,105059.754408,0.07106352
2023,94,Guainía,94887,Pana Pana,103.267442,105059.754408,0.09829401
