anio,codigo_departamento,departamento,codigo_municipio,municipio,estable_ha,nuevo_ha,expansion_ha,abandono_ha,evoa_ha
2014,05,Antioquia,05031,Amalfi,0.0,0.0,0.0,0.0,807.2031099
2014,05,Antioquia,05034,Andes,0.0,0.0,0.0,0.0,1.54762249
2014,05,Antioquia,05036,Angelópolis,0.0,0.0,0.0,0.0,29.14862844
2014,05,Antioquia,05040,Anorí,0.0,0.0,0.0,0.0,1055.98376511
2014,05,Antioquia,05044,Anzá,0.0,0.0,0.0,0.0,8.9976269
2014,05,Antioquia,05055,Argelia,0.0,0.0,0.0,0.0,3.26168057
2014,05,Antioquia,05059,Armenia,0.0,0.0,0.0,0.0,2.16335886
2014,05,Antioquia,05091,Betania,0.0,0.0,0.0,0.0,1.87093866
2014,05,Antioquia,05120,Cáceres,0.0,0.0,0.0,0.0,3357.15137524
2014,05,Antioquia,05134,Campamento,0.0,0.0,0.0,0.0,83.27898075
2014,05,Antioquia,05148,El Carmen De Viboral,0.0,0.0,0.0,0.0,0.29950022
2014,05,Antioquia,05154,Caucasia,0.0,0.0,0.0,0.0,1276.94219591
2014,05,Antioquia,05172,Chigorodó,0.0,0.0,0.0,0.0,29.1375
2014,05,Antioquia,05209,Concordia,0.0,0.0,0.0,0.0,9.21073352
2014,05,Antioquia,05234,Dabeiba,0.0,0.0,0.0,0.0,12.195
2014,05,Antioquia,05250,El Bagre,0.0,0.0,0.0,0.0,3136.32129258
2014,05,Antioquia,05284,Frontino,0.0,0.0,0.0,0.0,4.25214145
2014,05,Antioquia,05313,Granada,0.0,0.0,0.0,0.0,29.30462959
2014,05,Antioquia,05315,Guadalupe,0.0,0.0,0.0,0.0,0.0525
2014,05,Antioquia,05361,Ituango,0.0,0.0,0.0,0.0,84.78
2014,05,Antioquia,05425,Maceo,0.0,0.0,0.0,0.0,0.1725
2014,05,Antioquia,05440,Marinilla,0.0,0.0,0.0,0.0,2.74144877
2014,05,Antioquia,05475,Murindó,0.0,0.0,0.0,0.0,132.6825
2014,05,Antioquia,05483,Nariño,0.0,0.0,0.0,0.0,11.58190919
2014,05,Antioquia,05495,Nechí,0.0,0.0,0.0,0.0,6199.86329159
2014,05,Antioquia,05591,Puerto Triunfo,0.0,0.0,0.0,0.0,8.5725
2014,05,Antioquia,05604,Remedios,0.0,0.0,0.0,0.0,1102.9048906
2014,05,Antioquia,05652,San Francisco,0.0,0.0,0.0,0.0,1.842216
2014,05,Antioquia,05660,San Luis,0.0,0.0,0.0,0.0,39.30953267
2014,05,Antioquia,05670,San Roque,0.0,0.0,0.0,0.0,34.2768162
2014,05,Antioquia,05679,Santa Bárbara,0.0,0.0,0.0,0.0,7.71334314
2014,05,Antioquia,05690,Santo Domingo,0.0,0.0,0.0,0.0,82.641696
2014,05,Antioquia,05736,Segovia,0.0,0.0,0.0,0.0,1228.86952985
2014,05,Antioquia,05756,Sonsón,0.0,0.0,0.0,0.0,303.910284
2014,05,Antioquia,05789,Támesis,0.0,0.0,0.0,0.0,0.33709437
2014,05,Antioquia,05790,Tarazá,0.0,0.0,0.0,0.0,1217.54641343
2014,05,Antioquia,05809,Titiribí,0.0,0.0,0.0,0.0,21.44432213
2014,05,Antioquia,05847,Urrao,0.0,0.0,0.0,0.0,12.95666058
2014,05,Antioquia,05854,Valdivia,0.0,0.0,0.0,0.0,302.60651618
2014,05,Antioquia,05858,Vegachí,0.0,0.0,0.0,0.0,272.55179758
2014,05,Antioquia,05861,Venecia,0.0,0.0,0.0,0.0,39.88908199
2014,05,Antioquia,05873,Vigía Del Fuerte,0.0,0.0,0.0,0.0,134.3475
2014,05,Antioquia,05885,Yalí,0.0,0.0,0.0,0.0,161.7340632
2014,05,Antioquia,05890,Yolombó,0.0,0.0,0.0,0.0,39.62171939
2014,05,Antioquia,05893,Yondó,0.0,0.0,0.0,0.0,80.7894731
2014,05,Antioquia,05895,Zaragoza,0.0,0.0,0.0,0.0,4890.26037518
2014,13,Bolívar,13042,Arenal,0.0,0.0,0.0,0.0,66.71723889
2014,13,Bolívar,13074,Barranco De Loba,0.0,0.0,0.0,0.0,48.7125033
2014,13,Bolívar,13300,Hatillo De Loba,0.0,0.0,0.0,0.0,4.5675
2014,13,Bolívar,13458,Montecristo,0.0,0.0,0.0,0.0,3225.4812729
2014,13,Bolívar,13473,Morales,0.0,0.0,0.0,0.0,43.8900003
2014,13,Bolívar,13490,Norosí,0.0,0.0,0.0,0.0,228.68743155
2014,13,Bolívar,13600,Río Viejo,0.0,0.0,0.0,0.0,268.41749085
2014,13,Bolívar,13655,San Jacinto Del Cauca,0.0,0.0,0.0,0.0,16.82999985
2014,13,Bolívar,13667,San Martín De Loba,0.0,0.0,0.0,0.0,157.0724904
2014,13,Bolívar,13688,Santa Rosa Del Sur,0.0,0.0,0.0,0.0,1707.11472611
2014,13,Bolívar,13744,Simití,0.0,0.0,0.0,0.0,1533.68409142
2014,13,Bolívar,13810,Tiquisio,0.0,0.0,0.0,0.0,108.59507703
2014,17,Caldas,17001,Manizales,0.0,0.0,0.0,0.0,10.755
2014,17,Caldas,17380,La Dorada,0.0,0.0,0.0,0.0,0.015288
2014,17,Caldas,17388,La Merced,0.0,0.0,0.0,0.0,3.10573411
2014,17,Caldas,17433,Manzanares,0.0,0.0,0.0,0.0,3.8775
2014,17,Caldas,17442,Marmato,0.0,0.0,0.0,0.0,4.52503006
2014,17,Caldas,17444,Marquetalia,0.0,0.0,0.0,0.0,2.6325
2014,17,Caldas,17495,Norcasia,0.0,0.0,0.0,0.0,43.82999985
2014,17,Caldas,17513,Pácora,0.0,0.0,0.0,0.0,49.995
2014,17,Caldas,17541,Pensilvania,0.0,0.0,0.0,0.0,59.14911747
2014,17,Caldas,17614,Riosucio,0.0,0.0,0.0,0.0,4.22532984
2014,17,Caldas,17662,Samaná,0.0,0.0,0.0,0.0,34.95350158
2014,17,Caldas,17777,Supía,0.0,0.0,0.0,0.0,0.43939165
2014,17,Caldas,17867,Victoria,0.0,0.0,0.0,0.0,17.332212
2014,18,Caquetá,18610,San José Del Fragua,0.0,0.0,0.0,0.0,4.77
2014,19,Cauca,19001,Popayán,0.0,0.0,0.0,0.0,4.00622341
2014,19,Cauca,19100,Bolívar,0.0,0.0,0.0,0.0,3.40748358
2014,19,Cauca,19110,Buenos Aires,0.0,0.0,0.0,0.0,102.74883469
2014,19,Cauca,19142,Caloto,0.0,0.0,0.0,0.0,23.04997974
2014,19,Cauca,19256,El Tambo,0.0,0.0,0.0,0.0,131.26829102
2014,19,Cauca,19300,Guachené,0.0,0.0,0.0,0.0,0.9564684
2014,19,Cauca,19318,Guapi,0.0,0.0,0.0,0.0,81.21584777
2014,19,Cauca,19392,La Sierra,0.0,0.0,0.0,0.0,107.07631164
2014,19,Cauca,19397,La Vega,0.0,0.0,0.0,0.0,2.71400538
2014,19,Cauca,19418,López De Micay,0.0,0.0,0.0,0.0,340.86961315
2014,19,Cauca,19532,Patía,0.0,0.0,0.0,0.0,37.60976
2014,19,Cauca,19533,Piamonte,0.0,0.0,0.0,0.0,16.560576
2014,19,Cauca,19622,Rosas,0.0,0.0,0.0,0.0,3.73625999
2014,19,Cauca,19698,Santander De Quilichao,0.0,0.0,0.0,0.0,84.79682353
2014,19,Cauca,19780,Suárez,0.0,0.0,0.0,0.0,10.40099638
2014,19,Cauca,19809,Timbiquí,0.0,0.0,0.0,0.0,457.75174642
2014,23,Córdoba,23068,Ayapel,0.0,0.0,0.0,0.0,3404.1749706
2014,23,Córdoba,23350,La Apartada,0.0,0.0,0.0,0.0,26.7083676
2014,23,Córdoba,23466,Montelíbano,0.0,0.0,0.0,0.0,5.82
2014,23,Córdoba,23580,Puerto Libertador,0.0,0.0,0.0,0.0,27.3225
2014,23,Córdoba,23682,San José De Uré,0.0,0.0,0.0,0.0,78.73736
2014,23,Córdoba,23807,Tierralta,0.0,0.0,0.0,0.0,2.2725
2014,27,Chocó,27001,Quibdó,0.0,0.0,0.0,0.0,2842.31757738
2014,27,Chocó,27025,Alto Baudó,0.0,0.0,0.0,0.0,30.3379296
2014,27,Chocó,27050,Atrato,0.0,0.0,0.0,0.0,540.95843946
2014,27,Chocó,27073,Bagadó,0.0,0.0,0.0,0.0,123.55919241
2014,27,Chocó,27077,Bajo Baudó,0.0,0.0,0.0,0.0,76.7836992
2014,27,Chocó,27099,Bojayá,0.0,0.0,0.0,0.0,118.3360122
2014,27,Chocó,27135,El Cantón Del San Pablo,0.0,0.0,0.0,0.0,4023.38763194
2014,27,Chocó,27150,Carmen Del Darién,0.0,0.0,0.0,0.0,7.378704
2014,27,Chocó,27160,Cértegui,0.0,0.0,0.0,0.0,1205.95816918
2014,27,Chocó,27205,Condoto,0.0,0.0,0.0,0.0,4587.22751028
2014,27,Chocó,27245,El Carmen De Atrato,0.0,0.0,0.0,0.0,50.01095877
2014,27,Chocó,27250,El Litoral Del San Juan,0.0,0.0,0.0,0.0,4.635
2014,27,Chocó,27361,Istmina,0.0,0.0,0.0,0.0,4500.46308585
2014,27,Chocó,27413,Lloró,0.0,0.0,0.0,0.0,544.41678
2014,27,Chocó,27425,Medio Atrato,0.0,0.0,0.0,0.0,2405.42512182
2014,27,Chocó,27430,Medio Baudó,0.0,0.0,0.0,0.0,162.70823738
2014,27,Chocó,27450,Medio San Juan,0.0,0.0,0.0,0.0,1494.80321393
2014,27,Chocó,27491,Nóvita,0.0,0.0,0.0,0.0,5149.72619729
2014,27,Chocó,27495,Nuquí,0.0,0.0,0.0,0.0,11.5875
2014,27,Chocó,27580,Río Iró,0.0,0.0,0.0,0.0,823.88505242
2014,27,Chocó,27600,Río Quito,0.0,0.0,0.0,0.0,1594.32876726
2014,27,Chocó,27615,Riosucio,0.0,0.0,0.0,0.0,220.636296
2014,27,Chocó,27660,San José Del Palmar,0.0,0.0,0.0,0.0,127.02201465
2014,27,Chocó,27745,Sipí,0.0,0.0,0.0,0.0,662.35900126
2014,27,Chocó,27787,Tadó,0.0,0.0,0.0,0.0,1355.72588233
2014,27,Chocó,27800,Unguía,0.0,0.0,0.0,0.0,90.8775
2014,27,Chocó,27810,Unión Panamericana,0.0,0.0,0.0,0.0,3430.09491458
2014,41,Huila,41518,Paicol,0.0,0.0,0.0,0.0,10.69381606
2014,41,Huila,41797,Tesalia,0.0,0.0,0.0,0.0,4.12795552
2014,47,Magdalena,47245,El Banco,0.0,0.0,0.0,0.0,34.83
2014,52,Nariño,52079,Barbacoas,0.0,0.0,0.0,0.0,930.049115
2014,52,Nariño,52250,El Charco,0.0,0.0,0.0,0.0,89.19443674
2014,52,Nariño,52427,Magüí,0.0,0.0,0.0,0.0,356.56285195
2014,52,Nariño,52621,Roberto Payán,0.0,0.0,0.0,0.0,101.72199538
2014,52,Nariño,52696,Santa Bárbara,0.0,0.0,0.0,0.0,146.35919252
2014,52,Nariño,52835,San Andrés De Tumaco,0.0,0.0,0.0,0.0,52.06640543
2014,66,Risaralda,66456,Mistrató,0.0,0.0,0.0,0.0,7.42778118
2014,66,Risaralda,66572,Pueblo Rico,0.0,0.0,0.0,0.0,2.205
2014,68,Santander,68132,California,0.0,0.0,0.0,0.0,81.36
2014,68,Santander,68780,Suratá,0.0,0.0,0.0,0.0,41.40000015
2014,68,Santander,68867,Vetas,0.0,0.0,0.0,0.0,41.77513743
2014,76,Valle Del Cauca,76109,Buenaventura,0.0,0.0,0.0,0.0,1544.57936987
2014,76,Valle Del Cauca,76126,Calima,0.0,0.0,0.0,0.0,23.6475
2014,76,Valle Del Cauca,76233,Dagua,0.0,0.0,0.0,0.0,1.7775
2014,86,Putumayo,86001,Mocoa,0.0,0.0,0.0,0.0,29.80836081
2014,86,Putumayo,86219,Colón,0.0,0.0,0.0,0.0,2.11292896
2014,86,Putumayo,86320,Orito,0.0,0.0,0.0,0.0,121.5225
2014,86,Putumayo,86568,Puerto Asís,0.0,0.0,0.0,0.0,28.80601512
2014,86,Putumayo,86569,Puerto Caicedo,0.0,0.0,0.0,0.0,46.25183156
2014,86,Putumayo,86571,Puerto Guzmán,0.0,0.0,0.0,0.0,109.10679863
2014,86,Putumayo,86749,Sibundoy,0.0,0.0,0.0,0.0,6.35791055
2014,86,Putumayo,86885,Villagarzón,0.0,0.0,0.0,0.0,21.5325
2014,94,Guainía,94884,Puerto Colombia,0.0,0.0,0.0,0.0,12.465
2014,94,Guainía,94887,Pana Pana,0.0,0.0,0.0,0.0,24.75
2014,97,Vaupés,97666,Taraira,0.0,0.0,0.0,0.0,14.715
2016,05,Antioquia,05031,Amalfi,535.09782104,495.72703475,0.0,271.25718332,1030.8251624
2016,05,Antioquia,05034,Andes,1.4580264,0.11098719,0.0,0.08708395,1.56904403
2016,05,Antioquia,05040,Anorí,686.34263621,649.76461217,0.0,368.49913245,1336.10744322
2016,05,Antioquia,05055,Argelia,2.42528088,6.92368545,0.0,0.83292271,9.348966
2016,05,Antioquia,05091,Betania,1.73142255,0.1420639,0.0,0.13653809,1.87345597
2016,05,Antioquia,05120,Cáceres,2777.05093021,1318.67461907,0.0,576.2330588,4095.72619726
2016,05,Antioquia,05134,Campamento,1.54587944,0.0934059,0.0,81.63252284,1.6392852
2016,05,Antioquia,05154,Caucasia,1116.70442984,598.7253323,0.0,158.9496334,1715.43005672
2016,05,Antioquia,05172,Chigorodó,20.40389089,54.90612619,0.0,8.67795941,75.30994444
2016,05,Antioquia,05234,Dabeiba,1.01782754,8.22967247,0.0,11.15477672,9.2475
2016,05,Antioquia,05250,El Bagre,2410.62442839,1966.20280057,0.0,722.90576729,4376.82793594
2016,05,Antioquia,05284,Frontino,0.0,9.63491197,0.0,4.24435566,9.63490658
2016,05,Antioquia,05313,Granada,22.19518772,12.00496857,0.0,7.07718974,34.20014498
2016,05,Antioquia,05361,Ituango,32.16735933,14.97014069,0.0,52.48985249,47.13750001
2016,05,Antioquia,05475,Murindó,9.0765819,29.19591785,0.0,123.33938747,38.2725
2016,05,Antioquia,05480,Mutatá,0.0,109.90998275,0.0,0.0,109.91005555
2016,05,Antioquia,05483,Nariño,4.63274584,13.47863464,0.0,6.93608238,18.11132575
2016,05,Antioquia,05495,Nechí,5482.06647391,434.27058282,0.0,711.80949901,5916.3373212
2016,05,Antioquia,05579,Puerto Berrío,0.0,42.78942728,0.0,0.0,42.78928692
2016,05,Antioquia,05585,Puerto Nare,0.0,112.70807288,0.0,0.0,112.70821308
2016,05,Antioquia,05591,Puerto Triunfo,0.0,2.61,0.0,8.56430869,2.61
2016,05,Antioquia,05604,Remedios,600.63428158,841.79897264,0.0,501.3212014,1442.43342224
2016,05,Antioquia,05652,San Francisco,0.0,0.03358234,0.0,1.84041692,0.0335826
2016,05,Antioquia,05660,San Luis,6.4801535,9.8211084,0.0,32.78977931,16.30127242
2016,05,Antioquia,05670,San Roque,2.3506969,0.34595419,0.0,31.88861775,2.69665787
2016,05,Antioquia,05690,Santo Domingo,11.94256761,9.27828119,0.0,70.60757589,21.22084214
2016,05,Antioquia,05736,Segovia,696.96694194,774.56107185,0.0,530.8424417,1471.52842184
2016,05,Antioquia,05756,Sonsón,83.40938105,156.87113496,0.0,220.20695198,240.2805159
2016,05,Antioquia,05790,Tarazá,967.82353958,635.68542935,0.0,248.19313047,1603.50925208
2016,05,Antioquia,05809,Titiribí,1.92709589,0.39040428,0.0,19.48478741,2.3175
2016,05,Antioquia,05847,Urrao,0.0,15.76758802,0.0,12.93324549,15.76759342
2016,05,Antioquia,05854,Valdivia,249.87118377,161.80137679,0.0,52.36204362,411.67296176
2016,05,Antioquia,05858,Vegachí,147.81409064,128.80464468,0.0,124.4916948,276.61876383
2016,05,Antioquia,05873,Vigía Del Fuerte,17.46732975,21.34517047,0.0,116.6094049,38.81249999
2016,05,Antioquia,05885,Yalí,37.05011443,30.12128733,0.0,124.53683414,67.17147046
2016,05,Antioquia,05890,Yolombó,1.78795,3.7957536,0.0,37.79979666,5.5837386
2016,05,Antioquia,05893,Yondó,56.70171581,52.53562784,0.0,24.04519012,109.23738166
2016,05,Antioquia,05895,Zaragoza,4081.36646149,2104.44604942,0.0,804.12701737,6185.81408292
2016,13,Bolívar,13042,Arenal,13.92466738,13.79532386,0.0,52.7488163,27.72000001
2016,13,Bolívar,13074,Barranco De Loba,21.26563161,58.45395733,0.0,27.41972521,79.71962679
2016,13,Bolívar,13300,Hatillo De Loba,2.10971979,0.43278022,0.0,2.45535941,2.5425
2016,13,Bolívar,13458,Montecristo,2347.80385896,871.52273766,0.0,875.19872891,3219.3267051
2016,13,Bolívar,13473,Morales,5.71444951,8.86555059,0.0,38.14730065,14.58
2016,13,Bolívar,13490,Norosí,108.81963023,183.09106452,0.0,119.73369593,291.91063265
2016,13,Bolívar,13600,Río Viejo,179.21911291,206.11518684,0.0,89.02668557,385.33460635
2016,13,Bolívar,13655,San Jacinto Del Cauca,13.39261343,16.2398796,0.0,3.42278821,29.6325
2016,13,Bolívar,13667,San Martín De Loba,97.06707644,128.0657635,0.0,59.92171259,225.1328732
2016,13,Bolívar,13670,San Pablo,0.0,36.9984943,0.0,0.0,36.99838362
2016,13,Bolívar,13688,Santa Rosa Del Sur,1190.75008853,682.16427735,0.0,515.07889113,1872.91496151
2016,13,Bolívar,13744,Simití,1217.1670771,302.6403108,0.0,315.78187604,1519.80749996
2016,13,Bolívar,13810,Tiquisio,69.77802453,44.18932405,0.0,38.74687318,113.96726104
2016,17,Caldas,17380,La Dorada,0.0,0.3786577,0.0,0.01527366,0.37865835
2016,17,Caldas,17495,Norcasia,21.15969901,17.64978519,0.0,22.62865995,38.8094841
2016,17,Caldas,17541,Pensilvania,36.74802298,13.60697706,0.0,22.33370272,50.35500001
2016,17,Caldas,17614,Riosucio,3.74051891,0.58631091,0.0,0.47831484,4.32682725
2016,17,Caldas,17662,Samaná,5.9226056,1.85204767,0.0,28.99195511,7.77470825
2016,17,Caldas,17867,Victoria,16.98681504,14.51702731,0.0,0.32901849,31.50384165
2016,18,Caquetá,18205,Curillo,0.0,4.59,0.0,0.0,4.59
2016,18,Caquetá,18610,San José Del Fragua,0.0,49.70249997,0.0,4.76198686,49.70250001
2016,19,Cauca,19100,Bolívar,2.91331501,44.13670949,0.0,0.48675903,47.04995631
2016,19,Cauca,19110,Buenos Aires,33.14155957,39.6577674,0.0,69.40338642,72.79931437
2016,19,Cauca,19142,Caloto,4.18801993,22.47256646,0.0,18.8197862,26.6606169
2016,19,Cauca,19256,El Tambo,101.56939959,66.70622182,0.0,29.41904185,168.27559103
2016,19,Cauca,19300,Guachené,0.00921111,14.32520292,0.0,0.94550819,14.3343831
2016,19,Cauca,19318,Guapi,54.1708684,668.33714594,0.0,26.83563461,722.50802982
2016,19,Cauca,19392,La Sierra,88.76674826,5.81068279,0.0,18.08043339,94.57744263
2016,19,Cauca,19397,La Vega,1.1156674,0.90933261,0.0,1.59261678,2.025
2016,19,Cauca,19418,López De Micay,251.66734488,522.9350432,0.0,88.39895607,774.60239704
2016,19,Cauca,19450,Mercaderes,0.0,113.41997596,0.0,0.0,113.4200437
2016,19,Cauca,19473,Morales,0.0,6.72749974,0.0,0.0,6.7275
2016,19,Cauca,19532,Patía,34.3192438,28.77739173,0.0,3.20886061,63.09663562
2016,19,Cauca,19533,Piamonte,9.00036623,61.37963365,0.0,7.5292331,70.38
2016,19,Cauca,19622,Rosas,1.8068065,0.88361774,0.0,1.92170196,2.69043375
2016,19,Cauca,19698,Santander De Quilichao,45.27588103,9.92691366,0.0,39.35821751,55.20279265
2016,19,Cauca,19701,Santa Rosa,0.0,24.09750001,0.0,0.0,24.09749999
2016,19,Cauca,19780,Suárez,1.18456049,6.28581947,0.0,9.19548008,7.470393
2016,19,Cauca,19809,Timbiquí,361.38800844,1075.09147613,0.0,95.21817514,1436.47947031
2016,23,Córdoba,23068,Ayapel,2927.90194237,526.56751468,0.0,472.50353594,3454.46999996
2016,23,Córdoba,23350,La Apartada,22.70412412,6.29836271,0.0,3.97264143,29.00249999
2016,23,Córdoba,23682,San José De Uré,75.79472004,18.9848429,0.0,2.83799007,94.77955027
2016,23,Córdoba,23807,Tierralta,0.86679793,12.63320195,0.0,1.40187271,13.5
2016,27,Chocó,27001,Quibdó,1555.22915512,590.81344357,0.0,1281.53794174,2146.0428815
2016,27,Chocó,27006,Acandí,0.0,45.29250008,0.0,0.0,45.29250001
2016,27,Chocó,27050,Atrato,289.5184219,474.02729131,0.0,250.37868638,763.54585147
2016,27,Chocó,27073,Bagadó,95.04836922,206.91003327,0.0,28.28919028,301.95839149
2016,27,Chocó,27099,Bojayá,46.98658957,7.19341037,0.0,71.09694758,54.18000001
2016,27,Chocó,27135,El Cantón Del San Pablo,3508.85579118,875.82808521,0.0,506.36818208,4384.68410293
2016,27,Chocó,27160,Cértegui,621.57939523,507.61644508,0.0,582.01486257,1129.19566905
2016,27,Chocó,27205,Condoto,2064.19914902,341.60276616,0.0,2514.02794152,2405.80187768
2016,27,Chocó,27250,El Litoral Del San Juan,0.50345654,4.24404345,0.0,4.12231001,4.7475
2016,27,Chocó,27361,Istmina,3505.82448733,698.95107139,0.0,985.48327779,4204.77587003
2016,27,Chocó,27413,Lloró,327.17022475,330.13468966,0.0,216.20249645,657.30491474
2016,27,Chocó,27425,Medio Atrato,1557.81999722,604.93542298,0.0,842.89545464,2162.75524578
2016,27,Chocó,27430,Medio Baudó,4.40162841,5.09206603,0.0,157.95361939,9.49371761
2016,27,Chocó,27450,Medio San Juan,981.17432223,298.42862584,0.0,510.55102961,1279.60294299
2016,27,Chocó,27491,Nóvita,3392.34693613,1404.45770557,0.0,1747.21197044,4796.80478615
2016,27,Chocó,27580,Río Iró,362.6677957,170.38576413,0.0,459.62689893,533.05354592
2016,27,Chocó,27600,Río Quito,1108.70231332,1623.78753842,0.0,482.38478367,2732.48964856
2016,27,Chocó,27615,Riosucio,97.2480985,173.24689771,0.0,122.9513085,270.49499999
2016,27,Chocó,27660,San José Del Palmar,77.10561317,140.07038094,0.0,49.68173071,217.1760012
2016,27,Chocó,27745,Sipí,469.2968863,179.48959805,0.0,191.74832054,648.78652623
2016,27,Chocó,27787,Tadó,750.47690563,445.41315247,0.0,602.65728589,1195.89008262
2016,27,Chocó,27800,Unguía,45.85287054,34.85463088,0.0,44.82302714,80.70750001
2016,27,Chocó,27810,Unión Panamericana,2563.94517647,434.9477757,0.0,859.35957495,2998.89294416
2016,41,Huila,41357,Íquira,0.0,1.62000006,0.0,0.0,1.62000001
2016,41,Huila,41518,Paicol,0.0,0.36,0.0,10.67832332,0.36
2016,41,Huila,41797,Tesalia,0.0,1.46249999,0.0,4.12198845,1.4625
2016,52,Nariño,52079,Barbacoas,652.36506829,750.25675587,0.0,275.05323959,1402.62178869
2016,52,Nariño,52233,Cumbitara,0.0,7.8574055,0.0,0.0,7.8574176
2016,52,Nariño,52250,El Charco,85.02469987,133.54746083,0.0,3.92870984,218.57215951
2016,52,Nariño,52418,Los Andes,0.0,0.45924526,0.0,0.0,0.45924532
2016,52,Nariño,52427,Magüí,257.95958741,240.02254013,0.0,97.58829547,497.98212332
2016,52,Nariño,52621,Roberto Payán,67.43047238,37.719176,0.0,33.99620261,105.14968031
2016,52,Nariño,52696,Santa Bárbara,139.15758675,251.31771676,0.0,6.81166779,390.47529154
2016,52,Nariño,52835,San Andrés De Tumaco,36.88521483,17.49706564,0.0,15.02981946,54.38229382
2016,66,Risaralda,66456,Mistrató,5.13634212,3.94682842,0.0,2.27981952,9.08317275
2016,76,Valle Del Cauca,76109,Buenaventura,601.62447032,370.33052957,0.0,939.60254768,971.95500001
2016,76,Valle Del Cauca,76111,Guadalajara De Buga,0.0,7.80749995,0.0,0.0,7.80750001
2016,76,Valle Del Cauca,76122,Caicedonia,0.0,0.14559062,0.0,0.0,0.14558805
2016,76,Valle Del Cauca,76126,Calima,11.73062929,6.53937073,0.0,11.86745516,18.27000001
2016,76,Valle Del Cauca,76233,Dagua,0.0,8.37,0.0,1.7738388,8.37
2016,76,Valle Del Cauca,76670,San Pedro,0.0,3.24,0.0,0.0,3.24
2016,76,Valle Del Cauca,76736,Sevilla,0.0,13.19690928,0.0,0.0,13.19691195
2016,86,Putumayo,86001,Mocoa,16.76076891,27.53402962,0.0,12.99045541,44.29479157
2016,86,Putumayo,86320,Orito,51.30010481,36.53989506,0.0,69.95899362,87.83999999
2016,86,Putumayo,86569,Puerto Caicedo,23.1716817,78.40981793,0.0,22.99115392,101.58149879
2016,86,Putumayo,86571,Puerto Guzmán,66.02175843,200.43996191,0.0,42.87833523,266.46171959
2016,86,Putumayo,86749,Sibundoy,0.36160896,1.37089104,0.0,5.98261952,1.7325
2016,86,Putumayo,86885,Villagarzón,9.11979437,26.269686,0.0,12.37073511,35.38949003
2016,94,Guainía,94001,Inírida,0.0,9.3825,0.0,0.0,9.3825
2016,94,Guainía,94884,Puerto Colombia,6.04009985,44.27564471,0.0,6.45942575,50.31575026
2016,94,Guainía,94887,Pana Pana,13.06546711,44.07878788,0.0,11.74263667,57.14424975
2016,97,Vaupés,97666,Taraira,3.04944277,28.65305705,0.0,11.69373144,31.7025
2018,05,Antioquia,05031,Amalfi,976.75398794,121.2635407,186.54884985,54.07119986,1284.56635599
2018,05,Antioquia,05040,Anorí,1216.26884608,183.10307303,288.90328137,119.83861509,1688.27518138
2018,05,Antioquia,05120,Cáceres,3652.30734145,337.77513174,1249.44109424,443.41885402,5239.52356062
2018,05,Antioquia,05134,Campamento,1.63928544,0.0,0.0,0.0,1.6392852
2018,05,Antioquia,05154,Caucasia,1274.6316695,64.54962939,125.27290029,440.79839527,1464.45419652
2018,05,Antioquia,05172,Chigorodó,74.90494496,0.0,7.66008694,0.40500019,82.56503084
2018,05,Antioquia,05234,Dabeiba,5.73750001,0.0,2.07000022,3.50999968,7.8075
2018,05,Antioquia,05250,El Bagre,3400.53775146,216.37964546,731.67529763,976.29016963,4348.59270006
2018,05,Antioquia,05284,Frontino,9.63490576,1.71,2.97000018,0.0,14.31490658
2018,05,Antioquia,05361,Ituango,6.41250033,13.2975,3.66750034,40.72499839,23.3775
2018,05,Antioquia,05480,Mutatá,108.56005565,14.69249999,28.06991161,1.34999973,151.32246913
2018,05,Antioquia,05495,Nechí,5330.97317778,208.52422722,708.88827173,585.3641463,6248.38568039
2018,05,Antioquia,05579,Puerto Berrío,42.78928602,11.92500001,8.55303807,0.0,63.26732269
2018,05,Antioquia,05585,Puerto Nare,110.41321434,17.3475,27.26696254,2.29499992,155.02767731
2018,05,Antioquia,05604,Remedios,1330.94558127,406.88168307,402.0347314,111.48783121,2139.86200959
2018,05,Antioquia,05736,Segovia,1310.75337918,303.08310594,383.02225732,160.77504146,1996.85875084
2018,05,Antioquia,05756,Sonsón,201.80249902,9.3375,27.24750051,38.47801667,238.38750001
2018,05,Antioquia,05790,Tarazá,1341.37246676,89.92348264,467.37907122,262.1367985,1898.67500333
2018,05,Antioquia,05847,Urrao,12.50509412,4.59,1.32749981,3.26249962,18.42259342
2018,05,Antioquia,05854,Valdivia,348.36586446,0.1125,172.72291655,63.30709064,521.20129323
2018,05,Antioquia,05858,Vegachí,260.23221835,39.80970169,65.05787988,16.38654798,365.09979623
2018,05,Antioquia,05873,Vigía Del Fuerte,30.19499911,9.63,16.65000122,8.61749923,56.47499999
2018,05,Antioquia,05885,Yalí,51.40249658,4.0653592,6.18344221,15.76897233,61.65129456
2018,05,Antioquia,05893,Yondó,100.82238142,18.71232674,28.54396251,8.41499986,148.07867094
2018,05,Antioquia,05895,Zaragoza,5947.20236011,226.51412628,2055.47677766,238.61172804,8229.19327019
2018,13,Bolívar,13030,Altos Del Rosario,0.0,5.04,0.0,0.0,5.04
2018,13,Bolívar,13042,Arenal,17.43750028,8.2125,0.29249998,10.28249888,25.9425
2018,13,Bolívar,13074,Barranco De Loba,68.00836294,66.94723081,40.94476252,11.71126211,175.90035681
2018,13,Bolívar,13458,Montecristo,2587.60273511,107.80118316,375.06230794,631.72399758,3070.46620249
2018,13,Bolívar,13490,Norosí,251.90316178,77.65080174,226.81106602,40.0074742,556.36502398
2018,13,Bolívar,13600,Río Viejo,339.35527492,68.29744258,197.31568091,45.97932185,604.96840625
2018,13,Bolívar,13655,San Jacinto Del Cauca,9.38249973,0.855,1.23749975,20.25000313,11.475
2018,13,Bolívar,13667,San Martín De Loba,208.13413811,58.19776919,184.21273509,16.99873762,450.54464323
2018,13,Bolívar,13670,San Pablo,28.55240771,4.7218995,2.72250005,8.44597802,35.99680691
2018,13,Bolívar,13688,Santa Rosa Del Sur,1741.91404537,221.18825663,365.00013843,131.00090155,2328.10245929
2018,13,Bolívar,13744,Simití,1419.00750098,4.0725,92.43000101,100.79999672,1515.51000005
2018,13,Bolívar,13810,Tiquisio,78.56655799,35.40175566,18.38075708,35.4007013,132.34906976
2018,17,Caldas,17380,La Dorada,0.0,2.03116375,0.0,0.37865826,2.03116342
2018,17,Caldas,17495,Norcasia,32.93999986,22.65133625,12.41999971,5.86948364,68.01133658
2018,18,Caquetá,18610,San José Del Fragua,17.61750011,24.1875,8.4150001,32.08499874,50.22
2018,19,Cauca,19100,Bolívar,42.37864502,0.0,18.66296141,4.67130953,61.0416069
2018,19,Cauca,19110,Buenos Aires,41.99720613,1.215,1.46250046,30.80210357,44.67470737
2018,19,Cauca,19256,El Tambo,119.31294072,0.81,0.76658857,48.96265593,120.88952691
2018,19,Cauca,19318,Guapi,311.38419905,14.4225,135.1647648,411.12384228,460.97146374
2018,19,Cauca,19355,Inzá,0.0,9.2025,0.0,0.0,9.2025
2018,19,Cauca,19392,La Sierra,80.35410478,0.0,1.55091119,14.22333847,81.90501468
2018,19,Cauca,19418,López De Micay,389.38853241,85.14,110.90249652,385.21387269,585.43103152
2018,19,Cauca,19450,Mercaderes,110.73385455,0.0,17.9670385,2.68619013,128.70089309
2018,19,Cauca,19473,Morales,3.37499981,1.125,0.63000005,3.35249836,5.13
2018,19,Cauca,19532,Patía,55.72692603,0.0,0.0,7.36970826,55.7269269
2018,19,Cauca,19533,Piamonte,48.19500079,3.5325,11.38499971,22.18500154,63.11250002
2018,19,Cauca,19698,Santander De Quilichao,55.20279244,0.45,0.27000015,0.0,55.92279263
2018,19,Cauca,19701,Santa Rosa,18.76500176,0.0,3.53249875,5.33250073,22.29750001
2018,19,Cauca,19780,Suárez,2.07000003,0.0,0.0,5.40039487,2.07
2018,19,Cauca,19809,Timbiquí,1012.69580832,28.68750001,265.20023113,423.78365589,1306.58353628
2018,23,Córdoba,23068,Ayapel,3013.38000685,349.62112744,449.50499035,441.08999268,3812.50612744
2018,23,Córdoba,23350,La Apartada,9.74249972,0.0,1.19250022,19.26000146,10.935
2018,23,Córdoba,23682,San José De Uré,93.83455292,11.205,27.73930637,0.94500029,132.77885526
2018,23,Córdoba,23807,Tierralta,7.60500034,0.0,18.6299997,5.8949999,26.235
2018,27,Chocó,27001,Quibdó,1515.50075368,252.2025,455.67245404,630.54214821,2223.37570212
2018,27,Chocó,27006,Acandí,43.67249965,0.0,18.4274994,1.62000076,62.1
2018,27,Chocó,27050,Atrato,625.49349865,205.07333909,232.51387178,138.05234853,1063.08071142
2018,27,Chocó,27073,Bagadó,225.13874339,27.43208285,54.84251422,76.81964733,307.41334076
2018,27,Chocó,27135,El Cantón Del San Pablo,4187.43562999,72.6525,543.82269983,197.24854576,4803.91077251
2018,27,Chocó,27150,Carmen Del Darién,0.0,2.61990589,0.0,0.0,2.61990585
2018,27,Chocó,27160,Cértegui,1037.42016035,104.49171414,304.01544905,91.77549488,1445.92734176
2018,27,Chocó,27205,Condoto,2150.81708753,78.77249999,337.3113793,254.98477923,2566.90096861
2018,27,Chocó,27361,Istmina,3971.96039684,33.99811803,378.81859033,232.81548854,4384.77709253
2018,27,Chocó,27413,Lloró,507.90491233,63.15979525,117.38250198,149.3999988,688.44720995
2018,27,Chocó,27425,Medio Atrato,1600.58155792,88.3575,380.17507999,562.17369463,2069.11413319
2018,27,Chocó,27430,Medio Baudó,3.08121648,0.0,2.06803896,6.41249926,5.14925456
2018,27,Chocó,27450,Medio San Juan,1184.30862271,27.13164711,141.99654658,95.29433095,1353.43681467
2018,27,Chocó,27491,Nóvita,4390.9798826,103.11749999,657.32332251,405.82491141,5151.42070873
2018,27,Chocó,27580,Río Iró,384.06009281,38.40750002,116.83079598,148.99345418,539.29838958
2018,27,Chocó,27600,Río Quito,2306.79285722,124.69499999,570.0325792,425.69677927,3001.52042999
2018,27,Chocó,27615,Riosucio,247.79250293,14.34509411,58.00499936,22.70250186,320.14259416
2018,27,Chocó,27660,San José Del Palmar,82.64249734,0.0,5.89500109,134.53350582,88.53749999
2018,27,Chocó,27745,Sipí,544.48971646,25.065,85.60690131,104.29680891,655.16161845
2018,27,Chocó,27787,Tadó,1001.93848125,45.09107459,222.56225759,193.95159992,1269.59181203
2018,27,Chocó,27800,Unguía,80.70750134,0.0,4.97249965,0.0,85.68000001
2018,27,Chocó,27810,Unión Panamericana,2817.62142475,46.94222893,241.40749232,181.27146957,3105.97119914
2018,52,Nariño,52079,Barbacoas,935.32052372,132.66019747,540.71721526,467.30126317,1608.69793763
2018,52,Nariño,52233,Cumbitara,2.60853081,0.0,2.76257806,5.248886,5.3711079
2018,52,Nariño,52250,El Charco,144.9861708,14.3325,47.18718261,73.58598926,206.50585118
2018,52,Nariño,52385,La Llanada,0.0,16.71884338,0.0,0.0,16.71884325
2018,52,Nariño,52418,Los Andes,0.03889985,25.82323255,0.0,0.42034526,25.86213285
2018,52,Nariño,52427,Magüí,355.92818664,38.23999068,321.19457071,142.05393063,715.36274713
2018,52,Nariño,52621,Roberto Payán,52.81308461,28.88273591,22.73015276,52.33660394,104.42597128
2018,52,Nariño,52696,Santa Bárbara,123.96758435,15.00750001,28.77315728,266.50771623,167.74824463
2018,52,Nariño,52835,San Andrés De Tumaco,41.48450629,17.23500001,11.92015707,12.89778563,70.63966411
2018,76,Valle Del Cauca,76109,Buenaventura,706.43249126,47.9925,113.71499951,265.52249419,868.14000005
2018,76,Valle Del Cauca,76126,Calima,13.63500017,2.925,4.31999954,4.63499969,20.88000001
2018,86,Putumayo,86001,Mocoa,28.20694229,2.90123449,9.07311124,16.08784856,40.18128614
2018,86,Putumayo,86320,Orito,55.75500014,0.0,1.12499955,32.08499902,56.87999999
2018,86,Putumayo,86568,Puerto Asís,0.0,8.055,0.0,0.0,8.055
2018,86,Putumayo,86569,Puerto Caicedo,50.91750174,19.01250001,21.1949989,50.66400031,91.12499999
2018,86,Putumayo,86571,Puerto Guzmán,150.25148393,12.2625,50.70083911,116.21023973,213.21482668
2018,86,Putumayo,86885,Villagarzón,17.35907521,3.69126551,6.75854657,18.0304157,27.80888722
2018,94,Guainía,94884,Puerto Colombia,43.38575135,2.00693037,12.4720794,6.93000012,57.86475965
2018,94,Guainía,94887,Pana Pana,51.1367467,6.99306963,22.807923,6.00749873,80.93774033
2019,05,Antioquia,05031,Amalfi,1188.15769234,147.38098885,83.53688836,96.40866273,1419.0755743
2019,05,Antioquia,05040,Anorí,1442.91319063,209.85749992,209.50613468,245.36199844,1862.27681368
2019,05,Antioquia,05055,Argelia,0.0,3.75643519,0.0,0.0,3.756435
2019,05,Antioquia,05120,Cáceres,4659.85197685,358.2038974,574.11821533,579.67158506,5592.17408188
2019,05,Antioquia,05154,Caucasia,1403.1315053,166.47400724,266.16942119,61.32269846,1835.77493072
2019,05,Antioquia,05172,Chigorodó,48.90026923,0.0,5.26845471,33.66476093,54.16872445
2019,05,Antioquia,05234,Dabeiba,3.64499906,0.0,0.85500074,4.16250034,4.5
2019,05,Antioquia,05250,El Bagre,3833.17523581,476.65507009,821.67519509,515.41748714,5131.50549472
2019,05,Antioquia,05480,Mutatá,137.91723175,0.0,37.9090454,13.40523563,175.82627556
2019,05,Antioquia,05495,Nechí,6018.17153004,322.00348445,1148.8306807,230.21414621,7489.00569683
2019,05,Antioquia,05579,Puerto Berrío,59.27250423,70.155,13.63499957,3.99482016,143.06250293
2019,05,Antioquia,05585,Puerto Nare,147.09749448,9.81,19.10250016,7.93017938,176.00999708
2019,05,Antioquia,05604,Remedios,1478.82078176,262.79882382,296.4579384,661.04122683,2038.07755588
2019,05,Antioquia,05736,Segovia,1614.83293626,196.08622993,707.56443805,382.02581015,2518.48359445
2019,05,Antioquia,05756,Sonsón,229.05000068,20.2275,32.175001,9.33749997,281.45250002
2019,05,Antioquia,05790,Tarazá,1555.39482532,98.9834436,161.15786548,343.28017915,1815.53612744
2019,05,Antioquia,05854,Valdivia,418.67015213,15.3675,67.76657762,102.53113843,501.80423273
2019,05,Antioquia,05858,Vegachí,272.50828248,58.04729554,78.49170431,92.59150936,409.04728639
2019,05,Antioquia,05873,Vigía Del Fuerte,29.13750078,0.0,7.91999924,27.3374978,37.0575
2019,05,Antioquia,05885,Yalí,38.38575635,12.96,1.25999972,23.26554142,52.60575526
2019,05,Antioquia,05893,Yondó,120.94340989,32.14062985,45.8637127,27.1352599,198.94775322
2019,05,Antioquia,05895,Zaragoza,7226.8924048,440.10769517,794.33634115,1002.30085158,8461.33645213
2019,13,Bolívar,13030,Altos Del Rosario,2.65500048,2.925,2.49749957,2.3850003,8.0775
2019,13,Bolívar,13042,Arenal,13.16249909,2.8125,5.0175005,12.78000002,20.9925
2019,13,Bolívar,13074,Barranco De Loba,150.52241925,6.6825,51.55416548,25.37793878,208.75908399
2019,13,Bolívar,13160,Cantagallo,0.0,1.17,0.0,0.0,1.17
2019,13,Bolívar,13458,Montecristo,2604.76199759,138.15009252,715.93567781,465.70419473,3458.84780008
2019,13,Bolívar,13490,Norosí,472.906108,120.52659324,225.48633923,83.4589267,818.91903648
2019,13,Bolívar,13600,Río Viejo,467.60770969,25.46999998,129.03169906,137.36069403,622.10940895
2019,13,Bolívar,13655,San Jacinto Del Cauca,11.36249926,0.69147974,0.74250016,0.1124999,12.7964796
2019,13,Bolívar,13667,San Martín De Loba,394.45008725,11.4075,108.33083369,56.09456116,514.18841602
2019,13,Bolívar,13670,San Pablo,28.00617113,62.3025,2.91561838,7.99063574,93.22429211
2019,13,Bolívar,13688,Santa Rosa Del Sur,2196.60408209,203.92185723,630.84106783,131.4983829,3031.3670123
2019,13,Bolívar,13744,Simití,1451.8349943,66.55499997,159.23250673,63.67499645,1677.62249999
2019,13,Bolívar,13810,Tiquisio,100.31368757,43.0934068,30.47946,32.03537781,173.88655456
2019,17,Caldas,17380,La Dorada,1.8961638,0.31374114,0.0,0.13499997,2.20990417
2019,17,Caldas,17495,Norcasia,60.18133452,8.32500001,6.72750067,7.83000014,75.23383657
2019,17,Caldas,17662,Samaná,0.0,0.15856481,0.0,0.0,0.158565
2019,17,Caldas,17867,Victoria,0.0,39.26375886,0.0,0.0,39.26375925
2019,18,Caquetá,18610,San José Del Fragua,34.78500254,7.8975,10.41749871,15.43499897,53.10000076
2019,19,Cauca,19100,Bolívar,36.62866202,0.0,2.30650428,24.41294534,38.93516572
2019,19,Cauca,19110,Buenos Aires,41.63720731,4.5225,0.25953667,3.03749876,46.41924419
2019,19,Cauca,19256,El Tambo,45.47899406,0.0,0.12813811,75.41053283,45.60713296
2019,19,Cauca,19318,Guapi,373.02750048,52.695,34.24500012,87.94396216,459.96750002
2019,19,Cauca,19392,La Sierra,32.06638574,0.0,0.0,49.83863235,32.06638372
2019,19,Cauca,19418,López De Micay,411.34853401,33.21,90.70436092,174.08248979,535.26289318
2019,19,Cauca,19450,Mercaderes,84.71383911,0.0,3.02599495,43.98705481,87.7398346
2019,19,Cauca,19532,Patía,5.31858942,0.0,0.0,50.4083373,5.31859013
2019,19,Cauca,19533,Piamonte,34.82999758,6.7275,3.96000058,28.28250068,45.51750045
2019,19,Cauca,19698,Santander De Quilichao,53.56029248,0.0,4.62296328,2.36250005,58.18325582
2019,19,Cauca,19809,Timbiquí,1170.38250454,30.17250002,141.61499969,136.20103116,1342.17000002
2019,23,Córdoba,23068,Ayapel,3620.26612295,304.22249997,873.63000409,192.24000111,4798.11862737
2019,23,Córdoba,23350,La Apartada,10.93499997,0.0,0.0,0.0,10.935
2019,23,Córdoba,23580,Puerto Libertador,0.0,45.4275,0.0,0.0,45.4275
2019,23,Córdoba,23682,San José De Uré,115.93194342,4.1175,1.66500012,16.84691265,121.71444007
2019,27,Chocó,27001,Quibdó,1660.50135046,29.8575,156.979985,562.87435547,1847.33883364
2019,27,Chocó,27006,Acandí,43.33499887,18.72,5.17500035,18.76500063,67.23000001
2019,27,Chocó,27050,Atrato,898.3986142,16.65,64.72028631,164.68210337,979.76889861
2019,27,Chocó,27073,Bagadó,274.56333941,4.77,10.57500075,32.84999982,289.90834075
2019,27,Chocó,27135,El Cantón Del San Pablo,4614.40227242,41.10749999,413.74239194,189.50851197,5069.25216793
2019,27,Chocó,27150,Carmen Del Darién,1.60740589,0.0,0.02249999,1.01250009,1.62990585
2019,27,Chocó,27160,Cértegui,1385.61907335,5.04476983,154.17205041,60.30826967,1544.83589099
2019,27,Chocó,27205,Condoto,2348.65586843,28.485,101.07000192,218.24509704,2478.21086602
2019,27,Chocó,27361,Istmina,4229.10173277,32.06968142,241.85459495,155.67535761,4503.0260058
2019,27,Chocó,27413,Lloró,586.40971018,3.645,30.04612532,102.03749987,620.10083529
2019,27,Chocó,27425,Medio Atrato,1858.01913044,32.31,221.99279714,211.09500003,2112.3219264
2019,27,Chocó,27430,Medio Baudó,5.14925555,0.0,0.0,0.0,5.14925456
2019,27,Chocó,27450,Medio San Juan,1242.7094158,51.17435338,101.6518585,110.72739924,1395.53562932
2019,27,Chocó,27491,Nóvita,4753.38872435,114.80814662,458.27926951,398.03197606,5326.47614887
2019,27,Chocó,27580,Río Iró,333.88640757,5.8725,14.71499981,205.41198132,354.47391151
2019,27,Chocó,27600,Río Quito,2886.04459282,33.7275,559.45540845,115.475843,3479.22749662
2019,27,Chocó,27615,Riosucio,211.67009839,0.585,31.25249583,108.47250104,243.50759417
2019,27,Chocó,27660,San José Del Palmar,37.91249988,0.0,0.0,50.6249972,37.91249999
2019,27,Chocó,27745,Sipí,576.14859448,22.455,43.85323221,79.01302121,642.45682649
2019,27,Chocó,27787,Tadó,981.62278086,5.77531857,17.13929522,287.96904049,1004.53739044
2019,27,Chocó,27800,Unguía,21.44250077,8.4375,7.76250036,64.23750057,37.6425
2019,27,Chocó,27810,Unión Panamericana,2985.19164071,4.31523017,75.39521226,120.77954334,3064.90207694
2019,52,Nariño,52079,Barbacoas,1326.96635294,157.84750102,185.64608112,281.73157097,1670.4599461
2019,52,Nariño,52250,El Charco,179.14585193,7.98750001,33.59249929,27.35999971,220.72584936
2019,52,Nariño,52385,La Llanada,15.16634435,1.21365494,0.69749952,1.55250006,17.0774979
2019,52,Nariño,52418,Los Andes,14.23573184,0.09134506,5.08499988,11.62640021,19.41207851
2019,52,Nariño,52427,Magüí,647.28772071,114.66043331,140.75811091,68.07502689,902.70626413
2019,52,Nariño,52621,Roberto Payán,74.96559377,22.93956563,12.13081289,29.46037863,110.03597067
2019,52,Nariño,52696,Santa Bárbara,135.6857418,26.64,12.46499892,32.06250046,174.7907448
2019,52,Nariño,52835,San Andrés De Tumaco,49.19164771,2.8125,4.00500084,21.448014,56.00914943
2019,73,Tolima,73217,Coyaima,0.0,30.1275,0.0,0.0,30.1275
2019,76,Valle Del Cauca,76109,Buenaventura,506.29499644,53.15713218,36.76500033,361.84499138,596.21713222
2019,76,Valle Del Cauca,76126,Calima,7.67249972,2.66536782,1.48499999,13.20749884,11.82286779
2019,86,Putumayo,86001,Mocoa,29.98138796,0.0,3.36394447,10.19990138,33.34533074
2019,86,Putumayo,86320,Orito,36.02249976,0.0,3.86999948,20.85749969,39.89249972
2019,86,Putumayo,86568,Puerto Asís,5.89499987,0.0,2.45250005,2.16000081,8.34750029
2019,86,Putumayo,86569,Puerto Caicedo,57.01500146,0.0,3.89249912,34.10999911,60.90749879
2019,86,Putumayo,86571,Puerto Guzmán,98.31361319,7.15500001,18.3485549,114.90121161,123.81716673
2019,86,Putumayo,86885,Villagarzón,18.13499955,1.845,4.81500056,9.67388683,24.79500137
2019,94,Guainía,94001,Inírida,0.0,12.015,0.0,0.0,12.015
2019,94,Guainía,94884,Puerto Colombia,41.44107724,2.0025,1.82249993,16.42368535,45.26607541
2019,94,Guainía,94887,Pana Pana,57.46892436,14.53499999,5.53500093,23.4688186,77.5389258
2020,05,Antioquia,05031,Amalfi,1159.115548,80.302313,183.635304,259.960019,1423.05317411
2020,05,Antioquia,05040,Anorí,1483.479021,160.132683,355.479769,378.797788,1999.09147872
2020,05,Antioquia,05055,Argelia,3.756435,0.0,0.0,0.0,3.75643519
2020,05,Antioquia,05120,Cáceres,4535.924814,149.973803,598.711549,1056.249258,5284.61018059
2020,05,Antioquia,05154,Caucasia,1693.861601,158.209133,195.114928,141.913342,2047.18565965
2020,05,Antioquia,05172,Chigorodó,48.363724,0.0,16.643208,5.805,65.0069307
2020,05,Antioquia,05234,Dabeiba,4.5,1.2825,0.8775,0.0,6.66
2020,05,Antioquia,05250,El Bagre,3914.375932,159.515655,769.079513,1217.129546,4842.97111262
2020,05,Antioquia,05284,Frontino,0.0,8.505,0.0,0.0,8.505
2020,05,Antioquia,05480,Mutatá,168.153776,0.0,13.394292,7.6725,181.54806928
2020,05,Antioquia,05495,Nechí,7096.895491,97.472847,802.061288,392.110211,7996.42961872
2020,05,Antioquia,05579,Puerto Berrío,130.732502,0.0,0.2475,12.33,130.9800028
2020,05,Antioquia,05585,Puerto Nare,175.582497,0.0,0.0,0.4275,175.58249737
2020,05,Antioquia,05604,Remedios,1554.604648,313.177391,478.75927,483.4729,2346.54131952
2020,05,Antioquia,05736,Segovia,1889.525211,188.030672,401.771249,628.958383,2479.3271385
2020,05,Antioquia,05756,Sonsón,281.452502,0.0,0.6975,0.0,282.15000005
2020,05,Antioquia,05790,Tarazá,1283.18,118.797345,247.139828,532.356131,1649.11717047
2020,05,Antioquia,05847,Urrao,0.0,5.8725,0.0,0.0,5.8725
2020,05,Antioquia,05854,Valdivia,380.623564,16.427653,29.144179,121.180661,426.19539963
2020,05,Antioquia,05858,Vegachí,263.661232,25.702204,112.647826,145.386054,402.01126344
2020,05,Antioquia,05873,Vigía Del Fuerte,35.212499,32.13,5.85,1.845,73.19250001
2020,05,Antioquia,05885,Yalí,10.493088,5.535,3.27494,42.11267,19.30302549
2020,05,Antioquia,05893,Yondó,174.126532,4.353964,20.077327,24.82122,198.55782143
2020,05,Antioquia,05895,Zaragoza,7365.862567,175.402273,1300.667964,1095.473889,8841.93280174
2020,13,Bolívar,13030,Altos Del Rosario,7.875,3.411632,0.0,0.2025,11.28663138
2020,13,Bolívar,13042,Arenal,20.9925,31.5675,22.2525,0.0,74.81250001
2020,13,Bolívar,13074,Barranco De Loba,172.177996,3.608368,24.234384,36.581089,200.02074586
2020,13,Bolívar,13458,Montecristo,2457.180805,126.35244,516.260987,1001.667009,3099.79422614
2020,13,Bolívar,13490,Norosí,744.889628,13.77,114.232991,74.029406,872.89262249
2020,13,Bolívar,13600,Río Viejo,565.41027,6.345,130.47981,56.69914,702.23507693
2020,13,Bolívar,13655,San Jacinto Del Cauca,12.79648,3.555,1.449671,0.0,17.80115084
2020,13,Bolívar,13667,San Martín De Loba,460.544505,10.1925,41.128117,53.643911,511.86512274
2020,13,Bolívar,13670,San Pablo,85.79552,32.625,15.040228,7.428772,133.46074508
2020,13,Bolívar,13688,Santa Rosa Del Sur,2559.518965,76.369626,299.429123,471.84804,2935.31771072
2020,13,Bolívar,13744,Simití,1670.580001,61.7175,145.485003,7.0425,1877.78250005
2020,13,Bolívar,13810,Tiquisio,133.750102,3.9825,7.939701,40.136454,145.67230078
2020,17,Caldas,17380,La Dorada,2.209904,0.0,0.0,0.0,2.20990489
2020,17,Caldas,17495,Norcasia,70.171339,0.0,0.0,5.0625,70.17133626
2020,17,Caldas,17662,Samaná,0.158565,0.0,0.0,0.0,0.15856481
2020,17,Caldas,17867,Victoria,39.263759,0.0,0.0,0.0,39.26375561
2020,18,Caquetá,18205,Curillo,0.0,0.765,0.127785,0.0,0.89278516
2020,18,Caquetá,18610,San José Del Fragua,51.524998,9.495,16.409715,1.575,77.42971482
2020,19,Cauca,19100,Bolívar,38.935165,0.0,2.327362,0.0,41.26252863
2020,19,Cauca,19110,Buenos Aires,46.419245,0.0,0.0,0.0,46.41924407
2020,19,Cauca,19256,El Tambo,24.408346,0.0,3.37875,21.198787,27.78709416
2020,19,Cauca,19318,Guapi,384.120002,23.22,42.052499,75.847501,449.39250003
2020,19,Cauca,19392,La Sierra,16.451655,2.025,0.35625,15.614729,18.83290583
2020,19,Cauca,19418,López De Micay,460.259999,64.484999,45.674999,75.002894,570.42000402
2020,19,Cauca,19450,Mercaderes,87.739835,3.555,0.035138,0.0,91.32997138
2020,19,Cauca,19532,Patía,0.0,0.135,0.0,5.31859,0.135
2020,19,Cauca,19533,Piamonte,38.9025,0.0,12.24,6.615,51.1425
2020,19,Cauca,19698,Santander De Quilichao,55.798256,0.9,4.1175,2.385,60.81575593
2020,19,Cauca,19701,Santa Rosa,0.0,27.8325,0.0,0.0,27.8325
2020,19,Cauca,19809,Timbiquí,1278.360003,57.0825,86.490001,63.809999,1421.93250001
2020,23,Córdoba,23068,Ayapel,4612.246118,42.6825,112.814999,185.8725,4767.74362672
2020,23,Córdoba,23350,La Apartada,6.5925,0.0,9.2475,4.3425,15.84
2020,23,Córdoba,23580,Puerto Libertador,42.5475,3.5775,2.7225,2.88,48.8475
2020,23,Córdoba,23682,San José De Uré,104.030327,13.049999,25.110048,17.684111,142.19037672
2020,27,Chocó,27001,Quibdó,1796.927145,135.405002,234.289631,50.41169,2166.62177822
2020,27,Chocó,27006,Acandí,30.757501,5.13,7.4925,36.472499,43.38000001
2020,27,Chocó,27050,Atrato,945.972162,31.455,28.665001,33.796739,1006.0921588
2020,27,Chocó,27073,Bagadó,273.183698,27.9675,33.844505,16.72464,334.99570418
2020,27,Chocó,27135,El Cantón Del San Pablo,5049.70922,23.741531,179.723909,19.542938,5253.17466766
2020,27,Chocó,27150,Carmen Del Darién,1.517406,0.896809,0.0225,0.1125,2.43671386
2020,27,Chocó,27160,Cértegui,1527.338024,8.329743,52.967522,17.497859,1588.63529371
2020,27,Chocó,27205,Condoto,2407.306301,26.235,88.953171,70.904562,2522.49448172
2020,27,Chocó,27361,Istmina,4455.326003,24.6375,112.642178,47.7,4592.60569415
2020,27,Chocó,27413,Lloró,610.200832,7.02,7.3125,9.9,624.53333534
2020,27,Chocó,27425,Medio Atrato,1985.907853,80.6175,267.662865,126.414071,2334.18822271
2020,27,Chocó,27430,Medio Baudó,5.149255,0.0,0.0,0.0,5.14925558
2020,27,Chocó,27450,Medio San Juan,1372.090638,20.5875,34.942502,23.444999,1427.62062589
2020,27,Chocó,27491,Nóvita,4948.428783,21.1275,352.137695,378.047373,5321.69396769
2020,27,Chocó,27580,Río Iró,345.634316,25.987501,24.911596,8.839594,396.53341171
2020,27,Chocó,27600,Río Quito,3447.907492,62.685,299.588589,31.32,3810.18108295
2020,27,Chocó,27615,Riosucio,230.705093,9.655691,60.952502,12.8025,301.31328617
2020,27,Chocó,27660,San José Del Palmar,31.95,3.51,0.9225,5.9625,36.3825
2020,27,Chocó,27745,Sipí,584.885857,13.8375,61.514137,57.570972,660.23748953
2020,27,Chocó,27787,Tadó,930.738509,18.045,36.661863,73.798885,985.44536595
2020,27,Chocó,27800,Unguía,33.727502,13.2975,13.612499,3.915,60.63749999
2020,27,Chocó,27810,Unión Panamericana,3007.313914,12.681226,57.352341,57.588179,3077.34746383
2020,52,Nariño,52079,Barbacoas,1228.131822,173.735899,244.481668,442.328128,1646.34938698
2020,52,Nariño,52250,El Charco,210.370349,7.83,33.03,10.355503,251.23035105
2020,52,Nariño,52385,La Llanada,5.893655,0.0,0.0,11.183843,5.89365494
2020,52,Nariño,52418,Los Andes,17.596411,10.6425,5.76419,1.815667,34.00310035
2020,52,Nariño,52427,Magüí,746.977383,107.009026,180.501342,155.728882,1034.48774759
2020,52,Nariño,52621,Roberto Payán,84.306773,17.015072,23.025731,25.729204,124.34757125
2020,52,Nariño,52678,Samaniego,0.0,9.860005,0.0,0.0,9.86000528
2020,52,Nariño,52696,Santa Bárbara,169.863242,20.069999,21.599999,4.9275,211.53324244
2020,52,Nariño,52835,San Andrés De Tumaco,40.817868,12.5775,3.044573,15.191283,56.43994018
2020,73,Tolima,73217,Coyaima,22.185,0.0,4.905,7.9425,27.09
2020,76,Valle Del Cauca,76109,Buenaventura,530.279997,115.0425,110.250002,65.937133,755.57249989
2020,76,Valle Del Cauca,76126,Calima,7.852501,0.0,1.305,3.970367,9.15749999
2020,86,Putumayo,86001,Mocoa,31.905331,0.855,13.692796,1.44,46.45312673
2020,86,Putumayo,86320,Orito,32.6025,0.54,15.12,7.29,48.26249998
2020,86,Putumayo,86568,Puerto Asís,7.8525,0.0,1.090234,0.495,8.94273429
2020,86,Putumayo,86569,Puerto Caicedo,55.215001,3.3075,13.759765,5.6925,72.28226571
2020,86,Putumayo,86571,Puerto Guzmán,110.58717,31.950001,49.779704,13.229999,192.31687315
2020,86,Putumayo,86885,Villagarzón,22.319999,4.365,9.63,2.475001,36.31499999
2020,94,Guainía,94001,Inírida,10.215,1.1925,1.1475,1.8,12.555
2020,94,Guainía,94884,Puerto Colombia,44.973575,11.1375,17.159145,0.2925,73.27022168
2020,94,Guainía,94887,Pana Pana,77.426422,0.9225,20.640855,0.1125,98.98977836
2021,05,Antioquia,05031,Amalfi,1174.77474808,67.34249999,86.59950575,248.27843037,1328.71675445
2021,05,Antioquia,05040,Anorí,1456.06006378,120.15458245,152.96116616,543.0314274,1729.17582228
2021,05,Antioquia,05055,Argelia,3.75643519,0.0,0.0,0.0,3.756435
2021,05,Antioquia,05120,Cáceres,4221.74619899,140.73612884,609.0986616,1062.8639873,4971.58100407
2021,05,Antioquia,05154,Caucasia,1809.88941283,67.04539247,129.12861639,237.29624857,2006.06342516
2021,05,Antioquia,05172,Chigorodó,23.16722126,0.0,0.0,41.83970938,23.16722092
2021,05,Antioquia,05234,Dabeiba,3.7575,9.18,0.0,2.9025,12.9375
2021,05,Antioquia,05250,El Bagre,3871.567364,156.29682554,541.27203323,971.40375674,4569.13623267
2021,05,Antioquia,05284,Frontino,7.245,0.0,0.0225,1.26,7.2675
2021,05,Antioquia,05480,Mutatá,163.26777895,0.45,8.91,18.28029033,172.62777909
2021,05,Antioquia,05495,Nechí,7210.39904698,58.45342881,340.11582049,786.03057949,7608.9683075
2021,05,Antioquia,05579,Puerto Berrío,95.12901391,1.9575,19.64174227,35.85098896,116.72825651
2021,05,Antioquia,05585,Puerto Nare,156.55598591,0.0,5.423258,19.02651133,161.97924348
2021,05,Antioquia,05604,Remedios,1645.5621521,273.07766352,292.22226762,670.88387611,2210.86208824
2021,05,Antioquia,05736,Segovia,1580.09599916,74.97022657,209.84078388,899.23114518,1864.90701996
2021,05,Antioquia,05756,Sonsón,238.25249995,12.8475,26.84249984,43.89750034,277.9425
2021,05,Antioquia,05790,Tarazá,1226.85954424,86.895,204.8620908,422.25762925,1518.61664202
2021,05,Antioquia,05854,Valdivia,349.29554,0.0,35.94739228,76.89986022,385.24292618
2021,05,Antioquia,05858,Vegachí,290.22554072,35.81999999,34.30091475,141.88101531,360.34645189
2021,05,Antioquia,05873,Vigía Del Fuerte,61.4025,15.2325,13.1175,11.79,89.75250003
2021,05,Antioquia,05885,Yalí,4.365,49.83757627,8.0325,14.93802549,62.23507681
2021,05,Antioquia,05890,Yolombó,0.0,2.29492374,0.0,0.0,2.2949232
2021,05,Antioquia,05893,Yondó,167.77781068,37.28733646,29.33002021,30.78001176,234.39516914
2021,05,Antioquia,05895,Zaragoza,7227.56069018,119.89341525,521.49107353,1614.37213207,7868.94520476
2021,13,Bolívar,13030,Altos Del Rosario,2.61,8.7525,0.58500001,8.67663138,11.9475
2021,13,Bolívar,13042,Arenal,42.3,4.1625,2.5425,32.51250001,49.005
2021,13,Bolívar,13074,Barranco De Loba,131.08787947,36.8672342,35.25952353,68.93286637,203.21463876
2021,13,Bolívar,13458,Montecristo,2186.74073323,125.685,138.31423829,913.05349525,2450.73997568
2021,13,Bolívar,13490,Norosí,685.58593431,98.60249611,178.82065767,187.30668826,963.00908647
2021,13,Bolívar,13600,Río Viejo,523.36372687,11.835,77.03890734,178.87134991,612.23763524
2021,13,Bolívar,13655,San Jacinto Del Cauca,9.27,4.0275,2.925,8.53115084,16.2225
2021,13,Bolívar,13667,San Martín De Loba,368.47962053,40.8027658,87.43297645,143.38550222,496.71536127
2021,13,Bolívar,13670,San Pablo,91.72770319,7.5825,11.32243558,41.733042,110.63263911
2021,13,Bolívar,13688,Santa Rosa Del Sur,2082.49034946,21.33,305.37343257,852.82736326,2409.19378143
2021,13,Bolívar,13744,Simití,1766.8125026,11.745,261.26999912,110.96999618,2039.82749995
2021,13,Bolívar,13810,Tiquisio,71.39033836,20.08500391,17.98793422,74.28196261,109.46327831
2021,17,Caldas,17380,La Dorada,0.17959781,2.53895036,0.0,2.03030707,2.7185472
2021,17,Caldas,17495,Norcasia,31.4325,0.0,0.6975,38.73883624,32.13000001
2021,17,Caldas,17662,Samaná,0.15856481,0.0,0.0,0.0,0.158565
2021,17,Caldas,17867,Victoria,28.30540218,3.49104964,2.025,10.95835668,33.8214528
2021,18,Caquetá,18205,Curillo,0.89278516,1.31017246,0.0,0.0,2.20295768
2021,18,Caquetá,18610,San José Del Fragua,74.30221483,8.31982754,16.2675,3.1275,98.88954232
2021,19,Cauca,19100,Bolívar,41.26252863,0.0,2.79991012,0.0,44.06243767
2021,19,Cauca,19110,Buenos Aires,37.98174408,0.0,1.06936627,8.4375,39.05111048
2021,19,Cauca,19256,El Tambo,27.78709416,0.0,2.63935701,0.0,30.42645088
2021,19,Cauca,19318,Guapi,357.59250151,113.80499999,82.6283922,91.79999908,554.025894
2021,19,Cauca,19392,La Sierra,18.83290583,0.0,1.32064299,0.0,20.15354912
2021,19,Cauca,19418,López De Micay,343.50750003,38.4975,100.5525,226.91250001,482.55749997
2021,19,Cauca,19450,Mercaderes,91.32997138,0.0,0.03508988,0.0,91.36506233
2021,19,Cauca,19532,Patía,0.135,0.0,0.0,0.0,0.135
2021,19,Cauca,19533,Piamonte,39.3075,1.71,4.5225,11.835,45.54
2021,19,Cauca,19698,Santander De Quilichao,53.57075593,0.0,4.19563373,7.245,57.76638953
2021,19,Cauca,19809,Timbiquí,1172.16000194,30.465,163.99410498,249.77249752,1366.619106
2021,23,Córdoba,23068,Ayapel,3907.85922408,128.7225,320.09496712,859.88438975,4356.67669305
2021,23,Córdoba,23350,La Apartada,15.2325,0.0,3.015,0.6075,18.24749999
2021,23,Córdoba,23580,Puerto Libertador,48.84749942,5.87249999,11.38500106,0.0,66.10499999
2021,23,Córdoba,23682,San José De Uré,120.50777103,0.0,18.31208101,21.68260611,138.81985043
2021,27,Chocó,27001,Quibdó,2052.09977061,64.6875,121.14832486,114.52200741,2237.93559433
2021,27,Chocó,27006,Acandí,37.37250001,0.0225,14.2425,6.0075,51.6375
2021,27,Chocó,27050,Atrato,968.53965896,19.01804324,78.95858363,37.55249999,1066.51628601
2021,27,Chocó,27073,Bagadó,308.81088153,7.53750001,20.63249931,26.18482281,336.98088062
2021,27,Chocó,27135,El Cantón Del San Pablo,4978.35610731,26.08613058,638.53077938,274.81855484,5642.97300795
2021,27,Chocó,27150,Carmen Del Darién,1.53990589,0.0,0.0,0.89680797,1.53990585
2021,27,Chocó,27160,Cértegui,1572.53050134,51.69636943,120.83073759,16.10479298,1745.05761262
2021,27,Chocó,27205,Condoto,2458.03198283,28.5075,182.87999921,64.46250023,2669.41947688
2021,27,Chocó,27361,Istmina,4334.45397203,23.7375,373.20978,258.15172082,4731.40125387
2021,27,Chocó,27413,Lloró,594.90083535,20.3175,19.07391609,29.6325,634.292251
2021,27,Chocó,27425,Medio Atrato,2286.64272899,36.27,142.9116763,47.54549214,2465.82440568
2021,27,Chocó,27430,Medio Baudó,5.14925558,0.0,0.0,0.0,5.14925456
2021,27,Chocó,27450,Medio San Juan,1372.06812799,100.5975,171.08010579,55.55249984,1643.7457347
2021,27,Chocó,27491,Nóvita,5000.35163165,86.21999999,589.58505479,321.34233543,5676.15668861
2021,27,Chocó,27580,Río Iró,384.55792544,15.9975,76.05000009,11.97548624,476.60542743
2021,27,Chocó,27600,Río Quito,3764.79105121,53.27445677,472.78256136,45.39003324,4290.84806565
2021,27,Chocó,27615,Riosucio,258.24509411,8.01,7.4475,43.06819203,273.70259417
2021,27,Chocó,27660,San José Del Palmar,36.3825,0.0,2.16,0.0,38.54249998
2021,27,Chocó,27745,Sipí,634.33733323,11.385,112.12243468,25.90015797,757.84476982
2021,27,Chocó,27787,Tadó,907.19585231,53.00608354,46.7775,78.24951344,1006.97944062
2021,27,Chocó,27800,Unguía,45.22499999,20.07,18.9225,15.4125,84.2175
2021,27,Chocó,27810,Unión Panamericana,3015.34739047,28.10641647,99.03103851,62.00007941,3142.48484987
2021,44,La Guajira,44090,Dibulla,0.0,1.9125,0.0,0.0,1.9125
2021,52,Nariño,52079,Barbacoas,1255.51389014,94.5675,368.81048284,390.83549682,1718.89186231
2021,52,Nariño,52250,El Charco,199.14753784,4.32,29.94881863,52.0828137,233.41635639
2021,52,Nariño,52385,La Llanada,2.37661362,0.0,0.29957229,3.51704132,2.676186
2021,52,Nariño,52418,Los Andes,32.72317872,20.0025,42.22542771,1.27992163,94.95110712
2021,52,Nariño,52427,Magüí,866.029624,96.03,350.36518571,168.45812368,1312.42482035
2021,52,Nariño,52621,Roberto Payán,84.43047017,8.0775,30.05318054,39.91710106,122.56115014
2021,52,Nariño,52678,Samaniego,4.36350317,0.0,0.225,5.49650211,4.5885033
2021,52,Nariño,52696,Santa Bárbara,148.85724764,35.86499999,42.79279169,62.67599578,227.51504082
2021,52,Nariño,52835,San Andrés De Tumaco,28.50543421,5.175,12.82454016,27.93450599,46.50497355
2021,73,Tolima,73217,Coyaima,20.745,0.0,7.4025,6.345,28.1475
2021,76,Valle Del Cauca,76109,Buenaventura,466.83000033,22.5225,76.94999955,288.74249955,566.30249999
2021,76,Valle Del Cauca,76126,Calima,6.39,2.745,0.0225,2.7675,9.1575
2021,86,Putumayo,86001,Mocoa,46.45312597,14.7375,10.29643898,0.0,71.48706306
2021,86,Putumayo,86320,Orito,41.7375,0.135,9.765,6.525,51.6375
2021,86,Putumayo,86568,Puerto Asís,8.36385922,0.5175,1.935,0.57887507,10.81635916
2021,86,Putumayo,86569,Puerto Caicedo,60.91364078,12.1725,18.405,11.36862493,91.49114086
2021,86,Putumayo,86571,Puerto Guzmán,173.1918733,23.94000001,46.13356224,19.125,243.26543697
2021,86,Putumayo,86885,Villagarzón,33.90749999,6.9525,16.335,2.4075,57.19499999
2021,94,Guainía,94001,Inírida,12.3075,0.1125,1.35,0.2475,13.77
2021,94,Guainía,94884,Puerto Colombia,48.40193039,0.0,1.58967817,24.8682913,49.99160813
2021,94,Guainía,94887,Pana Pana,77.64306957,0.0,9.52532182,21.34670879,87.16839187
2022,05,Antioquia,05031,Amalfi,718.25005773,104.87249991,136.88268359,610.46657369,960.005394
2022,05,Antioquia,05038,Angostura,0.0,1.1925,0.0,0.0,1.1925
2022,05,Antioquia,05040,Anorí,1040.98164071,133.46301125,164.06196177,688.19422018,1338.50659408
2022,05,Antioquia,05120,Cáceres,4118.42299179,299.30329024,517.99307171,853.15817671,4935.7192048
2022,05,Antioquia,05142,Caracolí,0.0,8.29999679,0.0,0.0,8.29999902
2022,05,Antioquia,05154,Caucasia,1837.65034171,120.10883712,225.56527782,168.41312851,2183.32435933
2022,05,Antioquia,05250,El Bagre,3419.74532232,308.56290415,669.4648045,1149.39090622,4397.77306955
2022,05,Antioquia,05425,Maceo,0.0,58.79500329,0.0,0.0,58.79500098
2022,05,Antioquia,05480,Mutatá,151.10999947,2.98104107,0.45000015,21.51768025,154.54101642
2022,05,Antioquia,05495,Nechí,7266.36604902,104.8000817,358.14301983,342.60241036,7729.30906517
2022,05,Antioquia,05579,Puerto Berrío,100.77854598,5.715,18.69750097,15.94982813,125.1909355
2022,05,Antioquia,05585,Puerto Nare,151.49145106,0.0,3.5550008,10.48767199,155.04656449
2022,05,Antioquia,05604,Remedios,941.71548775,304.83504798,238.2025994,1232.33438193,1484.75318715
2022,05,Antioquia,05670,San Roque,0.0,5.84142808,0.0,0.0,5.84142142
2022,05,Antioquia,05690,Santo Domingo,0.0,0.45857193,0.0,0.0,0.45857858
2022,05,Antioquia,05736,Segovia,1015.75090395,188.00290024,164.08866116,885.96816914,1367.84245027
2022,05,Antioquia,05756,Sonsón,198.98999639,6.525,32.1075016,78.9524998,237.62250003
2022,05,Antioquia,05790,Tarazá,1183.97139411,123.60113265,185.0615239,334.64531064,1492.63400322
2022,05,Antioquia,05854,Valdivia,358.20900633,3.58067178,13.21918653,27.0336942,375.00905967
2022,05,Antioquia,05858,Vegachí,125.56802882,156.00119762,45.57639954,234.77838119,327.14568065
2022,05,Antioquia,05873,Vigía Del Fuerte,65.83500226,2.02500002,0.42749993,23.91750218,68.28750001
2022,05,Antioquia,05885,Yalí,9.17383667,66.71250001,0.69749978,53.06127539,76.58380843
2022,05,Antioquia,05890,Yolombó,1.9636635,8.79749997,0.0,0.3312242,10.76119158
2022,05,Antioquia,05893,Yondó,149.77562575,7.18625282,31.14702065,84.61945167,188.10895068
2022,05,Antioquia,05895,Zaragoza,6887.59894825,162.78310143,598.44006411,981.34620132,7648.82210621
2022,13,Bolívar,13030,Altos Del Rosario,11.94750023,4.25077213,3.53249935,0.0,19.73077154
2022,13,Bolívar,13042,Arenal,48.59999884,2.115,4.65749978,0.405,55.3725
2022,13,Bolívar,13074,Barranco De Loba,195.58710118,31.97180321,65.47614085,7.62749956,293.03507932
2022,13,Bolívar,13458,Montecristo,1240.65960705,91.92376543,246.2359943,1210.0809554,1578.81919166
2022,13,Bolívar,13490,Norosí,889.53331889,54.01603397,127.32952199,73.4762598,1070.87850317
2022,13,Bolívar,13600,Río Viejo,579.67901355,18.7425,77.73132664,32.55808994,676.15343203
2022,13,Bolívar,13655,San Jacinto Del Cauca,10.26000008,1.845,0.56249983,5.96249996,12.6675
2022,13,Bolívar,13667,San Martín De Loba,452.93040148,93.26492461,100.7763587,43.78499993,646.97164909
2022,13,Bolívar,13670,San Pablo,55.3950009,13.09499999,50.51249933,55.23765967,119.00249999
2022,13,Bolívar,13688,Santa Rosa Del Sur,864.57569367,60.26780425,102.02592518,1544.61761341,1026.86957644
2022,13,Bolívar,13744,Simití,1797.8849975,92.11500006,219.2400026,241.94249277,2109.24000002
2022,13,Bolívar,13810,Tiquisio,79.17016546,35.71396613,45.25165401,30.29314797,160.13556481
2022,17,Caldas,17380,La Dorada,1.65239802,0.0,2.52208096,1.06614948,4.17447942
2022,17,Caldas,17495,Norcasia,27.20249809,8.145,1.55250096,4.92749854,36.9
2022,17,Caldas,17867,Victoria,23.61510228,1.8225,10.77541893,10.20635117,36.21302058
2022,18,Caquetá,18205,Curillo,0.0,2.72250001,0.0,0.0,2.72249999
2022,18,Caquetá,18610,San José Del Fragua,90.20250235,23.17500004,17.48249885,10.89000091,130.85999999
2022,19,Cauca,19100,Bolívar,34.53169298,0.0,4.67298299,9.53079195,39.2046462
2022,19,Cauca,19110,Buenos Aires,38.62360804,0.0,0.71999993,0.42749976,39.34361035
2022,19,Cauca,19256,El Tambo,24.25567481,11.76443718,0.06750005,6.17076687,36.08760248
2022,19,Cauca,19318,Guapi,405.27436862,43.51500007,25.69499959,148.75151099,474.48437594
2022,19,Cauca,19392,La Sierra,18.17932547,0.0,0.225,1.97423329,18.40432325
2022,19,Cauca,19418,López De Micay,439.51500141,133.65306279,87.7724987,43.04250262,660.94057431
2022,19,Cauca,19450,Mercaderes,69.59830912,0.0,4.91201475,21.76671009,74.5103538
2022,19,Cauca,19533,Piamonte,37.71000008,20.1375,5.37750123,7.82999818,63.22499999
2022,19,Cauca,19698,Santander De Quilichao,56.05639253,0.0,3.01499989,1.71000028,59.07138965
2022,19,Cauca,19809,Timbiquí,1261.25563511,23.73749999,23.80500055,105.36349161,1308.79812417
2022,23,Córdoba,23068,Ayapel,4105.03673079,186.29999995,585.02249947,251.64000215,4876.35920558
2022,23,Córdoba,23350,La Apartada,15.29999966,2.52000001,12.51000031,2.94750029,30.33
2022,23,Córdoba,23580,Puerto Libertador,60.21000032,9.2925,5.42249936,5.89499965,74.92499999
2022,23,Córdoba,23682,San José De Uré,119.72973709,20.3849997,14.65928602,19.09024283,154.77390167
2022,27,Chocó,27001,Quibdó,1851.86309619,64.96411343,250.76923031,386.07227605,2167.59653129
2022,27,Chocó,27006,Acandí,28.44000016,0.0,0.20249956,23.19750065,28.6425
2022,27,Chocó,27050,Atrato,874.89132886,47.81690566,115.8483072,191.62494506,1038.55658847
2022,27,Chocó,27073,Bagadó,257.18075006,1.77750002,27.50440844,79.80014891,286.4626412
2022,27,Chocó,27135,El Cantón Del San Pablo,5269.44585828,27.17999999,603.43303135,373.52639035,5900.0597982
2022,27,Chocó,27160,Cértegui,1531.23586414,24.50250005,269.37860946,213.82221286,1825.11642547
2022,27,Chocó,27205,Condoto,2196.64173688,25.02,211.88723747,472.77784539,2433.54882325
2022,27,Chocó,27250,El Litoral Del San Juan,0.0,0.7425,0.0,0.0,0.7425
2022,27,Chocó,27361,Istmina,4245.80888905,56.30105264,455.57376013,485.59206472,4757.6839987
2022,27,Chocó,27413,Lloró,469.03877344,60.27750006,79.27169283,165.25349267,608.58795613
2022,27,Chocó,27425,Medio Atrato,2096.88691183,20.14904044,251.63326707,368.93771226,2368.66911047
2022,27,Chocó,27430,Medio Baudó,3.74009914,4.63499998,0.02088375,1.40909887,8.3960334
2022,27,Chocó,27450,Medio San Juan,1345.51089198,53.52749987,171.43130657,298.23487761,1570.46966222
2022,27,Chocó,27491,Nóvita,4483.8904865,105.61500008,755.26213609,1192.26605636,5344.76782626
2022,27,Chocó,27580,Río Iró,350.81373772,37.41750004,73.1250028,125.7917505,461.35617873
2022,27,Chocó,27600,Río Quito,3789.84019072,91.46244066,479.2338518,501.0082875,4360.53602595
2022,27,Chocó,27615,Riosucio,218.31750116,3.99395893,1.07999973,55.38509038,223.39148362
2022,27,Chocó,27660,San José Del Palmar,23.26499991,0.0,1.98000019,15.27750045,25.245
2022,27,Chocó,27745,Sipí,596.4066147,20.79000009,48.07312025,161.43810859,665.26975262
2022,27,Chocó,27787,Tadó,698.15646,12.93144739,64.68319441,308.8230282,775.77102388
2022,27,Chocó,27800,Unguía,44.95499966,0.0,0.15750012,39.26250029,45.1125
2022,27,Chocó,27810,Unión Panamericana,2664.56084117,64.28250002,215.7984468,477.92413131,2944.64162376
2022,44,La Guajira,44090,Dibulla,1.9125002,4.05,0.20250004,0.0,6.165
2022,52,Nariño,52079,Barbacoas,1579.58162029,94.06172829,154.47126801,139.31011959,1828.11476097
2022,52,Nariño,52250,El Charco,225.29385365,37.58390642,11.81249939,8.12249951,274.69025611
2022,52,Nariño,52385,La Llanada,2.67618777,0.405,0.0,0.0,3.08118591
2022,52,Nariño,52418,Los Andes,90.40611391,8.86500001,17.95500162,4.54500014,117.22610643
2022,52,Nariño,52427,Magüí,1227.04222527,73.30686531,148.52766301,85.38274239,1448.87660031
2022,52,Nariño,52621,Roberto Payán,118.48340475,16.74,38.5941434,4.07769789,173.81757625
2022,52,Nariño,52696,Santa Bárbara,214.84756365,70.96499999,36.7875003,12.66749934,322.60003994
2022,52,Nariño,52835,San Andrés De Tumaco,43.36653784,11.72249999,12.33191879,3.13841991,67.42097412
2022,73,Tolima,73067,Ataco,0.0,11.76750006,0.0,0.0,11.7675
2022,73,Tolima,73168,Chaparral,0.0,3.105,0.0,0.0,3.105
2022,73,Tolima,73217,Coyaima,20.81250085,0.495,5.24249935,7.3349991,26.55
2022,76,Valle Del Cauca,76109,Buenaventura,427.58999953,138.46499969,65.96999902,138.71250067,632.02500007
2022,76,Valle Del Cauca,76126,Calima,4.54499995,4.29750001,2.38499977,4.61250071,11.2275
2022,86,Putumayo,86001,Mocoa,56.86956148,0.0,18.73580668,14.61749377,75.6053741
2022,86,Putumayo,86320,Orito,18.44999919,0.63,8.14500091,33.18749774,27.22500001
2022,86,Putumayo,86568,Puerto Asís,8.83636072,1.215,3.32999965,1.97999997,13.38135922
2022,86,Putumayo,86569,Puerto Caicedo,67.32614125,10.59750002,8.3474985,24.16500085,86.27114077
2022,86,Putumayo,86571,Puerto Guzmán,198.75293536,45.9675,77.78919492,44.51250016,322.50962589
2022,86,Putumayo,86885,Villagarzón,44.1674998,1.395,11.43000057,13.02749908,56.9925
2022,94,Guainía,94001,Inírida,13.77000043,1.43999984,1.28250011,0.0,16.4925
2022,94,Guainía,94884,Puerto Colombia,46.39499764,5.80499996,4.88250023,3.59657931,57.08250002
2022,94,Guainía,94887,Pana Pana,68.1749988,1.98,18.24749955,18.99342237,88.40250001
2023,05,Antioquia,05031,Amalfi,815.59362873,99.75359347,317.972252,144.41176529,1233.319479
2023,05,Antioquia,05040,Anorí,1197.16677001,329.98393318,487.22811974,141.33982409,2014.378824
2023,05,Antioquia,05120,Cáceres,4330.34916932,351.35850447,1197.17422005,605.37003536,5878.881897
2023,05,Antioquia,05142,Caracolí,2.06973144,0.0,1.00867013,6.23026759,3.078401
2023,05,Antioquia,05154,Caucasia,2010.23904694,100.54870735,724.2118116,173.08531241,2834.999565
2023,05,Antioquia,05250,El Bagre,3854.4629523,328.64230778,1358.16893633,543.31011777,5541.274203
2023,05,Antioquia,05425,Maceo,0.0,17.10619285,0.0,58.79500098,17.106193
2023,05,Antioquia,05480,Mutatá,132.56499195,0.4275,16.74494982,21.97602443,149.737441
2023,05,Antioquia,05495,Nechí,7239.59612845,143.27919931,769.57379224,489.71293676,8152.449116
2023,05,Antioquia,05579,Puerto Berrío,113.63012363,25.04127477,26.54436813,11.56081187,165.215767
2023,05,Antioquia,05585,Puerto Nare,144.94406449,33.6375,17.72135992,10.1025,196.302924
2023,05,Antioquia,05604,Remedios,877.42241186,273.70021704,384.9780668,607.33077533,1536.100696
2023,05,Antioquia,05670,San Roque,3.47892142,6.80765459,0.68875849,2.3625,10.975335
2023,05,Antioquia,05690,Santo Domingo,0.45857858,8.955,0.18874151,0.0,9.60232
2023,05,Antioquia,05736,Segovia,991.80538944,186.3347136,320.479264,376.03706078,1498.619366
2023,05,Antioquia,05756,Sonsón,212.39857216,17.27101856,33.82032498,25.22392784,263.489919
2023,05,Antioquia,05790,Tarazá,1142.20390627,286.92439549,415.54888037,350.43009694,1844.677185
2023,05,Antioquia,05854,Valdivia,310.97886223,8.5205833,49.17564045,64.03019744,368.675084
2023,05,Antioquia,05858,Vegachí,190.58353494,62.53846381,96.8717643,136.56214567,349.993766
2023,05,Antioquia,05873,Vigía Del Fuerte,53.8521326,1.17,12.0340597,14.43536739,67.056191
2023,05,Antioquia,05885,Yalí,51.30645128,33.6888091,25.50241268,25.27735714,110.497674
2023,05,Antioquia,05890,Yolombó,1.29854872,16.68234541,0.91258732,9.46264286,18.893481
2023,05,Antioquia,05893,Yondó,136.02981851,24.07339793,24.75899855,52.07913216,184.862216
2023,05,Antioquia,05895,Zaragoza,6969.54388004,210.12822362,1489.08808256,679.27822625,8668.760189
2023,13,Bolívar,13030,Altos Del Rosario,5.73577153,0.0,3.02231257,13.99500001,8.758084
2023,13,Bolívar,13042,Arenal,43.42669957,0.0,7.50590755,11.94580042,50.932608
2023,13,Bolívar,13074,Barranco De Loba,232.63141703,6.51093901,101.02206271,60.40366231,340.16442
2023,13,Bolívar,13458,Montecristo,1244.49667836,90.41861183,490.13997899,334.32251327,1825.055257
2023,13,Bolívar,13490,Norosí,792.78794563,11.3175,134.43960843,278.09055752,938.545055
2023,13,Bolívar,13600,Río Viejo,493.73543632,26.91,102.23058353,182.41799571,622.876021
2023,13,Bolívar,13655,San Jacinto Del Cauca,9.315,8.14428265,2.8575,3.3525,20.316783
2023,13,Bolívar,13667,San Martín De Loba,534.89060071,40.0513806,148.50529279,112.08104839,723.447275
2023,13,Bolívar,13670,San Pablo,51.21,6.84190694,9.225,67.79249999,67.276907
2023,13,Bolívar,13688,Santa Rosa Del Sur,607.13252748,37.7522642,151.48868722,419.73704889,796.373483
2023,13,Bolívar,13744,Simití,2010.18891473,56.58924575,135.7058252,99.05108522,2202.483983
2023,13,Bolívar,13810,Tiquisio,124.30019813,58.19669098,62.64603053,35.83536669,245.14292
2023,17,Caldas,17380,La Dorada,3.83489824,0.0,0.67687811,0.33958118,4.511776
2023,17,Caldas,17495,Norcasia,26.61749999,0.0,8.6175,10.2825,35.235
2023,17,Caldas,17867,Victoria,33.76260176,17.34055051,4.70062189,2.45041882,55.803774
2023,18,Caquetá,18205,Curillo,0.5175,4.40765046,3.1725,2.20499999,8.09765
2023,18,Caquetá,18610,San José Del Fragua,112.34250001,16.38654993,44.51120077,18.51750001,173.240251
2023,19,Cauca,19100,Bolívar,35.03329626,0.0,5.51907775,4.17134994,40.552374
2023,19,Cauca,19110,Buenos Aires,27.48202231,0.18,3.5775,11.86158804,31.239522
2023,19,Cauca,19256,El Tambo,25.29541681,0.06834144,18.94813107,10.79218567,44.31189
2023,19,Cauca,19318,Guapi,369.45371763,119.7209233,130.57824514,105.03065829,619.752887
2023,19,Cauca,19392,La Sierra,17.04650893,0.0,2.74130634,1.35781432,19.787815
2023,19,Cauca,19418,López De Micay,580.91189847,245.19881556,359.39903821,80.02867585,1185.509746
2023,19,Cauca,19450,Mercaderes,62.78072384,0.0,6.81092224,11.72962996,69.591646
2023,19,Cauca,19533,Piamonte,45.83249999,47.34065016,28.35,17.3925,121.52315
2023,19,Cauca,19698,Santander De Quilichao,45.08157642,0.4725,15.5025,13.98981324,61.056577
2023,19,Cauca,19809,Timbiquí,1107.66293755,66.02235422,194.79226744,201.1351866,1368.477561
2023,23,Córdoba,23068,Ayapel,4621.93412492,118.0233107,549.6456138,254.4250818,5289.603048
2023,23,Córdoba,23350,La Apartada,26.7975,9.64130787,2.115,3.5325,38.553808
2023,23,Córdoba,23466,Montelíbano,0.0,40.35058079,0.0,0.0,40.350581
2023,23,Córdoba,23580,Puerto Libertador,67.005,71.40885252,11.79,7.91999999,150.203852
2023,23,Córdoba,23682,San José De Uré,140.78887072,34.785,49.75464366,13.98503097,225.328514
2023,27,Chocó,27001,Quibdó,2013.67776901,79.59043307,176.0793105,153.91876227,2269.347506
2023,27,Chocó,27006,Acandí,24.5925,1.98,3.15,4.05,29.7225
2023,27,Chocó,27050,Atrato,966.91569486,33.64175443,67.88157685,71.64089364,1068.439029
2023,27,Chocó,27073,Bagadó,245.08843018,8.1,11.925,41.37421101,265.113432
2023,27,Chocó,27135,El Cantón Del San Pablo,5782.77593923,40.72021328,573.38616374,117.28385896,6396.882322
2023,27,Chocó,27160,Cértegui,1734.02991841,16.15593103,245.86007267,91.08650704,1996.04592
2023,27,Chocó,27205,Condoto,2196.24778083,21.30749999,296.00539748,237.30104244,2513.560677
2023,27,Chocó,27361,Istmina,4569.67430063,37.08680927,374.73322019,188.0096981,4981.494328
2023,27,Chocó,27413,Lloró,559.92987469,11.34,45.31707115,48.65808144,616.586942
2023,27,Chocó,27425,Medio Atrato,2289.60639363,59.27370824,110.99286155,79.06271683,2459.872964
2023,27,Chocó,27430,Medio Baudó,3.75585911,0.0,0.0,4.64017429,3.75586
2023,27,Chocó,27450,Medio San Juan,1484.69878656,33.1541508,161.72414103,85.77087566,1679.577079
2023,27,Chocó,27491,Nóvita,5040.1867435,119.49104841,748.87750912,304.58108278,5908.555288
2023,27,Chocó,27580,Río Iró,413.80274754,11.52,22.86661605,47.55343119,448.189363
2023,27,Chocó,27600,Río Quito,4234.40883962,85.89104982,486.19061527,126.12718322,4806.490509
2023,27,Chocó,27615,Riosucio,180.39918481,8.325,40.8096301,42.99229881,229.533817
2023,27,Chocó,27660,San José Del Palmar,21.05892887,0.0,4.0725,4.18607113,25.131429
2023,27,Chocó,27745,Sipí,597.0593765,14.53499999,31.1625,68.21037608,642.756874
2023,27,Chocó,27787,Tadó,664.10593903,20.4975562,20.01459336,111.6650848,704.618088
2023,27,Chocó,27800,Unguía,22.7925,21.33,15.6566229,22.32,59.779124
2023,27,Chocó,27810,Unión Panamericana,2732.62698456,20.2499438,250.51066417,212.01463925,3003.387591
2023,44,La Guajira,44090,Dibulla,3.78,0.0,0.8325,2.385,4.6125
2023,52,Nariño,52079,Barbacoas,1389.36258245,95.27267142,333.67613944,438.75217851,1818.311391
2023,52,Nariño,52250,El Charco,248.21531424,40.95511664,76.51039038,26.47494187,365.680822
2023,52,Nariño,52385,La Llanada,2.25,19.08610714,0.6525,0.83118591,21.988607
2023,52,Nariño,52418,Los Andes,97.64582893,22.9725,19.38740647,19.58027754,140.005737
2023,52,Nariño,52427,Magüí,1241.56012006,160.36515967,334.31005669,207.31648024,1736.23534
2023,52,Nariño,52621,Roberto Payán,118.52708332,6.39,78.25777384,55.29049294,203.174858
2023,52,Nariño,52696,Santa Bárbara,279.83236605,76.75282251,114.25197363,42.76767388,470.837163
2023,52,Nariño,52835,San Andrés De Tumaco,47.33830093,10.21014803,39.68627196,20.08267319,97.234719
2023,73,Tolima,73067,Ataco,10.7775,1.22624228,5.1075,0.99,17.111242
2023,73,Tolima,73168,Chaparral,2.1825,4.62375772,1.6425,0.9225,8.448758
2023,73,Tolima,73217,Coyaima,18.5175,0.0,12.64543467,8.0325,31.162935
2023,76,Valle Del Cauca,76109,Buenaventura,498.1193294,22.7244133,64.74280802,133.90567069,585.586555
2023,76,Valle Del Cauca,76126,Calima,4.815,0.89608316,0.18,6.4125,5.891083
2023,86,Putumayo,86001,Mocoa,68.03314378,0.0,16.71362834,7.57223033,84.746772
2023,86,Putumayo,86320,Orito,12.65562235,2.89044683,4.5675,14.56937766,20.113569
2023,86,Putumayo,86568,Puerto Asís,11.40135922,11.025,3.3525,1.98,25.77886
2023,86,Putumayo,86569,Puerto Caicedo,58.55594116,6.31644348,25.27319866,27.71519962,90.145583
2023,86,Putumayo,86571,Puerto Guzmán,263.04850768,41.65459536,101.5617215,59.46111824,406.264826
2023,86,Putumayo,86885,Villagarzón,49.65749999,7.2,12.66973274,7.33499999,69.527232
2023,91,Amazonas,91798,Tarapacá,0.0,7.16465845,0.0,0.0,7.164658
2023,94,Guainía,94001,Inírida,7.2,0.0,12.7125,9.2925,19.9125
2023,94,Guainía,94884,Puerto Colombia,31.29679944,7.40528775,35.95707504,25.78570058,74.659164
2023,94,Guainía,94887,Pana Pana,54.92249998,10.34244069,38.0025,33.48000002,103.267442
