,nulos,pct_nulos,ceros,pct_ceros
anio,0,0.0,0.0,0.0
bareq_sin_inscritos,0,0.0,526.0,89.0
capturas,0,0.0,423.0,71.6
codigo_dane,0,0.0,,
departamento,0,0.0,,
evoa_ha_2023,0,0.0,288.0,48.7
evoa_ha_prom_2021_2023,0,0.0,273.0,46.2
explotador_dominante,0,0.0,,
g_barequeros,0,0.0,337.0,57.0
g_otros,0,0.0,468.0,79.2
g_titulos,0,0.0,409.0,69.2
gramos_anm,0,0.0,213.0,36.0
gramos_simci,0,0.0,219.0,37.1
ha_ilicita_2023,0,0.0,288.0,48.7
ha_permisos_2023,0,0.0,447.0,75.6
ha_transito_2023,0,0.0,477.0,80.7
maquinaria,0,0.0,329.0,55.7
minas,0,0.0,300.0,50.8
municipio,0,0.0,,
n_barequeros,0,0.0,231.0,39.1
n_trimestres,0,0.0,203.0,34.3
precio_cop_gramo,0,0.0,0.0,0.0
precio_usd_onza,0,0.0,0.0,0.0
ratio_tope_bareq,231,39.1,171.0,28.9
regalias_cop,0,0.0,203.0,34.3
share_barequeo,219,37.1,118.0,20.0
share_ilicita_2023,288,48.7,0.0,0.0
share_titulos,219,37.1,190.0,32.1
tipo_predominante,0,0.0,,
tope_bareq_g,0,0.0,231.0,39.1
trm,0,0.0,0.0,0.0
var_huella_2021_2023_pct,300,50.8,0.0,0.0
