,n,nulos,ceros,media,desv_est,cv,min,p5,p25,mediana,p75,p95,max,asimetria,curtosis
gramos_anm,591.0,0.0,213.0,286326.9498815567,1205686.5098414773,4.210873305290428,0.0,0.0,0.0,1769.24,61401.86,1187625.32,15381919.9,7.541187279610926,68.52420094411511
regalias_cop,591.0,0.0,203.0,2662362946.488139,11707217557.802834,4.397303370393414,0.0,0.0,0.0,24178700.85,753652814.91,11903273706.18,144164527912.64,8.51752680149994,83.17346922590573
g_titulos,591.0,0.0,409.0,130778.01027757484,760936.097202682,5.818532455017505,0.0,0.0,0.0,0.0,1850.43264,281167.90429976,8746438.5,8.538091439486886,80.42999929413031
g_barequeros,591.0,0.0,337.0,144213.28353003063,849462.0051892833,5.890317343841584,0.0,0.0,0.0,0.0,8612.454601165,545911.72,12953353.09,11.616852888162777,152.18443308195103
share_barequeo,372.0,219.0,118.0,0.5450563287843421,0.4691062217345876,0.8606564073494044,0.0,0.0,0.0,0.8120511569702791,1.0,1.0,1.0,-0.18067962682478997,-1.8920005934707658
n_barequeros,591.0,0.0,231.0,367.502538071066,2287.971156533478,6.225728857663127,0.0,0.0,0.0,4.0,38.0,1171.5,29209.0,10.772153376113952,128.67067973171254
ratio_tope_bareq,360.0,231.0,171.0,4.149010159901465,23.718242564095835,5.716602671481316,0.0,0.0,0.0,0.020046844754161828,0.8712280285748246,15.638384360282595,365.2532940519325,11.599008378443786,159.13734116785076
evoa_ha_2023,591.0,0.0,288.0,533.2982457258884,1394.8965961560398,2.6156031964016755,0.0,0.0,0.0,4.511776,203.174858,2919.1935780000003,8668.760189,3.648345057732769,14.07528108118621
ha_ilicita_2023,591.0,0.0,288.0,404.2197909829442,1026.6766240397765,2.5398969742258277,0.0,0.0,0.0,3.08112556,173.24025072,2049.938332325,6351.12095113,3.595523913519607,13.749922239235405
share_ilicita_2023,303.0,288.0,0.0,0.8481855842126529,0.22501195374571817,0.26528622737038204,0.021038800105801787,0.4197779595306057,0.7338175042680201,0.9653453126017182,0.9999999948271943,1.0,1.0,-1.8259393254445573,3.0966996411048764
minas,591.0,0.0,300.0,9.316412859560067,27.88474556538408,2.9930774844064643,0.0,0.0,0.0,0.0,6.0,45.0,310.0,6.4424736147724575,53.59642235068061
capturas,591.0,0.0,423.0,2.906937394247039,7.713061951802609,2.653329227890187,0.0,0.0,0.0,0.0,2.0,16.0,67.0,4.437992485508562,24.493422176934025
maquinaria,591.0,0.0,329.0,5.712351945854484,19.180193696146212,3.3576701642246483,0.0,0.0,0.0,0.0,3.0,27.0,300.0,8.942822850788636,110.58972419615358
