codigo_dane,anio,bareq_g,departamento,municipio,n_barequeros,bareq_max_g,ratio_tope,g_por_bareq_mes
05001,2023,1981.03378348,,,0.0,0.0,,
05001,2024,274.94,,,0.0,0.0,,
05001,2025,100.16,,,0.0,0.0,,
05002,2017,232.91417792,,,0.0,0.0,,
05002,2020,25.14316518,,,0.0,0.0,,
05004,2019,1129.43,ANTIOQUIA,ABRIAQUÍ,14.0,5880.0,0.19207993197278914,6.722797619047619
05004,2020,12041.34910298,ANTIOQUIA,ABRIAQUÍ,14.0,5880.0,2.0478484869013607,71.67469704154762
05004,2021,3927.3883196,ANTIOQUIA,ABRIAQUÍ,14.0,5880.0,0.6679231836054422,23.377311426190477
05004,2022,4773.6682415,ANTIOQUIA,ABRIAQUÍ,14.0,5880.0,0.8118483403911564,28.414691913690476
05004,2023,341.83660736,ANTIOQUIA,ABRIAQUÍ,14.0,5880.0,0.058135477442176876,2.0347417104761907
05031,2017,316016.10482158,ANTIOQUIA,AMALFI,101.0,42420.0,7.449696011824139,260.73936041384485
05031,2018,248281.97685187,ANTIOQUIA,AMALFI,101.0,42420.0,5.852946177554691,204.85311621441417
05031,2019,150476.00837701,ANTIOQUIA,AMALFI,101.0,42420.0,3.547289212093588,124.15512242327559
05031,2020,142895.1251713,ANTIOQUIA,AMALFI,101.0,42420.0,3.3685790940900517,117.9002682931518
05031,2021,272419.02518475,ANTIOQUIA,AMALFI,101.0,42420.0,6.421947788419377,224.7681725946782
05031,2022,203591.23827159,ANTIOQUIA,AMALFI,101.0,42420.0,4.79941627231471,167.97956953101485
05031,2023,102335.61639896,ANTIOQUIA,AMALFI,101.0,42420.0,2.4124379160528053,84.43532706184818
05031,2024,20232.85,ANTIOQUIA,AMALFI,101.0,42420.0,0.4769648750589344,16.693770627062705
05034,2020,28680.24860903,,,0.0,0.0,,
05034,2021,58299.09472228,,,0.0,0.0,,
05040,2017,2944.9324502,ANTIOQUIA,ANORÍ,33.0,13860.0,0.21247708875901875,7.4366981065656566
05040,2018,34778.0949931,ANTIOQUIA,ANORÍ,33.0,13860.0,2.509242062994228,87.82347220479797
05040,2019,13279.48704,ANTIOQUIA,ANORÍ,33.0,13860.0,0.958115948051948,33.53405818181818
05040,2020,6117.74640714,ANTIOQUIA,ANORÍ,33.0,13860.0,0.4413958446709957,15.448854563484849
05040,2021,37132.55666829,ANTIOQUIA,ANORÍ,33.0,13860.0,2.6791166427337663,93.76908249568181
05040,2022,172377.41177736,ANTIOQUIA,ANORÍ,33.0,13860.0,12.43704269677922,435.29649438727273
05040,2023,150511.96476079,ANTIOQUIA,ANORÍ,33.0,13860.0,10.859449116940116,380.080719092904
05042,2019,9844.32489345,ANTIOQUIA,SANTA FE DE ANTIOQUIA,7.0,2940.0,3.348409827704082,117.19434396964287
05042,2020,7842.2348193,ANTIOQUIA,SANTA FE DE ANTIOQUIA,7.0,2940.0,2.6674268092857143,93.35993832499999
05042,2021,59220.13994214,ANTIOQUIA,SANTA FE DE ANTIOQUIA,7.0,2940.0,20.142904742224488,705.0016659778571
05042,2022,71948.34136652,ANTIOQUIA,SANTA FE DE ANTIOQUIA,7.0,2940.0,24.47222495459864,856.5278734109525
05042,2023,67574.33054421,ANTIOQUIA,SANTA FE DE ANTIOQUIA,7.0,2940.0,22.9844661715,804.4563160025
05042,2024,51154.27,ANTIOQUIA,SANTA FE DE ANTIOQUIA,7.0,2940.0,17.39941156462585,608.9794047619047
05044,2019,504.98138,ANTIOQUIA,ANZÁ,5.0,2100.0,0.24046732380952382,8.416356333333333
05044,2020,711.98096386,ANTIOQUIA,ANZÁ,5.0,2100.0,0.3390385542190476,11.866349397666667
05044,2021,21106.78429416,ANTIOQUIA,ANZÁ,5.0,2100.0,10.050849663885714,351.77973823599996
05044,2022,4943.94,ANTIOQUIA,ANZÁ,5.0,2100.0,2.3542571428571426,82.39899999999999
05044,2023,321.77,ANTIOQUIA,ANZÁ,5.0,2100.0,0.1532238095238095,5.362833333333334
05055,2023,246.76,,,0.0,0.0,,
05079,2017,5281.36028914,ANTIOQUIA,BARBOSA,6.0,2520.0,2.0957778925158728,73.35222623805555
05079,2018,4095.80291456,ANTIOQUIA,BARBOSA,6.0,2520.0,1.625318616888889,56.88615159111111
05079,2019,14131.83438365,ANTIOQUIA,BARBOSA,6.0,2520.0,5.607870787162699,196.27547755069443
05079,2020,26741.25812,ANTIOQUIA,BARBOSA,6.0,2520.0,10.611610365079365,371.40636277777776
05079,2021,31312.09709675,ANTIOQUIA,BARBOSA,6.0,2520.0,12.425435355853175,434.8902374548611
05079,2022,14718.64501,ANTIOQUIA,BARBOSA,6.0,2520.0,5.840732146825397,204.4256251388889
05079,2023,6597.54,ANTIOQUIA,BARBOSA,6.0,2520.0,2.6180714285714286,91.6325
05086,2017,0.0,,,0.0,0.0,,
05086,2019,142.01,,,0.0,0.0,,
05086,2020,122.58,,,0.0,0.0,,
05086,2023,205.96,,,0.0,0.0,,
05107,2017,111237.02293447,,,0.0,0.0,,
05107,2018,131504.01,,,0.0,0.0,,
05107,2019,12734.05788,,,0.0,0.0,,
05107,2020,119244.77854165,,,0.0,0.0,,
05107,2021,166193.20692584,,,0.0,0.0,,
05107,2022,131980.3637804,,,0.0,0.0,,
05107,2023,3762.58,,,0.0,0.0,,
05113,2017,1622.15856273,ANTIOQUIA,BURITICÁ,1.0,420.0,3.862282292214286,135.1798802275
05113,2018,38857.99937658,ANTIOQUIA,BURITICÁ,1.0,420.0,92.51904613471429,3238.1666147150004
05113,2019,29158.80118963,ANTIOQUIA,BURITICÁ,1.0,420.0,69.42571711816667,2429.9000991358334
05113,2020,20527.0,ANTIOQUIA,BURITICÁ,1.0,420.0,48.87380952380953,1710.5833333333333
05113,2021,23947.1163578,ANTIOQUIA,BURITICÁ,1.0,420.0,57.016943709047624,1995.5930298166668
05113,2022,274.5,ANTIOQUIA,BURITICÁ,1.0,420.0,0.6535714285714286,22.875
05120,2017,883426.2191393,ANTIOQUIA,CÁCERES,155.0,65100.0,13.570295224874041,474.9603328705914
05120,2018,727782.12507565,ANTIOQUIA,CÁCERES,155.0,65100.0,11.179448925893242,391.2807124062635
05120,2019,147917.14432382,ANTIOQUIA,CÁCERES,155.0,65100.0,2.2721527545901687,79.5253464106559
05120,2020,27881.51612221,ANTIOQUIA,CÁCERES,155.0,65100.0,0.42828749803702,14.990062431295698
05120,2021,153821.39265365,ANTIOQUIA,CÁCERES,155.0,65100.0,2.3628478134201227,82.6996734697043
05120,2022,81159.7940368,ANTIOQUIA,CÁCERES,155.0,65100.0,1.2466942248356374,43.63429786924731
05120,2023,420848.993857,ANTIOQUIA,CÁCERES,155.0,65100.0,6.464654283517666,226.26289992311828
05120,2024,349823.47,ANTIOQUIA,CÁCERES,155.0,65100.0,5.373632411674347,188.07713440860212
05120,2025,64225.05,ANTIOQUIA,CÁCERES,155.0,65100.0,0.9865599078341014,34.52959677419355
05125,2017,476.15573954,,,0.0,0.0,,
05138,2021,26263.8062301,ANTIOQUIA,CAÑASGORDAS,827.0,347340.0,0.07561411363534289,2.646493977237001
05138,2022,101122.63035898,ANTIOQUIA,CAÑASGORDAS,827.0,347340.0,0.29113442263770367,10.18970479231963
05138,2023,161497.31938553,ANTIOQUIA,CAÑASGORDAS,827.0,347340.0,0.46495456724111817,16.273409853439137
05138,2024,303167.7,ANTIOQUIA,CAÑASGORDAS,827.0,347340.0,0.8728269131110727,30.54894195888755
05138,2025,247026.44,ANTIOQUIA,CAÑASGORDAS,827.0,347340.0,0.7111949098865665,24.891821846029828
05142,2017,109.293512,ANTIOQUIA,CARACOLÍ,8.0,3360.0,0.03252783095238095,1.1384740833333333
05142,2019,1749.4269,ANTIOQUIA,CARACOLÍ,8.0,3360.0,0.5206627678571428,18.223196875
05142,2020,11272.4833,ANTIOQUIA,CARACOLÍ,8.0,3360.0,3.354905744047619,117.42170104166667
05142,2021,10159.944,ANTIOQUIA,CARACOLÍ,8.0,3360.0,3.023792857142857,105.83274999999999
05142,2022,14195.95583348,ANTIOQUIA,CARACOLÍ,8.0,3360.0,4.224986855202381,147.87453993208334
05142,2023,2427.01,ANTIOQUIA,CARACOLÍ,8.0,3360.0,0.7223244047619048,25.28135416666667
05150,2022,231.45,,,0.0,0.0,,
05150,2023,326.00184003,,,0.0,0.0,,
05150,2024,389.98,,,0.0,0.0,,
05154,2017,1165967.73773216,ANTIOQUIA,CAUCASIA,29209.0,12267780.0,0.09504309155626853,3.3265082044693983
05154,2018,2568396.68317676,ANTIOQUIA,CAUCASIA,29209.0,12267780.0,0.20936116258824009,7.327640690588403
05154,2019,2899444.48578354,ANTIOQUIA,CAUCASIA,29209.0,12267780.0,0.23634630599697257,8.27212070989404
05154,2020,5041258.87857582,ANTIOQUIA,CAUCASIA,29209.0,12267780.0,0.41093489437989755,14.382721303296414
05154,2021,8500396.94486009,ANTIOQUIA,CAUCASIA,29209.0,12267780.0,0.6929042536514421,24.251648877800477
05154,2022,10083617.64903655,ANTIOQUIA,CAUCASIA,29209.0,12267780.0,0.8219594457217647,28.768580600261767
05154,2023,11087610.0652903,ANTIOQUIA,CAUCASIA,29209.0,12267780.0,0.9037992257189402,31.63297290016291
05154,2024,12953353.09,ANTIOQUIA,CAUCASIA,29209.0,12267780.0,1.0558840385138957,36.95594134798635
05154,2025,8761237.42,ANTIOQUIA,CAUCASIA,29209.0,12267780.0,0.7141664930411207,24.995827256439227
05172,2025,70.41,,,0.0,0.0,,
05190,2019,133.22,ANTIOQUIA,CISNEROS,2.0,840.0,0.1585952380952381,5.550833333333333
05190,2021,4338.57051,ANTIOQUIA,CISNEROS,2.0,840.0,5.164964892857142,180.77377124999998
05190,2022,2788.23534,ANTIOQUIA,CISNEROS,2.0,840.0,3.319327785714286,116.1764725
05190,2023,39771.252,ANTIOQUIA,CISNEROS,2.0,840.0,47.34672857142857,1657.1355
05190,2024,25422.86,ANTIOQUIA,CISNEROS,2.0,840.0,30.265309523809524,1059.2858333333334
05190,2025,5031.98,ANTIOQUIA,CISNEROS,2.0,840.0,5.99045238095238,209.66583333333332
05197,2021,305.82,,,0.0,0.0,,
05197,2022,104.08,,,0.0,0.0,,
05234,2017,0.0,ANTIOQUIA,DABEIBA,529.0,222180.0,0.0,0.0
05234,2018,59867.96396816,ANTIOQUIA,DABEIBA,529.0,222180.0,0.2694570346933117,9.43099621426591
05234,2019,178642.0909101,ANTIOQUIA,DABEIBA,529.0,222180.0,0.8040421771091008,28.141476198818523
05234,2020,139089.04205384,ANTIOQUIA,DABEIBA,529.0,222180.0,0.6260196329725448,21.910687154039067
05234,2021,277293.49426077,ANTIOQUIA,DABEIBA,529.0,222180.0,1.2480578551659465,43.682024930808126
05234,2022,392003.86809448,ANTIOQUIA,DABEIBA,529.0,222180.0,1.7643526334255109,61.75234216989288
05234,2023,453200.24806546,ANTIOQUIA,DABEIBA,529.0,222180.0,2.0397886761430373,71.3926036650063
05234,2024,446419.96,ANTIOQUIA,DABEIBA,529.0,222180.0,2.0092715816005042,70.32450535601764
05234,2025,193451.03,ANTIOQUIA,DABEIBA,529.0,222180.0,0.8706950670627419,30.474327347195967
05237,2021,437.99231,,,0.0,0.0,,
05237,2022,5548.18,,,0.0,0.0,,
05237,2023,128.79,,,0.0,0.0,,
05240,2023,292.27,,,0.0,0.0,,
05240,2024,36.9,,,0.0,0.0,,
05250,2017,2595866.63751788,ANTIOQUIA,EL BAGRE,626.0,262920.0,9.873218612193368,345.56265142676784
05250,2018,1787708.73629552,ANTIOQUIA,EL BAGRE,626.0,262920.0,6.799439891584969,237.9803962054739
05250,2019,1235721.18699456,ANTIOQUIA,EL BAGRE,626.0,262920.0,4.699989300907348,164.4996255317572
05250,2020,1485279.0438845,ANTIOQUIA,EL BAGRE,626.0,262920.0,5.649167213922485,197.72085248728698
05250,2021,2802819.81402028,ANTIOQUIA,EL BAGRE,626.0,262920.0,10.660352251712611,373.1123288099414
05250,2022,2029025.31948807,ANTIOQUIA,EL BAGRE,626.0,262920.0,7.717272628510839,270.1045419978794
05250,2023,2216654.55605145,ANTIOQUIA,EL BAGRE,626.0,262920.0,8.430908854600068,295.0818099110024
05250,2024,1691232.16,ANTIOQUIA,EL BAGRE,626.0,262920.0,6.432497185455651,225.1374014909478
05250,2025,998582.11,ANTIOQUIA,EL BAGRE,626.0,262920.0,3.7980454510877832,132.9315907880724
05282,2023,105.81,ANTIOQUIA,FREDONIA,9.0,3780.0,0.02799206349206349,0.9797222222222223
05284,2017,56.155648,,,0.0,0.0,,
05284,2018,37946.89,,,0.0,0.0,,
05284,2019,71798.099,,,0.0,0.0,,
05284,2020,382459.26273328,,,0.0,0.0,,
05284,2021,232528.80367294,,,0.0,0.0,,
05284,2022,77595.08217977,,,0.0,0.0,,
05284,2023,975.64348428,,,0.0,0.0,,
05284,2024,1983.67,,,0.0,0.0,,
05284,2025,10324.0,,,0.0,0.0,,
05361,2017,66.75547064,,,0.0,0.0,,
05364,2017,1167.69404826,,,0.0,0.0,,
05390,2017,7305.12,ANTIOQUIA,LA PINTADA,48.0,20160.0,0.3623571428571429,12.6825
05390,2018,74575.97,ANTIOQUIA,LA PINTADA,48.0,20160.0,3.6992048611111112,129.47217013888888
05390,2019,15590.74,ANTIOQUIA,LA PINTADA,48.0,20160.0,0.7733501984126984,27.06725694444444
05390,2020,1859.89,ANTIOQUIA,LA PINTADA,48.0,20160.0,0.09225644841269842,3.2289756944444448
05390,2021,13361.198211,ANTIOQUIA,LA PINTADA,48.0,20160.0,0.6627578477678572,23.196524671875
05390,2022,7443.531642,ANTIOQUIA,LA PINTADA,48.0,20160.0,0.3692227997023809,12.922797989583332
05390,2023,3445.705021,ANTIOQUIA,LA PINTADA,48.0,20160.0,0.17091790778769841,5.982126772569445
05411,2017,106.92057422,,,0.0,0.0,,
05425,2017,0.0,ANTIOQUIA,MACEO,2.0,840.0,0.0,0.0
05425,2020,39899.39789978,ANTIOQUIA,MACEO,2.0,840.0,47.49928321402381,1662.4749124908333
05425,2021,105347.92415156,ANTIOQUIA,MACEO,2.0,840.0,125.4141954185238,4389.496839648334
05425,2022,47097.28315037,ANTIOQUIA,MACEO,2.0,840.0,56.06819422663095,1962.3867979320833
05425,2024,207.54,ANTIOQUIA,MACEO,2.0,840.0,0.24707142857142855,8.647499999999999
05480,2017,163222.7482064,ANTIOQUIA,MUTATÁ,681.0,286020.0,0.5706690028893084,19.973415101125795
05480,2018,191051.99,ANTIOQUIA,MUTATÁ,681.0,286020.0,0.6679672400531431,23.37885340186001
05480,2019,236556.12722184,ANTIOQUIA,MUTATÁ,681.0,286020.0,0.8270614894826935,28.94715213189427
05480,2020,172173.44652621,ANTIOQUIA,MUTATÁ,681.0,286020.0,0.6019629624718901,21.06870368651615
05480,2021,82622.03271017,ANTIOQUIA,MUTATÁ,681.0,286020.0,0.288868025698098,10.11038089943343
05480,2022,40151.204594,ANTIOQUIA,MUTATÁ,681.0,286020.0,0.14037901053772464,4.913265368820363
05480,2023,97.12015174,ANTIOQUIA,MUTATÁ,681.0,286020.0,0.00033955720488077753,0.011884502170827213
05480,2024,262373.61,ANTIOQUIA,MUTATÁ,681.0,286020.0,0.9173260960771974,32.10641336270191
05480,2025,237951.01,ANTIOQUIA,MUTATÁ,681.0,286020.0,0.8319383609537795,29.11784263338228
05495,2017,978372.77225243,ANTIOQUIA,NECHÍ,82.0,34440.0,28.408036360407376,994.281272614258
05495,2018,381794.27665982,ANTIOQUIA,NECHÍ,82.0,34440.0,11.085780390819396,388.00231367867883
05495,2019,290336.14951306,ANTIOQUIA,NECHÍ,82.0,34440.0,8.430201786093496,295.05706251327234
05495,2020,310473.2455226,ANTIOQUIA,NECHÍ,82.0,34440.0,9.01490259937863,315.52159097825205
05495,2021,415584.73011282,ANTIOQUIA,NECHÍ,82.0,34440.0,12.066920154263066,422.34220539920733
05495,2022,45738.77091993,ANTIOQUIA,NECHÍ,82.0,34440.0,1.328071164922474,46.48249077228658
05495,2023,92074.393574,ANTIOQUIA,NECHÍ,82.0,34440.0,2.673472519570267,93.57153818495935
05495,2024,25375.78,ANTIOQUIA,NECHÍ,82.0,34440.0,0.7368112659698025,25.788394308943086
05495,2025,17999.69,ANTIOQUIA,NECHÍ,82.0,34440.0,0.5226390824622531,18.292367886178862
05501,2017,145.27834346,,,0.0,0.0,,
05501,2019,7.58,,,0.0,0.0,,
05501,2020,19.59,,,0.0,0.0,,
05579,2017,151516.88193361,ANTIOQUIA,PUERTO BERRÍO,4.0,1680.0,90.18862019857738,3156.6017069502086
05579,2018,295831.58,ANTIOQUIA,PUERTO BERRÍO,4.0,1680.0,176.0902261904762,6163.157916666667
05579,2019,94183.39,ANTIOQUIA,PUERTO BERRÍO,4.0,1680.0,56.06154166666666,1962.1539583333333
05579,2020,96416.919425,ANTIOQUIA,PUERTO BERRÍO,4.0,1680.0,57.3910234672619,2008.6858213541666
05579,2021,115946.14469767,ANTIOQUIA,PUERTO BERRÍO,4.0,1680.0,69.01556232004167,2415.5446812014584
05579,2022,210363.82292391,ANTIOQUIA,PUERTO BERRÍO,4.0,1680.0,125.21656126423214,4382.579644248125
05579,2023,194121.90682955,ANTIOQUIA,PUERTO BERRÍO,4.0,1680.0,115.54875406520833,4044.2063922822913
05579,2024,101411.0,ANTIOQUIA,PUERTO BERRÍO,4.0,1680.0,60.36369047619048,2112.7291666666665
05579,2025,18990.49,ANTIOQUIA,PUERTO BERRÍO,4.0,1680.0,11.303863095238096,395.63520833333337
05585,2017,91160.34390303,ANTIOQUIA,PUERTO NARE,231.0,97020.0,0.9396036271184293,32.88612694914502
05585,2018,56045.29,ANTIOQUIA,PUERTO NARE,231.0,97020.0,0.5776673881673882,20.218358585858585
05585,2019,26155.62,ANTIOQUIA,PUERTO NARE,231.0,97020.0,0.2695899814471243,9.435649350649351
05585,2020,15145.62,ANTIOQUIA,PUERTO NARE,231.0,97020.0,0.1561082251082251,5.463787878787879
05585,2021,12739.80019995,ANTIOQUIA,PUERTO NARE,231.0,97020.0,0.1313110719434137,4.59588751801948
05585,2022,60053.877255,ANTIOQUIA,PUERTO NARE,231.0,97020.0,0.6189845109771182,21.664457884199134
05585,2023,131854.04576316,ANTIOQUIA,PUERTO NARE,231.0,97020.0,1.3590398450129868,47.566394575454545
05585,2024,123624.16,ANTIOQUIA,PUERTO NARE,231.0,97020.0,1.2742131519274378,44.597460317460325
05585,2025,127737.55,ANTIOQUIA,PUERTO NARE,231.0,97020.0,1.3166104926819213,46.08136724386725
05591,2017,82.84748786,,,0.0,0.0,,
05604,2017,24141.4671521,ANTIOQUIA,REMEDIOS,1878.0,788760.0,0.0306068603277296,1.0712401114705359
05604,2018,168412.72131046,ANTIOQUIA,REMEDIOS,1878.0,788760.0,0.2135157986085248,7.473052951298367
05604,2019,719324.3546119,ANTIOQUIA,REMEDIOS,1878.0,788760.0,0.9119686021247275,31.91890107436546
05604,2020,2303623.35892347,ANTIOQUIA,REMEDIOS,1878.0,788760.0,2.920563110354823,102.21970886241881
05604,2021,4341572.70554167,ANTIOQUIA,REMEDIOS,1878.0,788760.0,5.504301315408578,192.65054603930025
05604,2022,1773855.51878383,ANTIOQUIA,REMEDIOS,1878.0,788760.0,2.2489166778029186,78.71208372310215
05604,2023,322974.04904523,ANTIOQUIA,REMEDIOS,1878.0,788760.0,0.4094706235676631,14.33147182486821
05604,2024,110840.56,ANTIOQUIA,REMEDIOS,1878.0,788760.0,0.14052507733657893,4.918377706780262
05604,2025,649520.73,ANTIOQUIA,REMEDIOS,1878.0,788760.0,0.8234706754906436,28.821473642172524
05628,2017,4493.48,ANTIOQUIA,SABANALARGA,22.0,9240.0,0.48630735930735924,17.020757575757575
05628,2018,2690.92,ANTIOQUIA,SABANALARGA,22.0,9240.0,0.2912251082251082,10.192878787878788
05628,2020,82.02254274,ANTIOQUIA,SABANALARGA,22.0,9240.0,0.008876898564935065,0.3106914497727273
05642,2017,52.1605813,ANTIOQUIA,SALGAR,7.0,2940.0,0.01774169431972789,0.6209593011904762
05649,2017,4992.57496957,,,0.0,0.0,,
05649,2019,29.06,,,0.0,0.0,,
05649,2020,25.4,,,0.0,0.0,,
05652,2017,1498.45482581,,,0.0,0.0,,
05659,2017,23.9906952,,,0.0,0.0,,
05660,2017,3129.54852514,ANTIOQUIA,SAN LUIS,5.0,2100.0,1.4902612024476192,52.159142085666666
05660,2018,5931.9235721,ANTIOQUIA,SAN LUIS,5.0,2100.0,2.8247255105238094,98.86539286833333
05660,2019,3891.0554558,ANTIOQUIA,SAN LUIS,5.0,2100.0,1.8528835503809524,64.85092426333334
05660,2020,1537.16,ANTIOQUIA,SAN LUIS,5.0,2100.0,0.7319809523809524,25.619333333333334
05660,2021,85.13,ANTIOQUIA,SAN LUIS,5.0,2100.0,0.040538095238095234,1.4188333333333334
05667,2021,4971.61,ANTIOQUIA,SAN RAFAEL,136.0,57120.0,0.08703799019607843,3.046329656862745
05667,2022,23351.255,ANTIOQUIA,SAN RAFAEL,136.0,57120.0,0.4088104866946779,14.308367034313726
05667,2023,2667.86,ANTIOQUIA,SAN RAFAEL,136.0,57120.0,0.0467062324929972,1.634718137254902
05667,2024,29212.41,ANTIOQUIA,SAN RAFAEL,136.0,57120.0,0.511421743697479,17.899761029411764
05667,2025,3045.11,ANTIOQUIA,SAN RAFAEL,136.0,57120.0,0.05331074929971989,1.8658762254901962
05670,2017,43605.2,ANTIOQUIA,SAN ROQUE,1.0,420.0,103.82190476190476,3633.7666666666664
05670,2018,1080.13,ANTIOQUIA,SAN ROQUE,1.0,420.0,2.5717380952380955,90.01083333333334
05670,2019,6028.7769,ANTIOQUIA,SAN ROQUE,1.0,420.0,14.354230714285714,502.398075
05670,2020,10466.58,ANTIOQUIA,SAN ROQUE,1.0,420.0,24.92042857142857,872.215
05670,2021,22956.46717198,ANTIOQUIA,SAN ROQUE,1.0,420.0,54.65825517138095,1913.0389309983332
05670,2022,12053.79535492,ANTIOQUIA,SAN ROQUE,1.0,420.0,28.69951274980952,1004.4829462433332
05679,2017,6217.6,,,0.0,0.0,,
05686,2017,3620.78,ANTIOQUIA,SANTA ROSA DE OSOS,8.0,3360.0,1.0776130952380953,37.716458333333335
05686,2018,2156.26506965,ANTIOQUIA,SANTA ROSA DE OSOS,8.0,3360.0,0.6417455564434523,22.461094475520834
05686,2019,1474.445874,ANTIOQUIA,SANTA ROSA DE OSOS,8.0,3360.0,0.4388231767857143,15.3588111875
05686,2020,8.48,ANTIOQUIA,SANTA ROSA DE OSOS,8.0,3360.0,0.002523809523809524,0.08833333333333333
05686,2021,134.40769,ANTIOQUIA,SANTA ROSA DE OSOS,8.0,3360.0,0.040002288690476194,1.4000801041666666
05686,2022,67.86,ANTIOQUIA,SANTA ROSA DE OSOS,8.0,3360.0,0.02019642857142857,0.706875
05686,2023,49.93,ANTIOQUIA,SANTA ROSA DE OSOS,8.0,3360.0,0.014860119047619047,0.5201041666666667
05690,2017,180.14324473,ANTIOQUIA,SANTO DOMINGO,4.0,1680.0,0.10722812186309523,3.752984265208333
05690,2018,13053.33544,ANTIOQUIA,SANTO DOMINGO,4.0,1680.0,7.769842523809524,271.94448833333337
05690,2019,8171.2631706,ANTIOQUIA,SANTO DOMINGO,4.0,1680.0,4.863847125357143,170.2346493875
05690,2020,8027.42,ANTIOQUIA,SANTO DOMINGO,4.0,1680.0,4.7782261904761905,167.23791666666668
05690,2021,7836.24940133,ANTIOQUIA,SANTO DOMINGO,4.0,1680.0,4.664434167458333,163.25519586104167
05690,2022,2514.32385,ANTIOQUIA,SANTO DOMINGO,4.0,1680.0,1.4966213392857144,52.381746875000005
05690,2023,3102.27,ANTIOQUIA,SANTO DOMINGO,4.0,1680.0,1.8465892857142856,64.630625
05736,2017,163571.57136791,ANTIOQUIA,SEGOVIA,154.0,64680.0,2.528935859120439,88.51275506921536
05736,2018,950290.39252926,ANTIOQUIA,SEGOVIA,154.0,64680.0,14.692182939537107,514.2264028837986
05736,2019,1175884.26600963,ANTIOQUIA,SEGOVIA,154.0,64680.0,18.18002884987059,636.3010097454708
05736,2020,1526101.48264872,ANTIOQUIA,SEGOVIA,154.0,64680.0,23.594642588879406,825.8124906107793
05736,2021,861364.51865413,ANTIOQUIA,SEGOVIA,154.0,64680.0,13.317324036087355,466.1063412630574
05736,2022,772910.4397685,ANTIOQUIA,SEGOVIA,154.0,64680.0,11.949759427465986,418.2415799613095
05736,2023,435717.61066439,ANTIOQUIA,SEGOVIA,154.0,64680.0,6.736512224248455,235.7779278486959
05736,2024,45491.35,ANTIOQUIA,SEGOVIA,154.0,64680.0,0.7033294681508967,24.616531385281387
05736,2025,171876.65,ANTIOQUIA,SEGOVIA,154.0,64680.0,2.6573384353741494,93.00684523809524
05790,2017,359181.9620096,ANTIOQUIA,TARAZÁ,12.0,5040.0,71.26626230349207,2494.3191806222226
05790,2018,188668.28,ANTIOQUIA,TARAZÁ,12.0,5040.0,37.43418253968254,1310.1963888888888
05790,2019,98450.93406,ANTIOQUIA,TARAZÁ,12.0,5040.0,19.53391548809524,683.6870420833334
05790,2020,66591.04,ANTIOQUIA,TARAZÁ,12.0,5040.0,13.212507936507935,462.43777777777774
05790,2021,78703.73731118,ANTIOQUIA,TARAZÁ,12.0,5040.0,15.615820895075396,546.5537313276388
05790,2022,29873.3341714,ANTIOQUIA,TARAZÁ,12.0,5040.0,5.927248843531746,207.4537095236111
05790,2023,18772.93,ANTIOQUIA,TARAZÁ,12.0,5040.0,3.7247876984126984,130.36756944444446
05790,2024,6569.34,ANTIOQUIA,TARAZÁ,12.0,5040.0,1.3034404761904763,45.62041666666667
05790,2025,18472.81,ANTIOQUIA,TARAZÁ,12.0,5040.0,3.6652400793650797,128.28340277777778
05847,2017,5394.61700801,,,0.0,0.0,,
05847,2020,40110.59626125,,,0.0,0.0,,
05847,2021,18871.8301863,,,0.0,0.0,,
05854,2017,41689.65191237,ANTIOQUIA,VALDIVIA,20.0,8400.0,4.963053799091666,173.70688296820833
05854,2018,32557.0,ANTIOQUIA,VALDIVIA,20.0,8400.0,3.8758333333333335,135.65416666666667
05854,2019,7568.76,ANTIOQUIA,VALDIVIA,20.0,8400.0,0.9010428571428571,31.5365
05854,2021,18199.3975277,ANTIOQUIA,VALDIVIA,20.0,8400.0,2.1665949437738092,75.83082303208333
05854,2022,16387.6857447,ANTIOQUIA,VALDIVIA,20.0,8400.0,1.9509149696071428,68.28202393625
05856,2023,93.01,,,0.0,0.0,,
05858,2017,112763.00217819,,,0.0,0.0,,
05858,2018,92507.85592,,,0.0,0.0,,
05858,2019,46843.86491116,,,0.0,0.0,,
05858,2020,52355.49791679,,,0.0,0.0,,
05858,2021,117100.98640302,,,0.0,0.0,,
05858,2022,1271924.4872158,,,0.0,0.0,,
05858,2023,4343933.48872569,,,0.0,0.0,,
05858,2024,1589419.11,,,0.0,0.0,,
05858,2025,200868.32,,,0.0,0.0,,
05861,2017,2936.38,ANTIOQUIA,VENECIA,2.0,840.0,3.495690476190476,122.34916666666668
05861,2019,1246.09,ANTIOQUIA,VENECIA,2.0,840.0,1.483440476190476,51.92041666666666
05861,2023,98.9,ANTIOQUIA,VENECIA,2.0,840.0,0.11773809523809524,4.120833333333334
05873,2017,0.0,,,0.0,0.0,,
05873,2018,111.59564292,,,0.0,0.0,,
05873,2019,1641.49075,,,0.0,0.0,,
05873,2021,1986.35,,,0.0,0.0,,
05885,2017,13830.84235874,ANTIOQUIA,YALÍ,300.0,126000.0,0.10976859014873015,3.841900655205555
05885,2018,32879.22512348,ANTIOQUIA,YALÍ,300.0,126000.0,0.26094623113873017,9.133118089855556
05885,2019,31632.35048122,ANTIOQUIA,YALÍ,300.0,126000.0,0.25105040064460316,8.786764022561112
05885,2020,20422.5664172,ANTIOQUIA,YALÍ,300.0,126000.0,0.16208386045396825,5.672935115888889
05885,2021,21387.68348538,ANTIOQUIA,YALÍ,300.0,126000.0,0.1697435197252381,5.9410231903833335
05885,2022,14568.22986038,ANTIOQUIA,YALÍ,300.0,126000.0,0.11562087190777778,4.0467305167722225
05885,2023,6194.71620311,ANTIOQUIA,YALÍ,300.0,126000.0,0.04916441431039682,1.7207545008638887
05885,2024,1069467.97,ANTIOQUIA,YALÍ,300.0,126000.0,8.487841031746031,297.0744361111111
05885,2025,436467.39,ANTIOQUIA,YALÍ,300.0,126000.0,3.464026904761905,121.24094166666667
05887,2017,7016.77305142,ANTIOQUIA,YARUMAL,31.0,13020.0,0.5389226613993856,18.862293148978495
05887,2018,15138.37,ANTIOQUIA,YARUMAL,31.0,13020.0,1.1627012288786482,40.69454301075269
05887,2019,11747.52,ANTIOQUIA,YARUMAL,31.0,13020.0,0.9022672811059909,31.579354838709676
05887,2025,294.5,ANTIOQUIA,YARUMAL,31.0,13020.0,0.02261904761904762,0.7916666666666666
05890,2017,0.0,ANTIOQUIA,YOLOMBÓ,5.0,2100.0,0.0,0.0
05890,2018,16645.4120025,ANTIOQUIA,YOLOMBÓ,5.0,2100.0,7.926386667857144,277.42353337500003
05890,2019,25820.19448469,ANTIOQUIA,YOLOMBÓ,5.0,2100.0,12.295330706995239,430.33657474483334
05890,2020,24534.47392913,ANTIOQUIA,YOLOMBÓ,5.0,2100.0,11.683082823395237,408.9078988188333
05890,2021,20858.9496736,ANTIOQUIA,YOLOMBÓ,5.0,2100.0,9.932833177904762,347.64916122666665
05890,2022,133018.9078534,ANTIOQUIA,YOLOMBÓ,5.0,2100.0,63.34233707304761,2216.981797556666
05890,2023,36649.72661747,ANTIOQUIA,YOLOMBÓ,5.0,2100.0,17.45225077022381,610.8287769578333
05890,2024,734.76,ANTIOQUIA,YOLOMBÓ,5.0,2100.0,0.3498857142857143,12.246
05890,2025,80.46,ANTIOQUIA,YOLOMBÓ,5.0,2100.0,0.03831428571428571,1.341
05895,2017,1443397.94780797,ANTIOQUIA,ZARAGOZA,5.0,2100.0,687.3323560990333,24056.63246346617
05895,2018,910664.68713706,ANTIOQUIA,ZARAGOZA,5.0,2100.0,433.6498510176476,15177.744785617666
05895,2019,692140.07251207,ANTIOQUIA,ZARAGOZA,5.0,2100.0,329.5905107200333,11535.667875201165
05895,2020,531290.27560026,ANTIOQUIA,ZARAGOZA,5.0,2100.0,252.99536933345715,8854.837926671
05895,2021,120473.18395218,ANTIOQUIA,ZARAGOZA,5.0,2100.0,57.36818283437143,2007.886399203
05895,2022,46491.77518619,ANTIOQUIA,ZARAGOZA,5.0,2100.0,22.138940564852383,774.8629197698334
05895,2023,37717.74792464,ANTIOQUIA,ZARAGOZA,5.0,2100.0,17.960832345066667,628.6291320773333
05895,2024,7226.73,ANTIOQUIA,ZARAGOZA,5.0,2100.0,3.4412999999999996,120.4455
13006,2022,57151.501579,BOLIVAR,ACHÍ,1992.0,836640.0,0.0683107448591987,2.3908760700719545
13006,2023,567300.28,BOLIVAR,ACHÍ,1992.0,836640.0,0.6780697552113215,23.732441432396254
13006,2024,151860.65,BOLIVAR,ACHÍ,1992.0,836640.0,0.18151253824823102,6.352938838688085
13006,2025,548655.05,BOLIVAR,ACHÍ,1992.0,836640.0,0.6557839094473131,22.95243683065596
13030,2023,25349.112,,,0.0,0.0,,
13042,2017,474136.21,,,0.0,0.0,,
13042,2018,310233.22,,,0.0,0.0,,
13042,2019,154380.61,,,0.0,0.0,,
13042,2021,8205.5659,,,0.0,0.0,,
13042,2022,3137.3748,,,0.0,0.0,,
13042,2023,102.4,,,0.0,0.0,,
13074,2017,583.30652676,BOLIVAR,BARRANCO DE LOBA,1516.0,636720.0,0.0009161115196004523,0.03206390318601583
13074,2021,473.93019,BOLIVAR,BARRANCO DE LOBA,1516.0,636720.0,0.0007443306162834526,0.026051571569920842
13074,2022,18090.28211,BOLIVAR,BARRANCO DE LOBA,1516.0,636720.0,0.028411675634501823,0.9944086472075638
13074,2023,69300.97067849,BOLIVAR,BARRANCO DE LOBA,1516.0,636720.0,0.10884057463012,3.8094201120542
13074,2024,285368.76,BOLIVAR,BARRANCO DE LOBA,1516.0,636720.0,0.44818563889935925,15.686497361477572
13074,2025,384181.06,BOLIVAR,BARRANCO DE LOBA,1516.0,636720.0,0.6033752041713784,21.118132145998242
13212,2021,515460.37325908,,,0.0,0.0,,
13212,2022,381591.18436663,,,0.0,0.0,,
13212,2023,485617.05191013,,,0.0,0.0,,
13212,2024,23711.73,,,0.0,0.0,,
13212,2025,23462.05,,,0.0,0.0,,
13244,2023,106.92,,,0.0,0.0,,
13244,2024,54.66,,,0.0,0.0,,
13300,2022,3524.39362,BOLIVAR,HATILLO DE LOBA,2.0,840.0,4.19570669047619,146.84973416666665
13300,2023,9169.36745526,BOLIVAR,HATILLO DE LOBA,2.0,840.0,10.915913637214286,382.0569773025
13300,2024,3855.12,BOLIVAR,HATILLO DE LOBA,2.0,840.0,4.589428571428571,160.63
13300,2025,118.5,BOLIVAR,HATILLO DE LOBA,2.0,840.0,0.14107142857142857,4.9375
13430,2021,2431.0149,,,0.0,0.0,,
13430,2022,12471.65311,,,0.0,0.0,,
13430,2023,5198.2998797,,,0.0,0.0,,
13430,2024,52.9,,,0.0,0.0,,
13440,2021,36544.602,,,0.0,0.0,,
13440,2022,9870.0575,,,0.0,0.0,,
13440,2023,1584.9855,,,0.0,0.0,,
13458,2017,3050.2770338,,,0.0,0.0,,
13458,2020,4142.12,,,0.0,0.0,,
13458,2021,30996.83462685,,,0.0,0.0,,
13458,2022,858.62,,,0.0,0.0,,
13473,2017,140107.37604511,BOLIVAR,MORALES,15.0,6300.0,22.239266038906347,778.3743113617221
13490,2017,148661.98370052,BOLIVAR,NOROSI,76.0,31920.0,4.657330316432331,163.0065610751316
13490,2018,258505.65,BOLIVAR,NOROSI,76.0,31920.0,8.098547932330828,283.44917763157895
13490,2019,41060.13,BOLIVAR,NOROSI,76.0,31920.0,1.28634492481203,45.02207236842105
13490,2020,80468.61923329,BOLIVAR,NOROSI,76.0,31920.0,2.5209467178348994,88.23313512422148
13490,2021,152142.62288449,BOLIVAR,NOROSI,76.0,31920.0,4.766372897383772,166.823051408432
13490,2022,23081.84713905,BOLIVAR,NOROSI,76.0,31920.0,0.723115511875,25.309042915625
13490,2023,175.93642,BOLIVAR,NOROSI,76.0,31920.0,0.005511792606516291,0.1929127412280702
13490,2024,1028.44,BOLIVAR,NOROSI,76.0,31920.0,0.032219298245614036,1.1276754385964913
13490,2025,2116.5,BOLIVAR,NOROSI,76.0,31920.0,0.0663063909774436,2.320723684210526
13580,2021,28713.93979998,,,0.0,0.0,,
13580,2022,4963.54969999,,,0.0,0.0,,
13600,2017,72110.6275098,,,0.0,0.0,,
13600,2018,114566.74,,,0.0,0.0,,
13600,2019,3476.88,,,0.0,0.0,,
13600,2020,13323.23726628,,,0.0,0.0,,
13600,2021,103827.33813289,,,0.0,0.0,,
13600,2022,10315.36611982,,,0.0,0.0,,
13655,2020,113022.36589919,,,0.0,0.0,,
13655,2021,78273.5757118,,,0.0,0.0,,
13655,2022,33167.563624,,,0.0,0.0,,
13655,2023,207295.91439061,,,0.0,0.0,,
13655,2024,466.12,,,0.0,0.0,,
13655,2025,54243.65,,,0.0,0.0,,
13657,2023,44.11,,,0.0,0.0,,
13667,2017,62350.57,BOLIVAR,SAN MARTIN DE LOBA,440.0,184800.0,0.3373948593073593,11.808820075757575
13667,2018,121733.58195048,BOLIVAR,SAN MARTIN DE LOBA,440.0,184800.0,0.658731504061039,23.055602642136364
13667,2019,96347.95710578,BOLIVAR,SAN MARTIN DE LOBA,440.0,184800.0,0.5213634042520563,18.24771914882197
13667,2020,161073.5033,BOLIVAR,SAN MARTIN DE LOBA,440.0,184800.0,0.8716098663419914,30.5063453219697
13667,2021,264829.29625,BOLIVAR,SAN MARTIN DE LOBA,440.0,184800.0,1.4330589623917749,50.157063683712124
13667,2022,139117.50083,BOLIVAR,SAN MARTIN DE LOBA,440.0,184800.0,0.7528003291666667,26.348011520833335
13667,2023,350290.68307769,BOLIVAR,SAN MARTIN DE LOBA,440.0,184800.0,1.8955123543165044,66.34293240107765
13667,2024,349693.66,BOLIVAR,SAN MARTIN DE LOBA,440.0,184800.0,1.8922817099567097,66.22985984848485
13667,2025,139928.98,BOLIVAR,SAN MARTIN DE LOBA,440.0,184800.0,0.7571914502164503,26.50170075757576
13683,2017,225.724885,,,0.0,0.0,,
13683,2018,679.41095262,,,0.0,0.0,,
13688,2017,6167.48055378,,,0.0,0.0,,
13688,2018,8121.81520544,,,0.0,0.0,,
13688,2019,58492.81918276,,,0.0,0.0,,
13688,2020,36927.52641266,,,0.0,0.0,,
13688,2021,10123.94,,,0.0,0.0,,
13688,2022,953.5464408,,,0.0,0.0,,
13688,2023,91.59,,,0.0,0.0,,
13744,2017,1535897.14998284,BOLIVAR,SIMITÍ,1.0,420.0,3656.8979761496194,127991.42916523667
13744,2018,986049.52041029,BOLIVAR,SIMITÍ,1.0,420.0,2347.7369533578335,82170.79336752417
13744,2019,763753.05397523,BOLIVAR,SIMITÍ,1.0,420.0,1818.4596523219761,63646.087831269164
13744,2020,224276.59304622,BOLIVAR,SIMITÍ,1.0,420.0,533.9918882052857,18689.716087185
13744,2021,112039.06089313,BOLIVAR,SIMITÍ,1.0,420.0,266.75966879316667,9336.588407760833
13744,2022,4500.0984605,BOLIVAR,SIMITÍ,1.0,420.0,10.71452014404762,375.0082050416667
13744,2023,5518.15,BOLIVAR,SIMITÍ,1.0,420.0,13.13845238095238,459.8458333333333
13760,2017,64.8875,,,0.0,0.0,,
13810,2017,153267.09839491,BOLIVAR,TIQUISIO (Puerto Rico),1.0,420.0,364.9216628450238,12772.258199575832
13810,2018,338932.59567434,BOLIVAR,TIQUISIO (Puerto Rico),1.0,420.0,806.9823706531904,28244.382972861666
13810,2019,198805.17297715,BOLIVAR,TIQUISIO (Puerto Rico),1.0,420.0,473.34564994559526,16567.097748095835
13810,2020,35641.80017068,BOLIVAR,TIQUISIO (Puerto Rico),1.0,420.0,84.86142897780952,2970.150014223333
13810,2021,892.2,BOLIVAR,TIQUISIO (Puerto Rico),1.0,420.0,2.1242857142857146,74.35000000000001
17042,2021,7217.18,,,0.0,0.0,,
17042,2022,5776.22,,,0.0,0.0,,
17042,2023,879.57,,,0.0,0.0,,
17042,2024,1132.28,,,0.0,0.0,,
17174,2019,6615.78,,,0.0,0.0,,
17174,2020,51247.6,,,0.0,0.0,,
17174,2021,48670.36,,,0.0,0.0,,
17174,2022,35495.37,,,0.0,0.0,,
17174,2023,32661.8,,,0.0,0.0,,
17272,2017,28.89295,,,0.0,0.0,,
17380,2017,2687.14,CALDAS,LA DORADA,78.0,32760.0,0.08202503052503052,2.8708760683760683
17380,2018,8705.14,CALDAS,LA DORADA,78.0,32760.0,0.26572466422466423,9.300363247863247
17380,2019,18516.88266,CALDAS,LA DORADA,78.0,32760.0,0.5652284084249084,19.782994294871795
17380,2020,20010.768627,CALDAS,LA DORADA,78.0,32760.0,0.6108293231684983,21.37902631089744
17380,2021,161348.15750808,CALDAS,LA DORADA,78.0,32760.0,4.9251574330915755,172.3805101582051
17380,2022,61995.729258,CALDAS,LA DORADA,78.0,32760.0,1.892421528021978,66.23475348076923
17380,2023,1769.233068,CALDAS,LA DORADA,78.0,32760.0,0.054005893406593404,1.8902062692307693
17442,2017,0.0,CALDAS,MARMATO,200.0,84000.0,0.0,0.0
17442,2018,2570.19418654,CALDAS,MARMATO,200.0,84000.0,0.030597549839761904,1.0709142443916666
17442,2019,21205.75472371,CALDAS,MARMATO,200.0,84000.0,0.25244946099654764,8.835731134879167
17442,2020,67090.66915557,CALDAS,MARMATO,200.0,84000.0,0.7986984423282142,27.954445481487497
17442,2021,192296.52117571,CALDAS,MARMATO,200.0,84000.0,2.289244299710833,80.12355048987916
17442,2022,655862.06317754,CALDAS,MARMATO,200.0,84000.0,7.807881704494523,273.27585965730833
17442,2023,736325.1314838,CALDAS,MARMATO,200.0,84000.0,8.765775374807143,306.80213811825
17442,2024,365581.05,CALDAS,MARMATO,200.0,84000.0,4.352155357142857,152.3254375
17442,2025,130915.97,CALDAS,MARMATO,200.0,84000.0,1.5585234523809524,54.54832083333333
17495,2017,3992.37421096,CALDAS,NORCASIA,1.0,420.0,9.505652883238096,332.6978509133333
17495,2019,28.3284,CALDAS,NORCASIA,1.0,420.0,0.06744857142857143,2.3607
17524,2020,28511.07,,,0.0,0.0,,
17524,2021,86794.29,,,0.0,0.0,,
17524,2022,87804.31,,,0.0,0.0,,
17524,2023,60475.662,,,0.0,0.0,,
17614,2018,62.42344203,CALDAS,RIOSUCIO,4.0,1680.0,0.03715681073214286,1.3004883756249999
17614,2019,339.87008763,CALDAS,RIOSUCIO,4.0,1680.0,0.20230362358928572,7.080626825625
17614,2020,212.8744,CALDAS,RIOSUCIO,4.0,1680.0,0.1267109523809524,4.4348833333333335
17614,2021,13537.06475974,CALDAS,RIOSUCIO,4.0,1680.0,8.05777664270238,282.0221824945833
17614,2022,2332.47,CALDAS,RIOSUCIO,4.0,1680.0,1.388375,48.59312499999999
17614,2023,188.1,CALDAS,RIOSUCIO,4.0,1680.0,0.11196428571428571,3.9187499999999997
17614,2024,60.64,CALDAS,RIOSUCIO,4.0,1680.0,0.0360952380952381,1.2633333333333334
17662,2019,192.72456,CALDAS,SAMANÁ,8.0,3360.0,0.0573585,2.0075475
17662,2020,190.40403,CALDAS,SAMANÁ,8.0,3360.0,0.056667866071428576,1.9833753125
17777,2017,8296.44539,CALDAS,SUPIA,26.0,10920.0,0.7597477463369964,26.591171121794872
17777,2018,12329.45332088,CALDAS,SUPIA,26.0,10920.0,1.129070816930403,39.5174785925641
17777,2019,29368.08777718,CALDAS,SUPIA,26.0,10920.0,2.6893853275805863,94.12848646532052
17777,2020,83350.76894251,CALDAS,SUPIA,26.0,10920.0,7.632854298764651,267.1499004567628
17777,2021,39383.70228506,CALDAS,SUPIA,26.0,10920.0,3.6065661433205127,126.22981501621793
17777,2022,22473.61194,CALDAS,SUPIA,26.0,10920.0,2.0580230714285714,72.0308075
17777,2023,17267.64084,CALDAS,SUPIA,26.0,10920.0,1.5812857912087912,55.345002692307695
17777,2024,6908.3,CALDAS,SUPIA,26.0,10920.0,0.6326282051282052,22.141987179487177
17777,2025,2741.25,CALDAS,SUPIA,26.0,10920.0,0.2510302197802198,8.786057692307692
17867,2019,2387.03548,CALDAS,VICTORIA,23.0,9660.0,0.24710512215320912,8.64867927536232
17867,2020,4703.93864,CALDAS,VICTORIA,23.0,9660.0,0.48695016977225675,17.04325594202899
17867,2021,1019.04,CALDAS,VICTORIA,23.0,9660.0,0.10549068322981366,3.692173913043478
18001,2017,34.461,,,0.0,0.0,,
19001,2017,0.0,,,0.0,0.0,,
19100,2017,692.39213,CAUCA,BOLÍVAR,1.0,420.0,1.6485526904761905,57.69934416666666
19110,2017,14834.4588373,CAUCA,BUENOS AIRES,53.0,22260.0,0.666417737524708,23.324620813364778
19256,2017,6415.880451,CAUCA,EL TAMBO,63.0,26460.0,0.24247469580498865,8.486614353174604
19256,2018,5469.64,CAUCA,EL TAMBO,63.0,26460.0,0.20671352985638702,7.2349735449735455
19256,2019,6976.3,CAUCA,EL TAMBO,63.0,26460.0,0.2636545729402872,9.227910052910053
19256,2020,757.28,CAUCA,EL TAMBO,63.0,26460.0,0.028619803476946332,1.0016931216931215
19256,2021,574.71,CAUCA,EL TAMBO,63.0,26460.0,0.02171995464852608,0.7601984126984127
19318,2017,935178.77738655,CAUCA,GUAPI,28.0,11760.0,79.52200487980868,2783.2701707933034
19318,2018,26257.06564,CAUCA,GUAPI,28.0,11760.0,2.2327436768707485,78.1460286904762
19318,2021,23854.35584765,CAUCA,GUAPI,28.0,11760.0,2.028431619698129,70.99510668943452
19318,2022,22572.54,CAUCA,GUAPI,28.0,11760.0,1.9194336734693878,67.18017857142857
19318,2023,92589.35,CAUCA,GUAPI,28.0,11760.0,7.873244047619048,275.5635416666667
19318,2024,71159.49,CAUCA,GUAPI,28.0,11760.0,6.050977040816327,211.78419642857145
19318,2025,5391.82,CAUCA,GUAPI,28.0,11760.0,0.4584880952380952,16.047083333333333
19418,2017,21769.47388,CAUCA,LÓPEZ,45.0,18900.0,1.151824014814815,40.313840518518525
19418,2018,225117.7939,CAUCA,LÓPEZ,45.0,18900.0,11.910994386243386,416.8848035185185
19418,2019,29390.93,CAUCA,LÓPEZ,45.0,18900.0,1.5550756613756613,54.427648148148144
19418,2023,8064.10920233,CAUCA,LÓPEZ,45.0,18900.0,0.42667244456772485,14.93353555987037
19532,2017,0.0,CAUCA,PATÍA (El Bordo),52.0,21840.0,0.0,0.0
19780,2017,0.0,,,0.0,0.0,,
19809,2017,352045.88862654,CAUCA,TIMBIQUÍ,41.0,17220.0,20.44401211536237,715.5404240376829
19809,2018,146465.73259333,CAUCA,TIMBIQUÍ,41.0,17220.0,8.505559384049361,297.69457844172763
19809,2019,187524.30400379,CAUCA,TIMBIQUÍ,41.0,17220.0,10.889913124494193,381.14695935729674
19809,2020,168510.463,CAUCA,TIMBIQUÍ,41.0,17220.0,9.785741173054587,342.50094105691056
19809,2021,116795.40076175,CAUCA,TIMBIQUÍ,41.0,17220.0,6.782543598243322,237.38902593851628
23068,2017,174547.3331726,,,0.0,0.0,,
23068,2018,183492.55584082,,,0.0,0.0,,
23068,2019,274790.86036359,,,0.0,0.0,,
23068,2020,435279.22203611,,,0.0,0.0,,
23068,2021,170877.52370073,,,0.0,0.0,,
23068,2022,270115.094297,,,0.0,0.0,,
23068,2023,226249.63052239,,,0.0,0.0,,
23068,2024,40243.39,,,0.0,0.0,,
23068,2025,1760.92,,,0.0,0.0,,
23079,2022,92.07,,,0.0,0.0,,
23162,2025,53.11,,,0.0,0.0,,
23580,2017,4851.35186731,,,0.0,0.0,,
23580,2019,62431.75755368,,,0.0,0.0,,
23580,2020,77121.7253864,,,0.0,0.0,,
23580,2021,111379.83742755,,,0.0,0.0,,
23580,2022,130360.154,,,0.0,0.0,,
23580,2023,213223.42,,,0.0,0.0,,
23580,2024,129728.44,,,0.0,0.0,,
23580,2025,7786.16,,,0.0,0.0,,
23660,2025,66.6,,,0.0,0.0,,
23670,2025,61.05,,,0.0,0.0,,
23682,2017,3667.50783834,CORDOBA,SAN JOSE DE URE,4716.0,1980720.0,0.0018516033757118623,0.06480611814991519
23682,2018,40954.56754213,CORDOBA,SAN JOSE DE URE,4716.0,1980720.0,0.020676606255366735,0.7236812189378358
23682,2019,51634.28404588,CORDOBA,SAN JOSE DE URE,4716.0,1980720.0,0.026068441801910414,0.9123954630668645
23682,2020,271416.21583176,CORDOBA,SAN JOSE DE URE,4716.0,1980720.0,0.13702906813267904,4.796017384643767
23682,2021,546615.16776851,CORDOBA,SAN JOSE DE URE,4716.0,1980720.0,0.27596791458081404,9.65887701032849
23682,2022,607844.74198203,CORDOBA,SAN JOSE DE URE,4716.0,1980720.0,0.3068807009481552,10.740824533185432
23682,2023,1221216.41739778,CORDOBA,SAN JOSE DE URE,4716.0,1980720.0,0.6165517677399027,21.579311870896593
23682,2024,707879.91,CORDOBA,SAN JOSE DE URE,4716.0,1980720.0,0.35738514782503333,12.508480173876167
23682,2025,860643.43,CORDOBA,SAN JOSE DE URE,4716.0,1980720.0,0.4345103952098227,15.207863832343795
27001,2017,540139.34375187,CHOCO,QUIBDÓ,184.0,77280.0,6.989380742130822,244.62832597457881
27001,2018,310295.97740307,CHOCO,QUIBDÓ,184.0,77280.0,4.01521709890101,140.53259846153534
27001,2019,229939.25563582,CHOCO,QUIBDÓ,184.0,77280.0,2.9754044466332816,104.13915563216487
27001,2020,155595.82718082,CHOCO,QUIBDÓ,184.0,77280.0,2.013403560828416,70.46912462899456
27001,2021,15075.37744191,CHOCO,QUIBDÓ,184.0,77280.0,0.19507475985908385,6.827616595067934
27001,2022,38075.79218557,CHOCO,QUIBDÓ,184.0,77280.0,0.4926991742439182,17.244471098537137
27001,2023,124888.73384561,CHOCO,QUIBDÓ,184.0,77280.0,1.6160550445860506,56.56192656051177
27001,2024,22034.64,CHOCO,QUIBDÓ,184.0,77280.0,0.2851273291925466,9.97945652173913
27001,2025,9372.47,CHOCO,QUIBDÓ,184.0,77280.0,0.12127937370600413,4.244778079710144
27006,2017,273213.62074077,,,0.0,0.0,,
27006,2023,3058.82,,,0.0,0.0,,
27050,2017,213606.02109155,CHOCO,ATRATO (Yuto),609.0,255780.0,0.835116197871413,29.229066925499453
27050,2018,215365.59084031,CHOCO,ATRATO (Yuto),609.0,255780.0,0.8419954290417937,29.469840016462783
27050,2019,185093.07768116,CHOCO,ATRATO (Yuto),609.0,255780.0,0.7236417142902495,25.327460000158734
27050,2020,170283.69030305,CHOCO,ATRATO (Yuto),609.0,255780.0,0.6657427879546877,23.30099757841407
27050,2021,215055.34483691,CHOCO,ATRATO (Yuto),609.0,255780.0,0.8407824882199937,29.42738708769978
27050,2022,132897.94000501,CHOCO,ATRATO (Yuto),609.0,255780.0,0.5195790914262647,18.185268199919268
27050,2023,261991.02161778,CHOCO,ATRATO (Yuto),609.0,255780.0,1.0242826711149426,35.84989348902299
27050,2024,167208.23,CHOCO,ATRATO (Yuto),609.0,255780.0,0.6537189381499727,22.880162835249042
27050,2025,32509.69,CHOCO,ATRATO (Yuto),609.0,255780.0,0.1271002032997107,4.448507115489874
27073,2017,1129.0416909,CHOCO,BAGADÓ,28.0,11760.0,0.09600694650510204,3.360243127678572
27073,2018,94.2895948,CHOCO,BAGADÓ,28.0,11760.0,0.00801782268707483,0.28062379404761906
27073,2020,37.55,CHOCO,BAGADÓ,28.0,11760.0,0.0031930272108843536,0.11175595238095237
27073,2021,1103.5202058,CHOCO,BAGADÓ,28.0,11760.0,0.09383675219387755,3.2842863267857143
27073,2022,6014.42006384,CHOCO,BAGADÓ,28.0,11760.0,0.511430277537415,17.900059713809522
27073,2023,3432.39619146,CHOCO,BAGADÓ,28.0,11760.0,0.29187042444387756,10.215464855535714
27135,2017,15996.30636457,CHOCO,EL CANTÓN DEL SAN PABLO (Managrú),1623.0,681660.0,0.023466693607619635,0.8213342762666872
27135,2018,186781.87405467,CHOCO,EL CANTÓN DEL SAN PABLO (Managrú),1623.0,681660.0,0.27401031900752576,9.5903611652634
27135,2019,639444.54955988,CHOCO,EL CANTÓN DEL SAN PABLO (Managrú),1623.0,681660.0,0.9380696381772146,32.83243733620251
27135,2020,1052541.34226915,CHOCO,EL CANTÓN DEL SAN PABLO (Managrú),1623.0,681660.0,1.5440855298376759,54.04299354431865
27135,2021,1917233.31205771,CHOCO,EL CANTÓN DEL SAN PABLO (Managrú),1623.0,681660.0,2.812594712991389,98.44081495469861
27135,2022,2272313.29969134,CHOCO,EL CANTÓN DEL SAN PABLO (Managrú),1623.0,681660.0,3.3334995447750195,116.6724840671257
27135,2023,1554449.60168029,CHOCO,EL CANTÓN DEL SAN PABLO (Managrú),1623.0,681660.0,2.2803884659218525,79.81359630726483
27135,2024,663273.5,CHOCO,EL CANTÓN DEL SAN PABLO (Managrú),1623.0,681660.0,0.9730268755684652,34.05594064489628
27135,2025,543168.39,CHOCO,EL CANTÓN DEL SAN PABLO (Managrú),1623.0,681660.0,0.7968318369861808,27.88911429451633
27150,2024,0.0,,,0.0,0.0,,
27160,2017,115629.59283221,CHOCO,CÉRTEGUI,1519.0,637980.0,0.18124328792785038,6.3435150774747635
27160,2018,29834.19021,CHOCO,CÉRTEGUI,1519.0,637980.0,0.04676351956174175,1.6367231846609611
27160,2019,21459.30105931,CHOCO,CÉRTEGUI,1519.0,637980.0,0.03363632254821468,1.177271289187514
27160,2020,75213.00557024,CHOCO,CÉRTEGUI,1519.0,637980.0,0.11789241915144676,4.1262346703006365
27160,2021,198130.6446794,CHOCO,CÉRTEGUI,1519.0,637980.0,0.31055933521332957,10.869576732466534
27160,2022,187727.06224519,CHOCO,CÉRTEGUI,1519.0,637980.0,0.29425226848050096,10.298829396817533
27160,2023,276299.501758,CHOCO,CÉRTEGUI,1519.0,637980.0,0.4330848956989247,15.157971349462365
27160,2024,1273966.54,CHOCO,CÉRTEGUI,1519.0,637980.0,1.9968753565942507,69.89063748079877
27160,2025,998446.31,CHOCO,CÉRTEGUI,1519.0,637980.0,1.5650119282736137,54.77541748957648
27205,2017,351910.55859103,CHOCO,CONDOTO,180.0,75600.0,4.654901568664418,162.92155490325464
27205,2018,496355.46791942,CHOCO,CONDOTO,180.0,75600.0,6.565548517452645,229.7941981108426
27205,2019,617665.84687894,CHOCO,CONDOTO,180.0,75600.0,8.17018315977434,285.95641059210186
27205,2020,524065.61134043,CHOCO,CONDOTO,180.0,75600.0,6.9320848060903435,242.62296821316204
27205,2021,240643.74717972,CHOCO,CONDOTO,180.0,75600.0,3.183118348938095,111.40914221283333
27205,2022,175609.91584133,CHOCO,CONDOTO,180.0,75600.0,2.322882484673677,81.30088696357869
27205,2023,150870.51096187,CHOCO,CONDOTO,180.0,75600.0,1.9956416793898146,69.84745877864351
27205,2024,63460.53,CHOCO,CONDOTO,180.0,75600.0,0.839425,29.379875
27205,2025,89500.99,CHOCO,CONDOTO,180.0,75600.0,1.1838755291005292,41.435643518518525
27245,2018,18.7141011,,,0.0,0.0,,
27245,2024,10643.0,,,0.0,0.0,,
27245,2025,4152.0,,,0.0,0.0,,
27250,2024,33.28,,,0.0,0.0,,
27361,2017,705996.95077175,CHOCO,ISTMINA,224.0,94080.0,7.504219289665709,262.6476751382998
27361,2018,331607.56304884,CHOCO,ISTMINA,224.0,94080.0,3.524740253495323,123.3659088723363
27361,2019,278048.75382015,CHOCO,ISTMINA,224.0,94080.0,2.9554501894148597,103.44075662952008
27361,2020,274426.12086627,CHOCO,ISTMINA,224.0,94080.0,2.9169443119288903,102.09305091751115
27361,2021,342377.4310476,CHOCO,ISTMINA,224.0,94080.0,3.639215891237245,127.37255619330357
27361,2022,315604.58803543,CHOCO,ISTMINA,224.0,94080.0,3.354640604118091,117.41242114413319
27361,2023,366095.7479848,CHOCO,ISTMINA,224.0,94080.0,3.891323851879252,136.1963348157738
27361,2024,185083.11,CHOCO,ISTMINA,224.0,94080.0,1.9672949617346938,68.85532366071428
27361,2025,76636.85,CHOCO,ISTMINA,224.0,94080.0,0.814592368197279,28.510732886904762
27413,2017,229620.52793875,CHOCO,LLORÓ,8077.0,3392340.0,0.06768794635524446,2.369078122433556
27413,2018,219548.78683043,CHOCO,LLORÓ,8077.0,3392340.0,0.06471898065359899,2.265164322875965
27413,2019,216309.00880692,CHOCO,LLORÓ,8077.0,3392340.0,0.06376395314352924,2.2317383600235234
27413,2020,284387.90365703,CHOCO,LLORÓ,8077.0,3392340.0,0.08383237047496124,2.9341329666236433
27413,2021,647263.58799854,CHOCO,LLORÓ,8077.0,3392340.0,0.19080150810312058,6.67805278360922
27413,2022,337092.841963,CHOCO,LLORÓ,8077.0,3392340.0,0.09936882563746559,3.4779088973112953
27413,2023,263707.82899112,CHOCO,LLORÓ,8077.0,3392340.0,0.0777362613980674,2.720769148932359
27413,2024,723317.63,CHOCO,LLORÓ,8077.0,3392340.0,0.21322085345218936,7.462729870826627
27413,2025,2105559.07,CHOCO,LLORÓ,8077.0,3392340.0,0.6206804359232859,21.72381525731501
27425,2017,165003.43813879,CHOCO,MEDIO ATRATO (Beté),3.0,1260.0,130.95510963396032,4583.428837188611
27425,2018,207254.69768029,CHOCO,MEDIO ATRATO (Beté),3.0,1260.0,164.48785530181746,5757.074935563611
27425,2019,116264.95415691,CHOCO,MEDIO ATRATO (Beté),3.0,1260.0,92.27377314040476,3229.5820599141666
27425,2020,80358.17912452,CHOCO,MEDIO ATRATO (Beté),3.0,1260.0,63.77633263850794,2232.171642347778
27425,2021,2050.03714204,CHOCO,MEDIO ATRATO (Beté),3.0,1260.0,1.627013604793651,56.94547616777778
27425,2022,100.0,CHOCO,MEDIO ATRATO (Beté),3.0,1260.0,0.07936507936507936,2.777777777777778
27425,2023,321.7,CHOCO,MEDIO ATRATO (Beté),3.0,1260.0,0.25531746031746033,8.936111111111112
27425,2024,13295.67,CHOCO,MEDIO ATRATO (Beté),3.0,1260.0,10.552119047619048,369.3241666666667
27425,2025,34.5,CHOCO,MEDIO ATRATO (Beté),3.0,1260.0,0.02738095238095238,0.9583333333333334
27430,2017,13.237461,,,0.0,0.0,,
27430,2021,227.23856868,,,0.0,0.0,,
27430,2024,46.8,,,0.0,0.0,,
27430,2025,66.45,,,0.0,0.0,,
27450,2017,25402.75647763,CHOCO,MEDIO SAN JUAN (Andagoya),2955.0,1241100.0,0.0204679368927806,0.7163777912473209
27450,2018,69288.99320511,CHOCO,MEDIO SAN JUAN (Andagoya),2955.0,1241100.0,0.05582869487157361,1.954004320505076
27450,2019,40529.00851796,CHOCO,MEDIO SAN JUAN (Andagoya),2955.0,1241100.0,0.03265571550879059,1.1429500428076707
27450,2020,31697.44225721,CHOCO,MEDIO SAN JUAN (Andagoya),2955.0,1241100.0,0.025539797161558297,0.8938929006545404
27450,2021,38718.07091494,CHOCO,MEDIO SAN JUAN (Andagoya),2955.0,1241100.0,0.0311965763556039,1.0918801724461364
27450,2022,19609.23331328,CHOCO,MEDIO SAN JUAN (Andagoya),2955.0,1241100.0,0.015799881809104827,0.552995863318669
27450,2023,14178.8192584,CHOCO,MEDIO SAN JUAN (Andagoya),2955.0,1241100.0,0.011424397114172912,0.3998538989960519
27450,2024,1160691.83,CHOCO,MEDIO SAN JUAN (Andagoya),2955.0,1241100.0,0.9352121746837484,32.73242611393119
27450,2025,1276820.52,CHOCO,MEDIO SAN JUAN (Andagoya),2955.0,1241100.0,1.0287813391346385,36.00734686971235
27491,2017,301929.85604309,CHOCO,NÓVITA,12.0,5040.0,59.906717468867065,2096.735111410347
27491,2018,64237.64776366,CHOCO,NÓVITA,12.0,5040.0,12.745565032472223,446.0947761365278
27491,2019,53680.31416289,CHOCO,NÓVITA,12.0,5040.0,10.650855984700396,372.77995946451387
27491,2020,98634.8751617,CHOCO,NÓVITA,12.0,5040.0,19.57041173843254,684.9644108451389
27491,2021,319462.94491456,CHOCO,NÓVITA,12.0,5040.0,63.38550494336508,2218.492673017778
27491,2022,597815.61360546,CHOCO,NÓVITA,12.0,5040.0,118.61420904870239,4151.497316704584
27491,2023,1840876.60202174,CHOCO,NÓVITA,12.0,5040.0,365.2532940519325,12783.86529181764
27491,2024,800780.47,CHOCO,NÓVITA,12.0,5040.0,158.8850138888889,5560.9754861111105
27491,2025,116717.76,CHOCO,NÓVITA,12.0,5040.0,23.158285714285714,810.54
27493,2024,64989.83,,,0.0,0.0,,
27493,2025,421230.03,,,0.0,0.0,,
27495,2022,40.0,,,0.0,0.0,,
27495,2023,148.555,,,0.0,0.0,,
27495,2024,75.94,,,0.0,0.0,,
27580,2017,13393.09175176,CHOCO,RIO IRÓ (Santa Rita),9.0,3780.0,3.543145966074074,124.01010881259259
27580,2018,16007.70108121,CHOCO,RIO IRÓ (Santa Rita),9.0,3780.0,4.234841555875661,148.21945445564816
27580,2019,16953.55932917,CHOCO,RIO IRÓ (Santa Rita),9.0,3780.0,4.485068605600529,156.97740119601852
27580,2020,20256.77654409,CHOCO,RIO IRÓ (Santa Rita),9.0,3780.0,5.3589355936746035,187.56274577861112
27580,2021,11996.17425648,CHOCO,RIO IRÓ (Santa Rita),9.0,3780.0,3.173591073142857,111.07568756
27580,2022,8713.36904208,CHOCO,RIO IRÓ (Santa Rita),9.0,3780.0,2.3051240852063493,80.67934298222222
27580,2023,7837.87308388,CHOCO,RIO IRÓ (Santa Rita),9.0,3780.0,2.073511397851852,72.57289892481482
27580,2024,4013.76,CHOCO,RIO IRÓ (Santa Rita),9.0,3780.0,1.0618412698412698,37.16444444444445
27580,2025,2554.97,CHOCO,RIO IRÓ (Santa Rita),9.0,3780.0,0.6759179894179894,23.657129629629626
27600,2017,148618.93820872,CHOCO,RIO QUITO (Paimadó),1.0,420.0,353.85461478266666,12384.911517393333
27600,2018,137081.19300593,CHOCO,RIO QUITO (Paimadó),1.0,420.0,326.3837928712619,11423.432750494167
27600,2019,106015.60483926,CHOCO,RIO QUITO (Paimadó),1.0,420.0,252.41810676014288,8834.633736605001
27600,2020,89037.42460236,CHOCO,RIO QUITO (Paimadó),1.0,420.0,211.99386810085713,7419.78538353
27600,2021,22076.55038145,CHOCO,RIO QUITO (Paimadó),1.0,420.0,52.56321519392857,1839.7125317875
27600,2022,7345.60495195,CHOCO,RIO QUITO (Paimadó),1.0,420.0,17.489535599880952,612.1337459958334
27600,2023,4104.13030115,CHOCO,RIO QUITO (Paimadó),1.0,420.0,9.771738812261905,342.0108584291667
27600,2024,1535.87,CHOCO,RIO QUITO (Paimadó),1.0,420.0,3.656833333333333,127.98916666666666
27600,2025,1504.6,CHOCO,RIO QUITO (Paimadó),1.0,420.0,3.582380952380952,125.38333333333333
27615,2017,7033.5189071,,,0.0,0.0,,
27660,2017,67.6650788,,,0.0,0.0,,
27745,2017,48579.93029356,CHOCO,SIPÍ,26.0,10920.0,4.448711565344322,155.70490478705128
27745,2018,21636.12331672,CHOCO,SIPÍ,26.0,10920.0,1.9813299740586081,69.34654909205129
27745,2019,7739.94745269,CHOCO,SIPÍ,26.0,10920.0,0.7087863967664836,24.807523886826925
27745,2020,10375.26660008,CHOCO,SIPÍ,26.0,10920.0,0.9501159890183151,33.254059615641026
27745,2021,49008.65690945,CHOCO,SIPÍ,26.0,10920.0,4.487972244455128,157.07902855592948
27745,2022,291403.30399296,CHOCO,SIPÍ,26.0,10920.0,26.68528424843956,933.9849486953848
27745,2023,577309.46334432,CHOCO,SIPÍ,26.0,10920.0,52.86716697292307,1850.3508440523076
27745,2024,169759.03,CHOCO,SIPÍ,26.0,10920.0,15.545698717948717,544.0994551282051
27745,2025,34017.23,CHOCO,SIPÍ,26.0,10920.0,3.1151309523809525,109.02958333333333
27787,2017,315275.38620196,CHOCO,TADÓ,46.0,19320.0,16.318601770287785,571.1510619600724
27787,2018,71366.51532981,CHOCO,TADÓ,46.0,19320.0,3.6939190129301243,129.28716545255435
27787,2019,14847.46745233,CHOCO,TADÓ,46.0,19320.0,0.7685024561247412,26.89758596436594
27787,2020,34170.60448529,CHOCO,TADÓ,46.0,19320.0,1.7686648284311595,61.90326899509058
27787,2021,81507.67082955,CHOCO,TADÓ,46.0,19320.0,4.218823541902174,147.65882396657608
27787,2022,97257.65177585,CHOCO,TADÓ,46.0,19320.0,5.034039946990165,176.19139814465578
27787,2023,193632.42804152,CHOCO,TADÓ,46.0,19320.0,10.022382403805384,350.78338413318846
27787,2024,83734.96,CHOCO,TADÓ,46.0,19320.0,4.334107660455487,151.69376811594205
27787,2025,14353.88,CHOCO,TADÓ,46.0,19320.0,0.7429544513457557,26.003405797101447
27800,2024,47.03,CHOCO,UNGUÍA,7.0,2940.0,0.015996598639455784,0.5598809523809524
27810,2017,55591.9574101,CHOCO,UNIÓN PANAMERICANA ( Animas),9386.0,3942120.0,0.014102045957530467,0.49357160851356635
27810,2018,193678.79661033,CHOCO,UNIÓN PANAMERICANA ( Animas),9386.0,3942120.0,0.049130619212588655,1.719571672440603
27810,2019,676953.435481,CHOCO,UNIÓN PANAMERICANA ( Animas),9386.0,3942120.0,0.17172319347990422,6.010311771796648
27810,2020,778152.38058237,CHOCO,UNIÓN PANAMERICANA ( Animas),9386.0,3942120.0,0.19739439199780068,6.908803719923024
27810,2021,718134.17723891,CHOCO,UNIÓN PANAMERICANA ( Animas),9386.0,3942120.0,0.18216953751760728,6.375933813116255
27810,2022,1100780.63372669,CHOCO,UNIÓN PANAMERICANA ( Animas),9386.0,3942120.0,0.27923569899614675,9.773249464865136
27810,2023,1936201.0243908,CHOCO,UNIÓN PANAMERICANA ( Animas),9386.0,3942120.0,0.4911573022614228,17.190505579149796
27810,2024,1825863.51,CHOCO,UNIÓN PANAMERICANA ( Animas),9386.0,3942120.0,0.4631679172627926,16.210877104197742
27810,2025,2404662.36,CHOCO,UNIÓN PANAMERICANA ( Animas),9386.0,3942120.0,0.609992176798271,21.34972618793948
41016,2017,66.503,HUILA,AIPE,21.0,8820.0,0.007540022675736962,0.26390079365079366
41016,2018,1395.5682,HUILA,AIPE,21.0,8820.0,0.15822768707482993,5.537969047619047
41016,2020,3356.95,HUILA,AIPE,21.0,8820.0,0.3806065759637188,13.321230158730158
41016,2021,34265.06097,HUILA,AIPE,21.0,8820.0,3.8849275476190477,135.97246416666667
41016,2022,17309.73,HUILA,AIPE,21.0,8820.0,1.9625544217687074,68.68940476190475
41298,2019,6910.1165,HUILA,GARZÓN,12.0,5040.0,1.371054861111111,47.986920138888884
41298,2021,24564.6396,HUILA,GARZÓN,12.0,5040.0,4.873936428571429,170.587775
41298,2022,11513.11,HUILA,GARZÓN,12.0,5040.0,2.2843472222222223,79.95215277777778
41298,2023,11972.75549,HUILA,GARZÓN,12.0,5040.0,2.375546724206349,83.14413534722222
41298,2024,4574.04,HUILA,GARZÓN,12.0,5040.0,0.907547619047619,31.764166666666668
41298,2025,3456.39,HUILA,GARZÓN,12.0,5040.0,0.6857916666666667,24.00270833333333
41306,2018,108.64,,,0.0,0.0,,
41349,2019,4243.3865,HUILA,HOBO,15.0,6300.0,0.6735534126984126,23.574369444444443
41524,2017,285.904,HUILA,PALERMO,46.0,19320.0,0.014798343685300207,0.5179420289855072
41524,2021,142.59,HUILA,PALERMO,46.0,19320.0,0.007380434782608696,0.25831521739130436
41791,2017,192.64418876,HUILA,TARQUI,10.0,4200.0,0.04586766399047619,1.6053682396666666
41791,2019,4450.8,HUILA,TARQUI,10.0,4200.0,1.0597142857142858,37.09
41791,2020,11244.0985,HUILA,TARQUI,10.0,4200.0,2.6771663095238094,93.70082083333334
41791,2021,10095.207,HUILA,TARQUI,10.0,4200.0,2.403620714285714,84.12672500000001
41797,2017,2597.61563802,HUILA,TESALIA,12.0,5040.0,0.5153999281785714,18.03899748625
41885,2018,11.18,HUILA,YAGUARÁ,10.0,4200.0,0.002661904761904762,0.09316666666666666
47245,2021,23.48505187,,,0.0,0.0,,
47605,2021,21.57,,,0.0,0.0,,
50223,2022,64.48,META,CUBARRAL,44.0,18480.0,0.0034891774891774893,0.12212121212121213
50223,2023,64.24,META,CUBARRAL,44.0,18480.0,0.003476190476190476,0.12166666666666666
50223,2025,3835.46,META,CUBARRAL,44.0,18480.0,0.20754653679653678,7.264128787878788
50330,2025,2807.57,META,MESETAS,29.0,12180.0,0.23050656814449919,8.067729885057473
52079,2017,800643.42175072,NARIÑO,BARBACOAS,726.0,304920.0,2.6257491202634133,91.90121920921946
52079,2018,258356.97253336,NARIÑO,BARBACOAS,726.0,304920.0,0.8472942822161879,29.655299877566577
52079,2019,221784.9865293,NARIÑO,BARBACOAS,726.0,304920.0,0.7273546718132624,25.457413513464186
52079,2020,157950.8355226,NARIÑO,BARBACOAS,726.0,304920.0,0.5180074626872623,18.13026119405418
52079,2021,64197.26932752,NARIÑO,BARBACOAS,726.0,304920.0,0.2105380733553719,7.368832567438016
52079,2022,59786.1143552,NARIÑO,BARBACOAS,726.0,304920.0,0.19607147565000654,6.862501647750229
52079,2023,91603.450068,NARIÑO,BARBACOAS,726.0,304920.0,0.30041797870916964,10.514629254820937
52079,2024,193711.39,NARIÑO,BARBACOAS,726.0,304920.0,0.6352859438541257,22.235008034894403
52079,2025,139917.41,NARIÑO,BARBACOAS,726.0,304920.0,0.4588659648432376,16.060308769513316
52233,2017,583.41902578,,,0.0,0.0,,
52250,2017,155436.28459844,NARIÑO,EL CHARCO,46.0,19320.0,8.045356345674948,281.58747209862315
52250,2018,194917.16294959,NARIÑO,EL CHARCO,46.0,19320.0,10.088880069854556,353.11080244490944
52250,2019,81126.79356782,NARIÑO,EL CHARCO,46.0,19320.0,4.19910939792029,146.96882892721015
52250,2020,121652.56504964,NARIÑO,EL CHARCO,46.0,19320.0,6.296716617476191,220.3850816116667
52250,2023,512.92,NARIÑO,EL CHARCO,46.0,19320.0,0.026548654244306417,0.9292028985507246
52250,2024,287.01,NARIÑO,EL CHARCO,46.0,19320.0,0.0148555900621118,0.5199456521739131
52385,2017,0.0,NARIÑO,LA LLANADA,116.0,48720.0,0.0,0.0
52385,2021,362.697348,NARIÑO,LA LLANADA,116.0,48720.0,0.00744452684729064,0.2605584396551724
52385,2022,208.95,NARIÑO,LA LLANADA,116.0,48720.0,0.004288793103448276,0.15010775862068965
52427,2017,450009.13102078,NARIÑO,MAGÜÍ (Payán),178.0,74760.0,6.01938377502381,210.67843212583333
52427,2018,67783.45,NARIÑO,MAGÜÍ (Payán),178.0,74760.0,0.9066807116104868,31.733824906367037
52427,2019,71602.19553946,NARIÑO,MAGÜÍ (Payán),178.0,74760.0,0.957760775006153,33.52162712521535
52427,2020,72121.89394601,NARIÑO,MAGÜÍ (Payán),178.0,74760.0,0.9647123320761102,33.76493162266386
52435,2017,5834.8031722,NARIÑO,MALLAMA (Piedrancha),21.0,8820.0,0.6615423097732426,23.15398084206349
52480,2018,24.56932842,,,0.0,0.0,,
52480,2019,483.09426674,,,0.0,0.0,,
52480,2020,402.89059621,,,0.0,0.0,,
52621,2017,120477.25262233,,,0.0,0.0,,
52621,2021,215907.864,,,0.0,0.0,,
52621,2022,316402.68,,,0.0,0.0,,
52621,2023,501799.55,,,0.0,0.0,,
52621,2024,62113.07,,,0.0,0.0,,
52621,2025,14221.16,,,0.0,0.0,,
52678,2017,7551.91474532,NARIÑO,SAMANIEGO,22.0,9240.0,0.8173067906190477,28.60573767166667
52685,2025,2546.9,,,0.0,0.0,,
52693,2017,170.81246,,,0.0,0.0,,
52696,2017,551347.1868066,NARIÑO,SANTA BÁRBARA (Iscuandé),281.0,118020.0,4.6716419827707165,163.50746939697507
52696,2018,29480.42678646,NARIÑO,SANTA BÁRBARA (Iscuandé),281.0,118020.0,0.24979178771784444,8.742712570124555
52696,2019,104181.94304528,NARIÑO,SANTA BÁRBARA (Iscuandé),281.0,118020.0,0.8827482040779528,30.89618714272835
52696,2020,62078.84346059,NARIÑO,SANTA BÁRBARA (Iscuandé),281.0,118020.0,0.5260027407269107,18.410095925441873
52696,2021,36693.0116,NARIÑO,SANTA BÁRBARA (Iscuandé),281.0,118020.0,0.3109050296559905,10.881676037959666
52696,2022,36170.15,NARIÑO,SANTA BÁRBARA (Iscuandé),281.0,118020.0,0.30647475004236574,10.7266162514828
52696,2023,52083.74,NARIÑO,SANTA BÁRBARA (Iscuandé),281.0,118020.0,0.4413128283341806,15.445948991696321
52696,2024,50302.07,NARIÑO,SANTA BÁRBARA (Iscuandé),281.0,118020.0,0.4262164887307236,14.917577105575326
52696,2025,13220.74,NARIÑO,SANTA BÁRBARA (Iscuandé),281.0,118020.0,0.11202118285036435,3.9207413997627523
52699,2017,0.0,NARIÑO,SANTA CRUZ (Guachavés),74.0,31080.0,0.0,0.0
52835,2017,601001.28744109,,,0.0,0.0,,
52835,2018,479647.3574234,,,0.0,0.0,,
52835,2019,502543.51351576,,,0.0,0.0,,
52835,2020,95272.02,,,0.0,0.0,,
52835,2021,13561.951,,,0.0,0.0,,
66001,2017,14.4312,RISARALDA,PEREIRA,17.0,7140.0,0.0020211764705882354,0.07074117647058824
66088,2017,15.462,RISARALDA,BELÉN DE UMBRÍA,6.0,2520.0,0.006135714285714286,0.21475
66088,2023,111.7,RISARALDA,BELÉN DE UMBRÍA,6.0,2520.0,0.04432539682539682,1.551388888888889
66088,2024,53.23,RISARALDA,BELÉN DE UMBRÍA,6.0,2520.0,0.021123015873015873,0.7393055555555555
66440,2017,1104.07724487,RISARALDA,MARSELLA,17.0,7140.0,0.15463266734873948,5.412143357205882
66456,2017,6617.7760212,RISARALDA,MISTRATÓ,9.0,3780.0,1.7507343971428573,61.2757039
66456,2018,7617.63,RISARALDA,MISTRATÓ,9.0,3780.0,2.015246031746032,70.53361111111111
66456,2019,4465.4,RISARALDA,MISTRATÓ,9.0,3780.0,1.1813227513227513,41.346296296296295
66456,2023,288.76,RISARALDA,MISTRATÓ,9.0,3780.0,0.07639153439153439,2.6737037037037035
66456,2024,936.63,RISARALDA,MISTRATÓ,9.0,3780.0,0.24778571428571428,8.6725
66572,2017,57.77634,RISARALDA,PUEBLO RICO,23.0,9660.0,0.005980987577639751,0.20933456521739127
66572,2023,389.23,RISARALDA,PUEBLO RICO,23.0,9660.0,0.040292960662525884,1.4102536231884057
66572,2024,136.89,RISARALDA,PUEBLO RICO,23.0,9660.0,0.014170807453416147,0.49597826086956515
66594,2017,110925.24356194,RISARALDA,QUINCHÍA,83.0,34860.0,3.182020756223179,111.37072646781125
66594,2018,153606.225139,RISARALDA,QUINCHÍA,83.0,34860.0,4.406374788841078,154.22311760943774
66594,2019,109472.13476158,RISARALDA,QUINCHÍA,83.0,34860.0,3.1403366254039016,109.91178188913655
66594,2020,109181.01290418,RISARALDA,QUINCHÍA,83.0,34860.0,3.1319854533614455,109.6194908676506
66594,2021,92150.42325801,RISARALDA,QUINCHÍA,83.0,34860.0,2.6434430079750433,92.52050527912651
66594,2022,59906.84850011,RISARALDA,QUINCHÍA,83.0,34860.0,1.7184982358034997,60.14743825312249
66594,2023,61298.41099561,RISARALDA,QUINCHÍA,83.0,34860.0,1.7584168386577739,61.54458935302208
66594,2024,24308.04,RISARALDA,QUINCHÍA,83.0,34860.0,0.6973046471600689,24.40566265060241
66594,2025,12484.73,RISARALDA,QUINCHÍA,83.0,34860.0,0.35813912794033276,12.534869477911647
68406,2024,1000.66,SANTANDER,LEBRIJA,14.0,5880.0,0.17018027210884354,5.956309523809524
68444,2021,149.93677,,,0.0,0.0,,
68444,2022,3712.98,,,0.0,0.0,,
68655,2024,653.35,SANTANDER,SABANA DE TORRES,82.0,34440.0,0.018970673635307782,0.6639735772357723
68780,2020,1093.79,SANTANDER,SURATÁ,7.0,2940.0,0.37203741496598636,13.021309523809522
68780,2021,1422.23518,SANTANDER,SURATÁ,7.0,2940.0,0.483753462585034,16.931371190476188
68780,2022,7451.3,SANTANDER,SURATÁ,7.0,2940.0,2.5344557823129255,88.70595238095238
68867,2022,17068.0,SANTANDER,VETAS,36.0,15120.0,1.1288359788359787,39.50925925925926
70771,2020,53319.42,SUCRE,SUCRE,606.0,254520.0,0.20949009900990098,7.332153465346534
70771,2021,108538.6205,SUCRE,SUCRE,606.0,254520.0,0.4264443678296401,14.925552874037406
70771,2022,52660.65934,SUCRE,SUCRE,606.0,254520.0,0.20690185187804494,7.241564815731572
70771,2023,70355.59,SUCRE,SUCRE,606.0,254520.0,0.27642460317460316,9.674861111111111
70771,2024,33863.07,SUCRE,SUCRE,606.0,254520.0,0.1330467939651108,4.656637788778878
70771,2025,95364.89,SUCRE,SUCRE,606.0,254520.0,0.3746852506679239,13.113983773377337
73001,2023,55264.17008675,TOLIMA,IBAGUÉ,46.0,19320.0,2.860464290204451,100.11625015715579
73067,2017,73836.127399,TOLIMA,ATACO,8.0,3360.0,21.97503791636905,769.1263270729168
73067,2019,5478.0,TOLIMA,ATACO,8.0,3360.0,1.6303571428571428,57.0625
73067,2020,20103.75031374,TOLIMA,ATACO,8.0,3360.0,5.983259021946429,209.41406576812503
73067,2021,14782.5224,TOLIMA,ATACO,8.0,3360.0,4.399560238095238,153.98460833333334
73067,2022,1678.93,TOLIMA,ATACO,8.0,3360.0,0.49968154761904765,17.488854166666666
73168,2017,36400.5885,TOLIMA,CHAPARRAL,12.0,5040.0,7.222338988095237,252.78186458333332
73168,2018,106699.63,TOLIMA,CHAPARRAL,12.0,5040.0,21.170561507936508,740.9696527777778
73168,2019,257029.692,TOLIMA,CHAPARRAL,12.0,5040.0,50.997954761904765,1784.9284166666666
73168,2020,238385.0,TOLIMA,CHAPARRAL,12.0,5040.0,47.298611111111114,1655.451388888889
73168,2021,231271.60487,TOLIMA,CHAPARRAL,12.0,5040.0,45.887223188492065,1606.0528115972222
73168,2022,64896.23628,TOLIMA,CHAPARRAL,12.0,5040.0,12.876237357142857,450.6683075
73168,2023,119718.71,TOLIMA,CHAPARRAL,12.0,5040.0,23.753712301587303,831.3799305555557
73168,2024,11859.83,TOLIMA,CHAPARRAL,12.0,5040.0,2.353140873015873,82.35993055555555
73168,2025,162.84,TOLIMA,CHAPARRAL,12.0,5040.0,0.03230952380952381,1.1308333333333334
73217,2017,1566.89931945,TOLIMA,COYAIMA,45.0,18900.0,0.08290472589682539,2.9016654063888887
73217,2018,25593.0,TOLIMA,COYAIMA,45.0,18900.0,1.354126984126984,47.394444444444446
73217,2019,109966.6,TOLIMA,COYAIMA,45.0,18900.0,5.818338624338625,203.64185185185184
73217,2020,61380.99,TOLIMA,COYAIMA,45.0,18900.0,3.2476714285714285,113.6685
73217,2021,108903.6,TOLIMA,COYAIMA,45.0,18900.0,5.762095238095238,201.67333333333332
73217,2022,73014.29,TOLIMA,COYAIMA,45.0,18900.0,3.8631899470899467,135.21164814814813
73217,2023,67063.08,TOLIMA,COYAIMA,45.0,18900.0,3.5483111111111114,124.19088888888889
73217,2024,9160.8,TOLIMA,COYAIMA,45.0,18900.0,0.4846984126984127,16.964444444444442
73270,2023,7595.43,TOLIMA,FALAN,1.0,420.0,18.084357142857144,632.9525
73408,2021,541.45,,,0.0,0.0,,
73408,2022,23864.03,,,0.0,0.0,,
73408,2023,27670.28,,,0.0,0.0,,
73408,2024,6751.34,,,0.0,0.0,,
73443,2021,1935.92,TOLIMA,MARIQUITA,4.0,1680.0,1.1523333333333334,40.33166666666667
73443,2022,31254.714629,TOLIMA,MARIQUITA,4.0,1680.0,18.60399680297619,651.1398881041666
73443,2023,34984.214,TOLIMA,MARIQUITA,4.0,1680.0,20.823936904761904,728.8377916666667
73443,2024,3817.96,TOLIMA,MARIQUITA,4.0,1680.0,2.272595238095238,79.54083333333334
73504,2021,3349.35,TOLIMA,ORTEGA,4.0,1680.0,1.9936607142857143,69.778125
73504,2022,29509.25,TOLIMA,ORTEGA,4.0,1680.0,17.56502976190476,614.7760416666666
73504,2023,35036.35,TOLIMA,ORTEGA,4.0,1680.0,20.854970238095238,729.9239583333333
73504,2024,6804.54,TOLIMA,ORTEGA,4.0,1680.0,4.050321428571428,141.76125
73861,2023,13071.4,TOLIMA,VENADILLO,20.0,8400.0,1.5561190476190476,54.464166666666664
73861,2024,909.9,TOLIMA,VENADILLO,20.0,8400.0,0.10832142857142857,3.79125
76109,2017,10479.5395912,VALLE,BUENAVENTURA,225.0,94500.0,0.11089459884867725,3.881310959703704
76109,2018,88820.21941314,VALLE,BUENAVENTURA,225.0,94500.0,0.9398965017263492,32.89637756042222
76109,2019,230270.42023646,VALLE,BUENAVENTURA,225.0,94500.0,2.436724023666243,85.28534082831852
76109,2020,80626.13425039,VALLE,BUENAVENTURA,225.0,94500.0,0.8531866058242328,29.861531203848145
76109,2021,17643.4084156,VALLE,BUENAVENTURA,225.0,94500.0,0.18670273455661374,6.534595709481482
76233,2017,1550.0891246,VALLE,DAGUA,4.0,1680.0,0.9226720979761905,32.29352342916667
76250,2023,198.98,,,0.0,0.0,,
76250,2024,110.93,,,0.0,0.0,,
76364,2017,179.5128,VALLE,JAMUNDÍ,19.0,7980.0,0.02249533834586466,0.7873368421052631
86320,2017,0.0,PUTUMAYO,ORITO,3.0,1260.0,0.0,0.0
86571,2017,36942.5816948,PUTUMAYO,PUERTO GUZMÁN,2.0,840.0,43.97926392238095,1539.2742372833334
86571,2019,2651.86,PUTUMAYO,PUERTO GUZMÁN,2.0,840.0,3.1569761904761906,110.49416666666667
94001,2018,42002.47652872,GUAINIA,INÍRIDA,1.0,420.0,100.00589649695237,3500.2063773933332
94001,2019,135189.03220661,GUAINIA,INÍRIDA,1.0,420.0,321.87864811097614,11265.752683884166
94001,2020,64252.69568064,GUAINIA,INÍRIDA,1.0,420.0,152.98260876342857,5354.39130672
94001,2021,105103.72798269,GUAINIA,INÍRIDA,1.0,420.0,250.24697138735715,8758.6439985575
94001,2022,55307.54830922,GUAINIA,INÍRIDA,1.0,420.0,131.6846388314762,4608.962359101667
94001,2023,59886.24671999,GUAINIA,INÍRIDA,1.0,420.0,142.5863017142619,4990.520559999167
94001,2024,9582.78,GUAINIA,INÍRIDA,1.0,420.0,22.816142857142857,798.565
99001,2018,3201.149,VICHADA,PUERTO CARREÑO,13.0,5460.0,0.5862910256410256,20.520185897435898
99001,2019,796.24,VICHADA,PUERTO CARREÑO,13.0,5460.0,0.14583150183150184,5.104102564102564
99001,2023,508.032,VICHADA,PUERTO CARREÑO,13.0,5460.0,0.09304615384615385,3.2566153846153845
