variable,familia,fuente,definicion,regla_de_ausencia
poblacion_total,denominador,DANE PPED 2018–2042,población proyectada del año,—
pct_rural,estructurales,DANE,población en centros poblados y rural disperso / total × 100,—
area_km2,estructurales,DANE MGN 2024,área del municipio,—
evoa_ha_por_100km2,estructurales,derivada,huella 2023 / área × 100,0 sin huella
minas_por_100km2,seguridad (Estado),derivada,minas intervenidas / área × 100,0 sin eventos
inscritos_por_10k,institucionales,derivada,barequeros inscritos / población × 10.000,0 sin inscritos
n_titulos_oro,institucionales,ANM RUCOM 42ha-fhvj,títulos de oro con explotador autorizado (foto ene-2025),0
n_solicitudes_oro,institucionales,ANM RUCOM 7amp-4swy,solicitudes de legalización de oro autorizadas,0
n_subcontratos_oro,institucionales,ANM RUCOM xzu3-gnau,subcontratos de formalización de oro autorizados,0
n_titulos_oro_con_anotacion_2023_2025,institucionales (control),ANM RMN si2v-pbq5,títulos de oro con anotación registral en la ventana,0
figuras_oro_rucom,institucionales,derivada,títulos + solicitudes + subcontratos,0
pdet,estructurales (contexto),ART idrk-ba8y,1 si el municipio es PDET,0
subregion_pdet,estructurales (contexto),ART,subregión PDET,NaN si no es PDET
