anio,trim,gramos,regalias_cop,municipios,precio_usd_onza,meses_precio,trm,precio_cop_gramo,t,precio_usd_l1,precio_cop_l1,precio_usd_l2,precio_cop_l2,precio_usd_l3,precio_cop_l3,precio_usd_l4,precio_cop_l4,periodo
2012,1,13518658.82,39034697614.82,156,1691.6066666666666,3.0,1797.9691333333333,97785.09945896323,8.0,1681.8,103846.49308465734,1701.3,98212.63498394495,1507.61,87176.5039003614,1386.1333333333332,83646.75044859722,2012T1
2012,2,16832013.03,46110628105.5,136,1612.3333333333333,3.0,1785.7540666666666,92569.41998272753,9.0,1691.6066666666666,97785.09945896323,1681.8,103846.49308465734,1701.3,98212.63498394495,1507.61,87176.5039003614,2012T2
2012,3,18762090.04,51331033716.25,133,1656.47,3.0,1797.8100333333332,95745.51440228915,10.0,1612.3333333333333,92569.41998272753,1691.6066666666666,97785.09945896323,1681.8,103846.49308465734,1701.3,98212.63498394495,2012T3
2012,4,17109838.080000002,51485817204.53,139,1717.6606666666667,3.0,1806.7129333333335,99774.04653182124,11.0,1656.47,95745.51440228915,1612.3333333333333,92569.41998272753,1691.6066666666666,97785.09945896323,1681.8,103846.49308465734,2012T4
2013,1,14855098.42,41429060200.08,136,1630.8366666666668,3.0,1791.0287666666666,93908.32422100085,12.0,1717.6606666666667,99774.04653182124,1656.47,95745.51440228915,1612.3333333333333,92569.41998272753,1691.6066666666666,97785.09945896323,2013T1
2013,2,14161224.33,35844312721.51,138,1415.08,3.0,1863.0988666666665,84763.31958627424,13.0,1630.8366666666668,93908.32422100085,1717.6606666666667,99774.04653182124,1656.47,95745.51440228915,1612.3333333333333,92569.41998272753,2013T2
2013,3,12805949.8,29343365297.780003,133,1328.6206666666667,3.0,1907.1015333333332,81464.02818280288,14.0,1415.08,84763.31958627424,1630.8366666666668,93908.32422100085,1717.6606666666667,99774.04653182124,1656.47,95745.51440228915,2013T3
2013,4,14166263.76,33406255553.07,136,1271.3166666666666,3.0,1914.1449,78238.33745123309,15.0,1328.6206666666667,81464.02818280288,1415.08,84763.31958627424,1630.8366666666668,93908.32422100085,1717.6606666666667,99774.04653182124,2013T4
2014,1,13858180.48,32770881766.03,126,1293.31,3.0,2008.6494333333333,83521.41515653109,16.0,1271.3166666666666,78238.33745123309,1328.6206666666667,81464.02818280288,1415.08,84763.31958627424,1630.8366666666668,93908.32422100085,2014T1
2014,2,12623507.86,30125959959.55,121,1288.7633333333333,3.0,1913.8353,79299.1978529873,17.0,1293.31,83521.41515653109,1271.3166666666666,78238.33745123309,1328.6206666666667,81464.02818280288,1415.08,84763.31958627424,2014T2
2014,3,13678765.38,30674895942.14,118,1280.7566666666667,3.0,1911.4764333333333,78709.40605482049,18.0,1288.7633333333333,79299.1978529873,1293.31,83521.41515653109,1271.3166666666666,78238.33745123309,1328.6206666666667,81464.02818280288,2014T3
2014,4,17740279.009999998,40207053566.35,118,1199.4799999999998,3.0,2176.413233333333,83931.58623085718,19.0,1280.7566666666667,78709.40605482049,1288.7633333333333,79299.1978529873,1293.31,83521.41515653109,1271.3166666666666,78238.33745123309,2014T4
2015,1,8455415.32,21911367917.079998,81,1218.82,3.0,2472.560033333333,96889.67054086163,20.0,1199.4799999999998,83931.58623085718,1280.7566666666667,78709.40605482049,1288.7633333333333,79299.1978529873,1293.31,83521.41515653109,2015T1
2015,2,16157383.43,45827394616.36,133,1193.0200000000002,3.0,2497.444633333333,95793.1942984372,21.0,1218.82,96889.67054086163,1199.4799999999998,83931.58623085718,1280.7566666666667,78709.40605482049,1288.7633333333333,79299.1978529873,2015T2
2015,3,16737483.77,51569302496.33,127,1123.67,3.0,2942.1275666666666,106289.74066450133,22.0,1193.0200000000002,95793.1942984372,1218.82,96889.67054086163,1199.4799999999998,83931.58623085718,1280.7566666666667,78709.40605482049,2015T3
2015,4,18317176.39,54637157070.28,126,1107.1433333333334,3.0,3060.2474333333334,108930.99076838397,23.0,1123.67,106289.74066450133,1193.0200000000002,95793.1942984372,1218.82,96889.67054086163,1199.4799999999998,83931.58623085718,2015T4
2016,1,16229476.25,55373961630.49,120,1180.8500000000001,3.0,3264.945933333334,123954.35501206308,24.0,1107.1433333333334,108930.99076838397,1123.67,106289.74066450133,1193.0200000000002,95793.1942984372,1218.82,96889.67054086163,2016T1
2016,2,16267497.47,57910031351.62,125,1259.8700000000001,3.0,2993.0970333333335,121237.67331971283,25.0,1180.8500000000001,123954.35501206308,1107.1433333333334,108930.99076838397,1123.67,106289.74066450133,1193.0200000000002,95793.1942984372,2016T2
2016,3,14549195.48,52397644182.65,113,1334.48,3.0,2949.1639,126532.48595256721,26.0,1259.8700000000001,121237.67331971283,1180.8500000000001,123954.35501206308,1107.1433333333334,108930.99076838397,1123.67,106289.74066450133,2016T3
2016,4,16198014.73,57051889935.35,132,1220.7533333333333,3.0,3015.3254333333334,118345.88774417799,27.0,1334.48,126532.48595256721,1259.8700000000001,121237.67331971283,1180.8500000000001,123954.35501206308,1107.1433333333334,108930.99076838397,2016T4
2017,1,11469514.34,35897800640.16,117,1219.24,3.0,2920.987966666666,114501.19841517736,28.0,1220.7533333333333,118345.88774417799,1334.48,126532.48595256721,1259.8700000000001,121237.67331971283,1180.8500000000001,123954.35501206308,2017T1
2017,2,12135858.18,38582470385.200005,101,1257.7266666666667,3.0,2919.540933333333,118057.04262226472,29.0,1219.24,114501.19841517736,1220.7533333333333,118345.88774417799,1334.48,126532.48595256721,1259.8700000000001,121237.67331971283,2017T2
2017,3,8963842.54,29153876172.66,106,1277.9833333333333,3.0,2976.417733333333,122295.4038449418,30.0,1257.7266666666667,118057.04262226472,1219.24,114501.19841517736,1220.7533333333333,118345.88774417799,1334.48,126532.48595256721,2017T3
2017,4,10685561.1,34001419554.12,99,1275.2866666666666,3.0,2987.6320666666666,122497.15245743131,31.0,1277.9833333333333,122295.4038449418,1257.7266666666667,118057.04262226472,1219.24,114501.19841517736,1220.7533333333333,118345.88774417799,2017T4
2018,1,7114539.76,20809726795.87,79,1328.8966666666668,3.0,2857.134133333333,122071.11283476265,32.0,1275.2866666666666,122497.15245743131,1277.9833333333333,122295.4038449418,1257.7266666666667,118057.04262226472,1219.24,114501.19841517736,2018T1
2018,2,9609348.38,29579125936.61,90,1306.5933333333332,3.0,2840.6938333333333,119331.72772101298,33.0,1328.8966666666668,122071.11283476265,1275.2866666666666,122497.15245743131,1277.9833333333333,122295.4038449418,1257.7266666666667,118057.04262226472,2018T2
2018,3,8961248.44,25985950768.27,82,1212.6033333333335,3.0,2958.3394000000003,115334.12295474742,34.0,1306.5933333333332,119331.72772101298,1328.8966666666668,122071.11283476265,1275.2866666666666,122497.15245743131,1277.9833333333333,122295.4038449418,2018T3
2018,4,10303187.78,31929849438.88,98,1228.8133333333335,3.0,3166.3539333333333,125093.98728480557,35.0,1212.6033333333335,115334.12295474742,1306.5933333333332,119331.72772101298,1328.8966666666668,122071.11283476265,1275.2866666666666,122497.15245743131,2018T4
2019,1,8904186.35,28956220509.28,86,1304.24,3.0,3133.6413666666667,131400.75761759642,36.0,1228.8133333333335,125093.98728480557,1212.6033333333335,115334.12295474742,1306.5933333333332,119331.72772101298,1328.8966666666668,122071.11283476265,2019T1
2019,2,8759427.89,30262968961.55,92,1309.55,3.0,3238.5820333333336,136354.05228240165,37.0,1304.24,131400.75761759642,1228.8133333333335,125093.98728480557,1212.6033333333335,115334.12295474742,1306.5933333333332,119331.72772101298,2019T2
2019,3,8970826.76,36192381044.45,109,1474.6266666666668,3.0,3339.447933333333,158324.38945983758,38.0,1309.55,136354.05228240165,1304.24,131400.75761759642,1228.8133333333335,125093.98728480557,1212.6033333333335,115334.12295474742,2019T3
2019,4,11642054.85,51573690815.799995,113,1481.5766666666666,3.0,3408.7350666666666,162370.99055182724,39.0,1474.6266666666668,158324.38945983758,1309.55,136354.05228240165,1304.24,131400.75761759642,1228.8133333333335,125093.98728480557,2019T4
2020,1,9533664.06,41584675814.29,105,1583.2333333333333,3.0,3540.7142999999996,180229.91254694713,40.0,1481.5766666666666,162370.99055182724,1474.6266666666668,158324.38945983758,1309.55,136354.05228240165,1304.24,131400.75761759642,2020T1
2020,2,10101149.61,58691911857.07,93,1710.4333333333334,3.0,3844.7479,211429.25624389792,41.0,1583.2333333333333,180229.91254694713,1481.5766666666666,162370.99055182724,1474.6266666666668,158324.38945983758,1309.55,136354.05228240165,2020T2
2020,3,14686131.3,93070547753.2,113,1912.3533333333335,3.0,3733.6015666666667,229555.21812769034,42.0,1710.4333333333334,211429.25624389792,1583.2333333333333,180229.91254694713,1481.5766666666666,162370.99055182724,1474.6266666666668,158324.38945983758,2020T3
2020,4,15205633.08,102578515778.06,118,1874.9966666666667,3.0,3659.3099666666662,220592.50912425682,43.0,1912.3533333333335,229555.21812769034,1710.4333333333334,211429.25624389792,1583.2333333333333,180229.91254694713,1481.5766666666666,162370.99055182724,2020T4
2021,1,11708948.46,68375582550.549995,118,1797.7933333333333,3.0,3559.187066666667,205722.42845017105,44.0,1874.9966666666667,220592.50912425682,1912.3533333333335,229555.21812769034,1710.4333333333334,211429.25624389792,1583.2333333333333,180229.91254694713,2021T1
2021,2,14660679.6,87064975646.7,110,1814.9566666666667,3.0,3695.214633333333,215623.94701587045,45.0,1797.7933333333333,205722.42845017105,1874.9966666666667,220592.50912425682,1912.3533333333335,229555.21812769034,1710.4333333333334,211429.25624389792,2021T2
2021,3,9292190.39,57857735050.75,101,1789.42,3.0,3848.1107666666667,221386.3875207889,46.0,1814.9566666666667,215623.94701587045,1797.7933333333333,205722.42845017105,1874.9966666666667,220592.50912425682,1912.3533333333335,229555.21812769034,2021T3
2021,4,22449169.54,135802245463.68001,132,1796.3466666666666,3.0,3881.7112666666667,224183.91164678772,47.0,1789.42,221386.3875207889,1814.9566666666667,215623.94701587045,1797.7933333333333,205722.42845017105,1874.9966666666667,220592.50912425682,2021T4
2022,1,12780686.32,83104806761.76001,116,1873.3833333333332,3.0,3915.5537000000004,235836.4336411313,48.0,1796.3466666666666,224183.91164678772,1789.42,221386.3875207889,1814.9566666666667,215623.94701587045,1797.7933333333333,205722.42845017105,2022T1
2022,2,10288429.6,68348380077.58,117,1873.9766666666667,3.0,3919.3483333333334,236139.75287822346,49.0,1873.3833333333332,235836.4336411313,1796.3466666666666,224183.91164678772,1789.42,221386.3875207889,1814.9566666666667,215623.94701587045,2022T2
2022,3,14223291.64,95427081896.4,117,1726.0266666666666,3.0,4384.422166666666,243304.940674385,50.0,1873.9766666666667,236139.75287822346,1873.3833333333332,235836.4336411313,1796.3466666666666,224183.91164678772,1789.42,221386.3875207889,2022T3
2022,4,17422583.12,121165064646.84999,122,1729.0233333333333,3.0,4814.034633333334,267609.2535258988,51.0,1726.0266666666666,243304.940674385,1873.9766666666667,236139.75287822346,1873.3833333333332,235836.4336411313,1796.3466666666666,224183.91164678772,2022T4
2023,1,14235661.38,114825987384.89,114,1888.3266666666666,3.0,4753.3009,288578.1837791416,52.0,1729.0233333333333,267609.2535258988,1726.0266666666666,243304.940674385,1873.9766666666667,236139.75287822346,1873.3833333333332,235836.4336411313,2023T1
2023,2,14854020.13,124260458052.67,117,1978.2666666666667,3.0,4427.9718,281631.1844880313,53.0,1888.3266666666666,288578.1837791416,1729.0233333333333,267609.2535258988,1726.0266666666666,243304.940674385,1873.9766666666667,236139.75287822346,2023T2
2023,3,15622329.85,118045233122.63,113,1928.5566666666666,3.0,4045.4504333333334,250836.279591565,54.0,1978.2666666666667,281631.1844880313,1888.3266666666666,288578.1837791416,1729.0233333333333,267609.2535258988,1726.0266666666666,243304.940674385,2023T3
2023,4,16622588.56,122084965112.67,118,1975.5133333333333,3.0,4070.2356,258517.87404062814,55.0,1928.5566666666666,250836.279591565,1978.2666666666667,281631.1844880313,1888.3266666666666,288578.1837791416,1729.0233333333333,267609.2535258988,2023T4
2024,1,12609718.47,93681602431.42,97,2071.7633333333333,3.0,3921.3632666666667,261197.05796235046,56.0,1975.5133333333333,258517.87404062814,1928.5566666666666,250836.279591565,1978.2666666666667,281631.1844880313,1888.3266666666666,288578.1837791416,2024T1
2024,2,10751371.03,87002200211.51,99,2336.34,3.0,3929.6069,295172.7179498467,57.0,2071.7633333333333,261197.05796235046,1975.5133333333333,258517.87404062814,1928.5566666666666,250836.279591565,1978.2666666666667,281631.1844880313,2024T2
2024,3,16744667.6,151935150911.25,100,2479.633333333333,3.0,4097.024166666667,326623.2182486715,58.0,2336.34,295172.7179498467,2071.7633333333333,261197.05796235046,1975.5133333333333,258517.87404062814,1928.5566666666666,250836.279591565,2024T3
2024,4,16627226.459999999,173594446656.83,99,2663.0733333333333,3.0,4351.375233333333,372563.85907369404,59.0,2479.633333333333,326623.2182486715,2336.34,295172.7179498467,2071.7633333333333,261197.05796235046,1975.5133333333333,258517.87404062814,2024T4
2025,1,13195203.55,128621510130.47,94,2862.556666666667,3.0,4186.448066666667,385292.77289317205,60.0,2663.0733333333333,372563.85907369404,2479.633333333333,326623.2182486715,2336.34,295172.7179498467,2071.7633333333333,261197.05796235046,2025T1
2025,2,11337327.49,128866655987.45,94,3293.263333333333,3.0,4196.312333333332,444309.2208450827,61.0,2862.556666666667,385292.77289317205,2663.0733333333333,372563.85907369404,2479.633333333333,326623.2182486715,2336.34,295172.7179498467,2025T2
2025,3,12359771.74,144938202817.05,98,3458.6200000000003,3.0,4004.8161333333333,445324.40100295586,62.0,3293.263333333333,444309.2208450827,2862.556666666667,385292.77289317205,2663.0733333333333,372563.85907369404,2479.633333333333,326623.2182486715,2025T3
2025,4,14259341.120000001,185600088555.65,92,4151.583333333333,3.0,3819.552133333333,509820.4641078724,63.0,3458.6200000000003,445324.40100295586,3293.263333333333,444309.2208450827,2862.556666666667,385292.77289317205,2663.0733333333333,372563.85907369404,2025T4
2026,1,17165725.63,256661334944.34,105,4876.086666666667,3.0,3695.5725,579354.2602590974,64.0,4151.583333333333,509820.4641078724,3458.6200000000003,445324.40100295586,3293.263333333333,444309.2208450827,2862.556666666667,385292.77289317205,2026T1
2026,2,12105420.91,171725887389.63,91,4654.3150000000005,2.0,3609.8275,540173.5114275875,65.0,4876.086666666667,579354.2602590974,4151.583333333333,509820.4641078724,3458.6200000000003,445324.40100295586,3293.263333333333,444309.2208450827,2026T2
2026,3,5041608.59,71915201940.99,86,,,,,,,,,,,,,,2026T3
