departamento,evoa_ha_2020,evoa_ha_2021,evoa_ha_2022,evoa_ha_2023
Antioquia,40890,37588,35332,41119
Choco,36552,38980,37841,40109
Bolivar,10583,9472,7769,7841
Cordoba,4975,4580,5136,5744
Narino,3374,3764,4236,4853
Cauca,2807,2732,2774,3562
Putumayo,405,526,582,697
Valle del Cauca,765,575,643,591
Guainia,185,151,162,198
Caqueta,78,101,134,181
Caldas,112,69,77,96
Tolima,27,28,41,57
Amazonas,0,0,0,7
La Guajira,0,2,6,5
Guaviare,0,0,0,0
Vaupes,0,0,0,0
Vichada,0,0,0,0
TOTAL_NACIONAL,100752,98567,94733,105060
