"a_o","codigo_departamento","departamento","hectareas_con_permisos","hectareas_en_transito_a","hectareas_explotacion_ilicita","total_evidencia_explotacion"
"2018","5","ANTIOQUIA","16186.547037","1633.054856","18627.422655","36447.024548"
"2018","13","BOYACA","3359.042753","1124.847478","4428.770275","8912.660506"
"2018","17","CALDAS","0","0","70.0425","70.0425"
"2018","18","CAQUETÁ","0","0","50.220005","50.220005"
"2018","19","CAUCA","609.789852","307.918841","2085.951305","3003.659998"
"2018","27","CHOCÓ","5486.696362","3523.736199","26183.144992","35193.577553"
"2018","23","CÓRDOBA","154.282969","13.551232","3814.620791","3982.454992"
"2018","94","GUAINÍA","0","0","138.802506","138.802506"
"2018","52","NARIÑO","0","312.460195","2608.872291","2921.332486"
"2018","86","PUTUMAYO","5.959686","73.344332","357.960996","437.265014"
"2018","76","VALLE DEL CAUCA","0","0","889.019992","889.019992"
"2019","5","ANTIOQUIA","17799.238713","1658.203768","20744.042756","40201.485237"
"2019","13","BOYACA","3593.774282","1248.93655","5799.249693","10641.960525"
"2019","17","CALDAS","30.718474","0","86.147589","116.866063"
"2019","18","CAQUETÁ","0","0","53.099995","53.099995"
"2019","19","CAUCA","684.002512","127.990421","1885.194582","2697.187515"
"2019","27","CHOCÓ","4241.057392","3321.189617","27543.197924","35105.444933"
"2019","23","CÓRDOBA","232.286628","20.639962","4723.268982","4976.195572"
"2019","94","GUAINÍA","0","0","134.819999","134.819999"
"2019","52","NARIÑO","0","308.97762","2862.239841","3171.217461"
"2019","86","PUTUMAYO","6.056318","0","285.048684","291.105002"
"2019","73","TOLIMA","27.584093","0","2.543402","30.127495"
"2019","76","VALLE DEL CAUCA","0","0","608.040003","608.040003"
"2020","5","ANTIOQUIA","19240.998973","1806.249069","19842.333019","40889.5810609999"
"2020","13","BOYACA","1786.00411","352.97588","8443.961287","10582.941277"
"2020","17","CALDAS","30.740344","0","81.06322","111.803564"
"2020","18","CAQUETÁ","0","0","78.322495","78.322495"
"2020","19","CAUCA","0","351.353913","2455.948577","2807.30249"
"2020","27","CHOCÓ","3145.720012","3528.35513","29877.624804","36551.6999459999"
"2020","23","CÓRDOBA","78.390333","347.618587","4548.61253","4974.62145"
"2020","94","GUAINÍA","0","0","184.814988","184.814988"
"2020","52","NARIÑO","359.026584","466.579984","2548.538409","3374.144977"
"2020","86","PUTUMAYO","11.155138","23.075325","370.342033","404.572496"
"2020","73","TOLIMA","25.021319","0","2.068678","27.089997"
"2020","76","VALLE DEL CAUCA","0","0","764.730008","764.730008"
